
==============================================================================
Insights Repetition Run
==============================================================================
run_id      : 20260617_220034_trs-deepmath_oracle_ollama_qwen2.5:7b_k1-2
output      : results/20260617_220034_trs-deepmath_oracle_ollama_qwen2.5:7b_k1-2
dataset     : trs-deepmath
mode        : oracle
provider    : ollama
model       : qwen2.5:7b
items       : 2000
repeats     : 1
k_values    : [1, 2]
calls       : 4000
parallel    : 6 workers
------------------------------------------------------------------------------
[item 1/2000 | repeat 1] q_99644 skill=q_99644 topic=Mathematics -> Precalculus -> Trigonometric F...
  -> call 1/4000: q=q_99644 k=1 prompt_chars=1634
  -> call 2/4000: q=q_99644 k=2 prompt_chars=2957
[item 2/2000 | repeat 1] q_50118 skill=q_50118 topic=Mathematics -> Calculus -> Integral Calculus ...
  -> call 3/4000: q=q_50118 k=1 prompt_chars=2275
  -> call 4/4000: q=q_50118 k=2 prompt_chars=4239
[item 3/2000 | repeat 1] q_15579 skill=q_15579 topic=Mathematics -> Algebra -> Linear Algebra -> M...
  -> call 5/4000: q=q_15579 k=1 prompt_chars=2801
  -> call 6/4000: q=q_15579 k=2 prompt_chars=5291
[item 4/2000 | repeat 1] q_61923 skill=q_61923 topic=Mathematics -> Geometry -> Differential Geome...
  -> call 7/4000: q=q_61923 k=1 prompt_chars=2099
  -> call 8/4000: q=q_61923 k=2 prompt_chars=3887
[item 5/2000 | repeat 1] q_33899 skill=q_33899 topic=Mathematics -> Calculus -> Integral Calculus ...
  -> call 9/4000: q=q_33899 k=1 prompt_chars=2097
  -> call 10/4000: q=q_33899 k=2 prompt_chars=3883
[item 6/2000 | repeat 1] q_84156 skill=q_84156 topic=Mathematics -> Algebra -> Linear Algebra -> M...
  -> call 11/4000: q=q_84156 k=1 prompt_chars=1807
  -> call 12/4000: q=q_84156 k=2 prompt_chars=3303
[item 7/2000 | repeat 1] q_84205 skill=q_84205 topic=Mathematics -> Precalculus -> Limits
  -> call 13/4000: q=q_84205 k=1 prompt_chars=2083
  -> call 14/4000: q=q_84205 k=2 prompt_chars=3855
[item 8/2000 | repeat 1] q_22347 skill=q_22347 topic=Mathematics -> Number Theory -> Prime Numbers
  -> call 15/4000: q=q_22347 k=1 prompt_chars=1874
  -> call 16/4000: q=q_22347 k=2 prompt_chars=3437
[item 9/2000 | repeat 1] q_13421 skill=q_13421 topic=Mathematics -> Discrete Mathematics -> Graph ...
  -> call 17/4000: q=q_13421 k=1 prompt_chars=2259
  -> call 18/4000: q=q_13421 k=2 prompt_chars=4207
[item 10/2000 | repeat 1] q_56668 skill=q_56668 topic=Mathematics -> Calculus -> Differential Calcu...
  -> call 19/4000: q=q_56668 k=1 prompt_chars=1780
  -> call 20/4000: q=q_56668 k=2 prompt_chars=3249
[item 11/2000 | repeat 1] q_91283 skill=q_91283 topic=Mathematics -> Calculus -> Integral Calculus ...
  -> call 21/4000: q=q_91283 k=1 prompt_chars=2167
  -> call 22/4000: q=q_91283 k=2 prompt_chars=4023
[item 12/2000 | repeat 1] q_83403 skill=q_83403 topic=Mathematics -> Calculus -> Differential Calcu...
  -> call 23/4000: q=q_83403 k=1 prompt_chars=1671
  -> call 24/4000: q=q_83403 k=2 prompt_chars=3031
[item 13/2000 | repeat 1] q_28539 skill=q_28539 topic=Mathematics -> Applied Mathematics -> Statist...
  -> call 25/4000: q=q_28539 k=1 prompt_chars=2442
  -> call 26/4000: q=q_28539 k=2 prompt_chars=4573
[item 14/2000 | repeat 1] q_65601 skill=q_65601 topic=Mathematics -> Calculus -> Differential Calcu...
  -> call 27/4000: q=q_65601 k=1 prompt_chars=2598
  -> call 28/4000: q=q_65601 k=2 prompt_chars=4885
[item 15/2000 | repeat 1] q_102024 skill=q_102024 topic=Mathematics -> Algebra -> Intermediate Algebr...
  -> call 29/4000: q=q_102024 k=1 prompt_chars=1857
  -> call 30/4000: q=q_102024 k=2 prompt_chars=3403
[item 16/2000 | repeat 1] q_74329 skill=q_74329 topic=Mathematics -> Calculus -> Integral Calculus ...
  -> call 31/4000: q=q_74329 k=1 prompt_chars=1952
  -> call 32/4000: q=q_74329 k=2 prompt_chars=3593
[item 17/2000 | repeat 1] q_89513 skill=q_89513 topic=Mathematics -> Geometry -> Plane Geometry -> ...
  -> call 33/4000: q=q_89513 k=1 prompt_chars=2718
  -> call 34/4000: q=q_89513 k=2 prompt_chars=5125
[item 18/2000 | repeat 1] q_23983 skill=q_23983 topic=Mathematics -> Algebra -> Intermediate Algebr...
  -> call 35/4000: q=q_23983 k=1 prompt_chars=2386
  -> call 36/4000: q=q_23983 k=2 prompt_chars=4461
[item 19/2000 | repeat 1] q_96156 skill=q_96156 topic=Mathematics -> Applied Mathematics -> Math Wo...
  -> call 37/4000: q=q_96156 k=1 prompt_chars=1934
  -> call 38/4000: q=q_96156 k=2 prompt_chars=3557
[item 20/2000 | repeat 1] q_56991 skill=q_56991 topic=Mathematics -> Discrete Mathematics -> Combin...
  -> call 39/4000: q=q_56991 k=1 prompt_chars=1957
  -> call 40/4000: q=q_56991 k=2 prompt_chars=3603
[item 21/2000 | repeat 1] q_92773 skill=q_92773 topic=Mathematics -> Discrete Mathematics -> Combin...
  -> call 41/4000: q=q_92773 k=1 prompt_chars=1994
  -> call 42/4000: q=q_92773 k=2 prompt_chars=3677
[item 22/2000 | repeat 1] q_13778 skill=q_13778 topic=Mathematics -> Algebra -> Abstract Algebra ->...
  -> call 43/4000: q=q_13778 k=1 prompt_chars=2049
  -> call 44/4000: q=q_13778 k=2 prompt_chars=3787
[item 23/2000 | repeat 1] q_57521 skill=q_57521 topic=Mathematics -> Algebra -> Abstract Algebra ->...
  -> call 45/4000: q=q_57521 k=1 prompt_chars=1857
  -> call 46/4000: q=q_57521 k=2 prompt_chars=3403
[item 24/2000 | repeat 1] q_39536 skill=q_39536 topic=Mathematics -> Number Theory -> Prime Numbers
  -> call 47/4000: q=q_39536 k=1 prompt_chars=1810
  -> call 48/4000: q=q_39536 k=2 prompt_chars=3309
[item 25/2000 | repeat 1] q_66611 skill=q_66611 topic=Mathematics -> Number Theory -> Congruences
  -> call 49/4000: q=q_66611 k=1 prompt_chars=1975
  -> call 50/4000: q=q_66611 k=2 prompt_chars=3639
[item 26/2000 | repeat 1] q_101163 skill=q_101163 topic=Mathematics -> Algebra -> Linear Algebra -> V...
  -> call 51/4000: q=q_101163 k=1 prompt_chars=1664
  -> call 52/4000: q=q_101163 k=2 prompt_chars=3017
[item 27/2000 | repeat 1] q_87848 skill=q_87848 topic=Mathematics -> Number Theory -> Divisibility
  -> call 53/4000: q=q_87848 k=1 prompt_chars=1969
  -> call 54/4000: q=q_87848 k=2 prompt_chars=3627
[item 28/2000 | repeat 1] q_64935 skill=q_64935 topic=Mathematics -> Precalculus -> Limits
  -> call 55/4000: q=q_64935 k=1 prompt_chars=2023
  -> call 56/4000: q=q_64935 k=2 prompt_chars=3735
[item 29/2000 | repeat 1] q_13397 skill=q_13397 topic=Mathematics -> Calculus -> Differential Calcu...
  -> call 57/4000: q=q_13397 k=1 prompt_chars=2198
  -> call 58/4000: q=q_13397 k=2 prompt_chars=4085
[item 30/2000 | repeat 1] q_75455 skill=q_75455 topic=Mathematics -> Geometry -> Plane Geometry -> ...
  -> call 59/4000: q=q_75455 k=1 prompt_chars=2130
  -> call 60/4000: q=q_75455 k=2 prompt_chars=3949
[item 31/2000 | repeat 1] q_45077 skill=q_45077 topic=Mathematics -> Calculus -> Integral Calculus ...
  -> call 61/4000: q=q_45077 k=1 prompt_chars=1255
  -> call 62/4000: q=q_45077 k=2 prompt_chars=2199
[item 32/2000 | repeat 1] q_2871 skill=q_2871 topic=Mathematics -> Algebra -> Linear Algebra -> V...
  -> call 63/4000: q=q_2871 k=1 prompt_chars=1852
  -> call 64/4000: q=q_2871 k=2 prompt_chars=3393
[item 33/2000 | repeat 1] q_54795 skill=q_54795 topic=Mathematics -> Precalculus -> Trigonometric F...
  -> call 65/4000: q=q_54795 k=1 prompt_chars=2094
  -> call 66/4000: q=q_54795 k=2 prompt_chars=3877
[item 34/2000 | repeat 1] q_22099 skill=q_22099 topic=Mathematics -> Calculus -> Differential Calcu...
  -> call 67/4000: q=q_22099 k=1 prompt_chars=1854
  -> call 68/4000: q=q_22099 k=2 prompt_chars=3397
[item 35/2000 | repeat 1] q_20029 skill=q_20029 topic=Mathematics -> Precalculus -> Limits
  -> call 69/4000: q=q_20029 k=1 prompt_chars=1989
  -> call 70/4000: q=q_20029 k=2 prompt_chars=3667
[item 36/2000 | repeat 1] q_84974 skill=q_84974 topic=Mathematics -> Applied Mathematics -> Statist...
  -> call 71/4000: q=q_84974 k=1 prompt_chars=2388
  -> call 72/4000: q=q_84974 k=2 prompt_chars=4465
[item 37/2000 | repeat 1] q_95461 skill=q_95461 topic=Mathematics -> Number Theory -> Other
  -> call 73/4000: q=q_95461 k=1 prompt_chars=2163
  -> call 74/4000: q=q_95461 k=2 prompt_chars=4015
[item 38/2000 | repeat 1] q_24927 skill=q_24927 topic=Mathematics -> Algebra -> Abstract Algebra ->...
  -> call 75/4000: q=q_24927 k=1 prompt_chars=2019
  -> call 76/4000: q=q_24927 k=2 prompt_chars=3727
[item 39/2000 | repeat 1] q_94046 skill=q_94046 topic=Mathematics -> Geometry -> Plane Geometry -> ...
  -> call 77/4000: q=q_94046 k=1 prompt_chars=1912
  -> call 78/4000: q=q_94046 k=2 prompt_chars=3513
[item 40/2000 | repeat 1] q_48760 skill=q_48760 topic=Mathematics -> Algebra -> Algebra -> Equation...
  -> call 79/4000: q=q_48760 k=1 prompt_chars=2001
  -> call 80/4000: q=q_48760 k=2 prompt_chars=3691
[item 41/2000 | repeat 1] q_13409 skill=q_13409 topic=Mathematics -> Algebra -> Linear Algebra -> M...
  -> call 81/4000: q=q_13409 k=1 prompt_chars=2736
  -> call 82/4000: q=q_13409 k=2 prompt_chars=5161
[item 42/2000 | repeat 1] q_27334 skill=q_27334 topic=Mathematics -> Precalculus -> Limits
  -> call 83/4000: q=q_27334 k=1 prompt_chars=2108
  -> call 84/4000: q=q_27334 k=2 prompt_chars=3905
[item 43/2000 | repeat 1] q_39052 skill=q_39052 topic=Mathematics -> Other
  -> call 85/4000: q=q_39052 k=1 prompt_chars=2273
  -> call 86/4000: q=q_39052 k=2 prompt_chars=4235
[item 44/2000 | repeat 1] q_71882 skill=q_71882 topic=Mathematics -> Calculus -> Differential Calcu...
  -> call 87/4000: q=q_71882 k=1 prompt_chars=1944
  -> call 88/4000: q=q_71882 k=2 prompt_chars=3577
[item 45/2000 | repeat 1] q_1335 skill=q_1335 topic=Mathematics -> Other
  -> call 89/4000: q=q_1335 k=1 prompt_chars=3030
  -> call 90/4000: q=q_1335 k=2 prompt_chars=5749
[item 46/2000 | repeat 1] q_30615 skill=q_30615 topic=Mathematics -> Algebra -> Abstract Algebra ->...
  -> call 91/4000: q=q_30615 k=1 prompt_chars=2019
  -> call 92/4000: q=q_30615 k=2 prompt_chars=3727
[item 47/2000 | repeat 1] q_21565 skill=q_21565 topic=Mathematics -> Discrete Mathematics -> Combin...
  -> call 93/4000: q=q_21565 k=1 prompt_chars=2587
  -> call 94/4000: q=q_21565 k=2 prompt_chars=4863
[item 48/2000 | repeat 1] q_49330 skill=q_49330 topic=Mathematics -> Calculus -> Integral Calculus ...
  -> call 95/4000: q=q_49330 k=1 prompt_chars=1813
  -> call 96/4000: q=q_49330 k=2 prompt_chars=3315
[item 49/2000 | repeat 1] q_66262 skill=q_66262 topic=Mathematics -> Algebra -> Abstract Algebra ->...
  -> call 97/4000: q=q_66262 k=1 prompt_chars=2504
  -> call 98/4000: q=q_66262 k=2 prompt_chars=4697
[item 50/2000 | repeat 1] q_30525 skill=q_30525 topic=Mathematics -> Discrete Mathematics -> Algori...
  -> call 99/4000: q=q_30525 k=1 prompt_chars=2125
  -> call 100/4000: q=q_30525 k=2 prompt_chars=3939
[item 51/2000 | repeat 1] q_51362 skill=q_51362 topic=Mathematics -> Algebra -> Algebra -> Polynomi...
  -> call 101/4000: q=q_51362 k=1 prompt_chars=2155
  -> call 102/4000: q=q_51362 k=2 prompt_chars=3999
[item 52/2000 | repeat 1] q_15009 skill=q_15009 topic=Mathematics -> Applied Mathematics -> Statist...
  -> call 103/4000: q=q_15009 k=1 prompt_chars=2382
  -> call 104/4000: q=q_15009 k=2 prompt_chars=4453
[item 53/2000 | repeat 1] q_73354 skill=q_73354 topic=Mathematics -> Calculus -> Integral Calculus ...
  -> call 105/4000: q=q_73354 k=1 prompt_chars=2241
  -> call 106/4000: q=q_73354 k=2 prompt_chars=4171
[item 54/2000 | repeat 1] q_16594 skill=q_16594 topic=Mathematics -> Applied Mathematics -> Statist...
  -> call 107/4000: q=q_16594 k=1 prompt_chars=2537
  -> call 108/4000: q=q_16594 k=2 prompt_chars=4763
[item 55/2000 | repeat 1] q_55906 skill=q_55906 topic=Mathematics -> Calculus -> Integral Calculus ...
  -> call 109/4000: q=q_55906 k=1 prompt_chars=2386
  -> call 110/4000: q=q_55906 k=2 prompt_chars=4461
[item 56/2000 | repeat 1] q_30114 skill=q_30114 topic=Mathematics -> Algebra -> Intermediate Algebr...
  -> call 111/4000: q=q_30114 k=1 prompt_chars=2107
  -> call 112/4000: q=q_30114 k=2 prompt_chars=3903
[item 57/2000 | repeat 1] q_59857 skill=q_59857 topic=Mathematics -> Calculus -> Differential Calcu...
  -> call 113/4000: q=q_59857 k=1 prompt_chars=2255
  -> call 114/4000: q=q_59857 k=2 prompt_chars=4199
[item 58/2000 | repeat 1] q_84127 skill=q_84127 topic=Mathematics -> Algebra -> Linear Algebra -> M...
  -> call 115/4000: q=q_84127 k=1 prompt_chars=2043
  -> call 116/4000: q=q_84127 k=2 prompt_chars=3775
[item 59/2000 | repeat 1] q_85828 skill=q_85828 topic=Mathematics -> Algebra -> Other
  -> call 117/4000: q=q_85828 k=1 prompt_chars=2120
  -> call 118/4000: q=q_85828 k=2 prompt_chars=3929
[item 60/2000 | repeat 1] q_47614 skill=q_47614 topic=Mathematics -> Algebra -> Abstract Algebra ->...
  -> call 119/4000: q=q_47614 k=1 prompt_chars=2143
  -> call 120/4000: q=q_47614 k=2 prompt_chars=3975
[item 61/2000 | repeat 1] q_28890 skill=q_28890 topic=Mathematics -> Geometry -> Differential Geome...
  -> call 121/4000: q=q_28890 k=1 prompt_chars=1789
  -> call 122/4000: q=q_28890 k=2 prompt_chars=3267
[item 62/2000 | repeat 1] q_29914 skill=q_29914 topic=Mathematics -> Algebra -> Abstract Algebra ->...
  -> call 123/4000: q=q_29914 k=1 prompt_chars=2212
  -> call 124/4000: q=q_29914 k=2 prompt_chars=4113
[item 63/2000 | repeat 1] q_38100 skill=q_38100 topic=Mathematics -> Algebra -> Algebra -> Polynomi...
  -> call 125/4000: q=q_38100 k=1 prompt_chars=2259
  -> call 126/4000: q=q_38100 k=2 prompt_chars=4207
[item 64/2000 | repeat 1] q_67504 skill=q_67504 topic=Mathematics -> Algebra -> Linear Algebra -> M...
  -> call 127/4000: q=q_67504 k=1 prompt_chars=2362
  -> call 128/4000: q=q_67504 k=2 prompt_chars=4413
[item 65/2000 | repeat 1] q_83417 skill=q_83417 topic=Mathematics -> Applied Mathematics -> Statist...
  -> call 129/4000: q=q_83417 k=1 prompt_chars=1830
  -> call 130/4000: q=q_83417 k=2 prompt_chars=3349
[item 66/2000 | repeat 1] q_7415 skill=q_7415 topic=Mathematics -> Applied Mathematics -> Statist...
  -> call 131/4000: q=q_7415 k=1 prompt_chars=2279
  -> call 132/4000: q=q_7415 k=2 prompt_chars=4247
[item 67/2000 | repeat 1] q_56472 skill=q_56472 topic=Mathematics -> Precalculus -> Limits
  -> call 133/4000: q=q_56472 k=1 prompt_chars=1840
  -> call 134/4000: q=q_56472 k=2 prompt_chars=3369
[item 68/2000 | repeat 1] q_19052 skill=q_19052 topic=Mathematics -> Calculus -> Differential Calcu...
  -> call 135/4000: q=q_19052 k=1 prompt_chars=2150
  -> call 136/4000: q=q_19052 k=2 prompt_chars=3989
[item 69/2000 | repeat 1] q_35541 skill=q_35541 topic=Mathematics -> Number Theory -> Greatest Comm...
  -> call 137/4000: q=q_35541 k=1 prompt_chars=2455
  -> call 138/4000: q=q_35541 k=2 prompt_chars=4599
[item 70/2000 | repeat 1] q_20939 skill=q_20939 topic=Mathematics -> Applied Mathematics -> Statist...
  -> call 139/4000: q=q_20939 k=1 prompt_chars=2612
  -> call 140/4000: q=q_20939 k=2 prompt_chars=4913
[item 71/2000 | repeat 1] q_90852 skill=q_90852 topic=Mathematics -> Number Theory -> Congruences
  -> call 141/4000: q=q_90852 k=1 prompt_chars=1835
  -> call 142/4000: q=q_90852 k=2 prompt_chars=3359
[item 72/2000 | repeat 1] q_454 skill=q_454 topic=Mathematics -> Applied Mathematics -> Statist...
  -> call 143/4000: q=q_454 k=1 prompt_chars=2335
  -> call 144/4000: q=q_454 k=2 prompt_chars=4359
[item 73/2000 | repeat 1] q_80543 skill=q_80543 topic=Mathematics -> Discrete Mathematics -> Graph ...
  -> call 145/4000: q=q_80543 k=1 prompt_chars=2192
  -> call 146/4000: q=q_80543 k=2 prompt_chars=4073
[item 74/2000 | repeat 1] q_80075 skill=q_80075 topic=Mathematics -> Calculus -> Differential Calcu...
  -> call 147/4000: q=q_80075 k=1 prompt_chars=2312
  -> call 148/4000: q=q_80075 k=2 prompt_chars=4313
[item 75/2000 | repeat 1] q_54820 skill=q_54820 topic=Mathematics -> Discrete Mathematics -> Algori...
  -> call 149/4000: q=q_54820 k=1 prompt_chars=2294
  -> call 150/4000: q=q_54820 k=2 prompt_chars=4277
[item 76/2000 | repeat 1] q_73708 skill=q_73708 topic=Mathematics -> Calculus -> Differential Calcu...
  -> call 151/4000: q=q_73708 k=1 prompt_chars=2012
  -> call 152/4000: q=q_73708 k=2 prompt_chars=3713
[item 77/2000 | repeat 1] q_66288 skill=q_66288 topic=Mathematics -> Algebra -> Algebra -> Algebrai...
  -> call 153/4000: q=q_66288 k=1 prompt_chars=2266
  -> call 154/4000: q=q_66288 k=2 prompt_chars=4221
[item 78/2000 | repeat 1] q_556 skill=q_556 topic=Mathematics -> Calculus -> Integral Calculus ...
  -> call 155/4000: q=q_556 k=1 prompt_chars=1465
  -> call 156/4000: q=q_556 k=2 prompt_chars=2619
[item 79/2000 | repeat 1] q_54543 skill=q_54543 topic=Mathematics -> Calculus -> Integral Calculus ...
  -> call 157/4000: q=q_54543 k=1 prompt_chars=2059
  -> call 158/4000: q=q_54543 k=2 prompt_chars=3807
[item 80/2000 | repeat 1] q_8475 skill=q_8475 topic=Mathematics -> Applied Mathematics -> Statist...
  -> call 159/4000: q=q_8475 k=1 prompt_chars=1995
  -> call 160/4000: q=q_8475 k=2 prompt_chars=3679
[item 81/2000 | repeat 1] q_11921 skill=q_11921 topic=Mathematics -> Algebra -> Intermediate Algebr...
  -> call 161/4000: q=q_11921 k=1 prompt_chars=1881
  -> call 162/4000: q=q_11921 k=2 prompt_chars=3451
[item 82/2000 | repeat 1] q_100613 skill=q_100613 topic=Mathematics -> Algebra -> Intermediate Algebr...
  -> call 163/4000: q=q_100613 k=1 prompt_chars=1799
  -> call 164/4000: q=q_100613 k=2 prompt_chars=3287
[item 83/2000 | repeat 1] q_90758 skill=q_90758 topic=Mathematics -> Number Theory -> Factorization
  -> call 165/4000: q=q_90758 k=1 prompt_chars=1995
  -> call 166/4000: q=q_90758 k=2 prompt_chars=3679
[item 84/2000 | repeat 1] q_87263 skill=q_87263 topic=Mathematics -> Precalculus -> Limits
  -> call 167/4000: q=q_87263 k=1 prompt_chars=1921
  -> call 168/4000: q=q_87263 k=2 prompt_chars=3531
[item 85/2000 | repeat 1] q_82771 skill=q_82771 topic=Mathematics -> Algebra -> Linear Algebra -> M...
  -> call 169/4000: q=q_82771 k=1 prompt_chars=1967
  -> call 170/4000: q=q_82771 k=2 prompt_chars=3623
[item 86/2000 | repeat 1] q_96457 skill=q_96457 topic=Mathematics -> Algebra -> Prealgebra -> Fract...
  -> call 171/4000: q=q_96457 k=1 prompt_chars=1937
  -> call 172/4000: q=q_96457 k=2 prompt_chars=3563
[item 87/2000 | repeat 1] q_23572 skill=q_23572 topic=Mathematics -> Calculus -> Integral Calculus ...
  -> call 173/4000: q=q_23572 k=1 prompt_chars=2762
  -> call 174/4000: q=q_23572 k=2 prompt_chars=5213
[item 88/2000 | repeat 1] q_49476 skill=q_49476 topic=Mathematics -> Algebra -> Abstract Algebra ->...
  -> call 175/4000: q=q_49476 k=1 prompt_chars=2664
  -> call 176/4000: q=q_49476 k=2 prompt_chars=5017
[item 89/2000 | repeat 1] q_59798 skill=q_59798 topic=Mathematics -> Algebra -> Abstract Algebra ->...
  -> call 177/4000: q=q_59798 k=1 prompt_chars=2240
  -> call 178/4000: q=q_59798 k=2 prompt_chars=4169
[item 90/2000 | repeat 1] q_87253 skill=q_87253 topic=Mathematics -> Precalculus -> Limits
  -> call 179/4000: q=q_87253 k=1 prompt_chars=2357
  -> call 180/4000: q=q_87253 k=2 prompt_chars=4403
[item 91/2000 | repeat 1] q_29187 skill=q_29187 topic=Mathematics -> Algebra -> Intermediate Algebr...
  -> call 181/4000: q=q_29187 k=1 prompt_chars=1904
  -> call 182/4000: q=q_29187 k=2 prompt_chars=3497
[item 92/2000 | repeat 1] q_52307 skill=q_52307 topic=Mathematics -> Algebra -> Abstract Algebra ->...
  -> call 183/4000: q=q_52307 k=1 prompt_chars=2256
  -> call 184/4000: q=q_52307 k=2 prompt_chars=4201
[item 93/2000 | repeat 1] q_58564 skill=q_58564 topic=Mathematics -> Number Theory -> Congruences
  -> call 185/4000: q=q_58564 k=1 prompt_chars=2629
  -> call 186/4000: q=q_58564 k=2 prompt_chars=4947
[item 94/2000 | repeat 1] q_81590 skill=q_81590 topic=Mathematics -> Algebra -> Abstract Algebra ->...
  -> call 187/4000: q=q_81590 k=1 prompt_chars=2108
  -> call 188/4000: q=q_81590 k=2 prompt_chars=3905
[item 95/2000 | repeat 1] q_101290 skill=q_101290 topic=Mathematics -> Geometry -> Plane Geometry -> ...
  -> call 189/4000: q=q_101290 k=1 prompt_chars=1780
  -> call 190/4000: q=q_101290 k=2 prompt_chars=3249
[item 96/2000 | repeat 1] q_10489 skill=q_10489 topic=Mathematics -> Precalculus -> Limits
  -> call 191/4000: q=q_10489 k=1 prompt_chars=1924
  -> call 192/4000: q=q_10489 k=2 prompt_chars=3537
[item 97/2000 | repeat 1] q_69078 skill=q_69078 topic=Mathematics -> Algebra -> Intermediate Algebr...
  -> call 193/4000: q=q_69078 k=1 prompt_chars=1227
  -> call 194/4000: q=q_69078 k=2 prompt_chars=2143
[item 98/2000 | repeat 1] q_6178 skill=q_6178 topic=Mathematics -> Calculus -> Differential Calcu...
  -> call 195/4000: q=q_6178 k=1 prompt_chars=2058
  -> call 196/4000: q=q_6178 k=2 prompt_chars=3805
[item 99/2000 | repeat 1] q_21999 skill=q_21999 topic=Mathematics -> Calculus -> Differential Calcu...
  -> call 197/4000: q=q_21999 k=1 prompt_chars=1999
  -> call 198/4000: q=q_21999 k=2 prompt_chars=3687
[item 100/2000 | repeat 1] q_98081 skill=q_98081 topic=Mathematics -> Algebra -> Intermediate Algebr...
  -> call 199/4000: q=q_98081 k=1 prompt_chars=1416
  -> call 200/4000: q=q_98081 k=2 prompt_chars=2521
[item 101/2000 | repeat 1] q_83486 skill=q_83486 topic=Mathematics -> Algebra -> Abstract Algebra ->...
  -> call 201/4000: q=q_83486 k=1 prompt_chars=2122
  -> call 202/4000: q=q_83486 k=2 prompt_chars=3933
[item 102/2000 | repeat 1] q_15766 skill=q_15766 topic=Mathematics -> Other
  -> call 203/4000: q=q_15766 k=1 prompt_chars=1872
  -> call 204/4000: q=q_15766 k=2 prompt_chars=3433
[item 103/2000 | repeat 1] q_11100 skill=q_11100 topic=Mathematics -> Geometry -> Solid Geometry -> ...
  -> call 205/4000: q=q_11100 k=1 prompt_chars=2070
  -> call 206/4000: q=q_11100 k=2 prompt_chars=3829
[item 104/2000 | repeat 1] q_73533 skill=q_73533 topic=Mathematics -> Calculus -> Differential Calcu...
  -> call 207/4000: q=q_73533 k=1 prompt_chars=2141
  -> call 208/4000: q=q_73533 k=2 prompt_chars=3971
[item 105/2000 | repeat 1] q_27271 skill=q_27271 topic=Mathematics -> Other
  -> call 209/4000: q=q_27271 k=1 prompt_chars=2592
  -> call 210/4000: q=q_27271 k=2 prompt_chars=4873
[item 106/2000 | repeat 1] q_17081 skill=q_17081 topic=Mathematics -> Calculus -> Integral Calculus ...
  -> call 211/4000: q=q_17081 k=1 prompt_chars=1882
  -> call 212/4000: q=q_17081 k=2 prompt_chars=3453
[item 107/2000 | repeat 1] q_17761 skill=q_17761 topic=Mathematics -> Number Theory -> Prime Numbers
  -> call 213/4000: q=q_17761 k=1 prompt_chars=2163
  -> call 214/4000: q=q_17761 k=2 prompt_chars=4015
[item 108/2000 | repeat 1] q_72380 skill=q_72380 topic=Mathematics -> Geometry -> Solid Geometry -> ...
  -> call 215/4000: q=q_72380 k=1 prompt_chars=1955
  -> call 216/4000: q=q_72380 k=2 prompt_chars=3599
[item 109/2000 | repeat 1] q_90315 skill=q_90315 topic=Mathematics -> Calculus -> Integral Calculus ...
  -> call 217/4000: q=q_90315 k=1 prompt_chars=2285
  -> call 218/4000: q=q_90315 k=2 prompt_chars=4259
[item 110/2000 | repeat 1] q_46821 skill=q_46821 topic=Mathematics -> Calculus -> Integral Calculus ...
  -> call 219/4000: q=q_46821 k=1 prompt_chars=2184
  -> call 220/4000: q=q_46821 k=2 prompt_chars=4057
[item 111/2000 | repeat 1] q_56922 skill=q_56922 topic=Mathematics -> Calculus -> Differential Calcu...
  -> call 221/4000: q=q_56922 k=1 prompt_chars=1933
  -> call 222/4000: q=q_56922 k=2 prompt_chars=3555
[item 112/2000 | repeat 1] q_88888 skill=q_88888 topic=Mathematics -> Number Theory -> Factorization
  -> call 223/4000: q=q_88888 k=1 prompt_chars=1953
  -> call 224/4000: q=q_88888 k=2 prompt_chars=3595
[item 113/2000 | repeat 1] q_49375 skill=q_49375 topic=Mathematics -> Calculus -> Differential Calcu...
  -> call 225/4000: q=q_49375 k=1 prompt_chars=1923
  -> call 226/4000: q=q_49375 k=2 prompt_chars=3535
[item 114/2000 | repeat 1] q_58272 skill=q_58272 topic=Mathematics -> Calculus -> Integral Calculus ...
  -> call 227/4000: q=q_58272 k=1 prompt_chars=2245
  -> call 228/4000: q=q_58272 k=2 prompt_chars=4179
[item 115/2000 | repeat 1] q_17472 skill=q_17472 topic=Mathematics -> Algebra -> Linear Algebra -> V...
  -> call 229/4000: q=q_17472 k=1 prompt_chars=1530
  -> call 230/4000: q=q_17472 k=2 prompt_chars=2749
[item 116/2000 | repeat 1] q_96137 skill=q_96137 topic=Mathematics -> Geometry -> Plane Geometry -> ...
  -> call 231/4000: q=q_96137 k=1 prompt_chars=1869
  -> call 232/4000: q=q_96137 k=2 prompt_chars=3427
[item 117/2000 | repeat 1] q_84995 skill=q_84995 topic=Mathematics -> Algebra -> Algebra -> Algebrai...
  -> call 233/4000: q=q_84995 k=1 prompt_chars=1858
  -> call 234/4000: q=q_84995 k=2 prompt_chars=3405
[item 118/2000 | repeat 1] q_89822 skill=q_89822 topic=Mathematics -> Applied Mathematics -> Statist...
  -> call 235/4000: q=q_89822 k=1 prompt_chars=2184
  -> call 236/4000: q=q_89822 k=2 prompt_chars=4057
[item 119/2000 | repeat 1] q_39560 skill=q_39560 topic=Mathematics -> Discrete Mathematics -> Combin...
  -> call 237/4000: q=q_39560 k=1 prompt_chars=2856
  -> call 238/4000: q=q_39560 k=2 prompt_chars=5401
[item 120/2000 | repeat 1] q_61056 skill=q_61056 topic=Mathematics -> Calculus -> Integral Calculus ...
  -> call 239/4000: q=q_61056 k=1 prompt_chars=1913
  -> call 240/4000: q=q_61056 k=2 prompt_chars=3515
[item 121/2000 | repeat 1] q_86811 skill=q_86811 topic=Mathematics -> Geometry -> Plane Geometry -> ...
  -> call 241/4000: q=q_86811 k=1 prompt_chars=2062
  -> call 242/4000: q=q_86811 k=2 prompt_chars=3813
[item 122/2000 | repeat 1] q_62722 skill=q_62722 topic=Mathematics -> Calculus -> Differential Calcu...
  -> call 243/4000: q=q_62722 k=1 prompt_chars=2163
  -> call 244/4000: q=q_62722 k=2 prompt_chars=4015
[item 123/2000 | repeat 1] q_69330 skill=q_69330 topic=Mathematics -> Geometry -> Solid Geometry -> ...
  -> call 245/4000: q=q_69330 k=1 prompt_chars=2187
  -> call 246/4000: q=q_69330 k=2 prompt_chars=4063
[item 124/2000 | repeat 1] q_36362 skill=q_36362 topic=Mathematics -> Algebra -> Linear Algebra -> L...
  -> call 247/4000: q=q_36362 k=1 prompt_chars=2476
  -> call 248/4000: q=q_36362 k=2 prompt_chars=4641
[item 125/2000 | repeat 1] q_47744 skill=q_47744 topic=Mathematics -> Calculus -> Integral Calculus ...
  -> call 249/4000: q=q_47744 k=1 prompt_chars=2588
  -> call 250/4000: q=q_47744 k=2 prompt_chars=4865
[item 126/2000 | repeat 1] q_81014 skill=q_81014 topic=Mathematics -> Calculus -> Integral Calculus ...
  -> call 251/4000: q=q_81014 k=1 prompt_chars=2333
  -> call 252/4000: q=q_81014 k=2 prompt_chars=4355
[item 127/2000 | repeat 1] q_29867 skill=q_29867 topic=Mathematics -> Algebra -> Abstract Algebra ->...
  -> call 253/4000: q=q_29867 k=1 prompt_chars=2093
  -> call 254/4000: q=q_29867 k=2 prompt_chars=3875
[item 128/2000 | repeat 1] q_13996 skill=q_13996 topic=Mathematics -> Calculus -> Integral Calculus ...
  -> call 255/4000: q=q_13996 k=1 prompt_chars=2203
  -> call 256/4000: q=q_13996 k=2 prompt_chars=4095
[item 129/2000 | repeat 1] q_76569 skill=q_76569 topic=Mathematics -> Precalculus -> Limits
  -> call 257/4000: q=q_76569 k=1 prompt_chars=1738
  -> call 258/4000: q=q_76569 k=2 prompt_chars=3165
[item 130/2000 | repeat 1] q_79654 skill=q_79654 topic=Mathematics -> Other
  -> call 259/4000: q=q_79654 k=1 prompt_chars=2382
  -> call 260/4000: q=q_79654 k=2 prompt_chars=4453
[item 131/2000 | repeat 1] q_82311 skill=q_82311 topic=Mathematics -> Calculus -> Differential Calcu...
  -> call 261/4000: q=q_82311 k=1 prompt_chars=1515
  -> call 262/4000: q=q_82311 k=2 prompt_chars=2719
[item 132/2000 | repeat 1] q_90612 skill=q_90612 topic=Mathematics -> Algebra -> Algebra -> Equation...
  -> call 263/4000: q=q_90612 k=1 prompt_chars=1952
  -> call 264/4000: q=q_90612 k=2 prompt_chars=3593
[item 133/2000 | repeat 1] q_101938 skill=q_101938 topic=Mathematics -> Geometry -> Plane Geometry -> ...
  -> call 265/4000: q=q_101938 k=1 prompt_chars=1766
  -> call 266/4000: q=q_101938 k=2 prompt_chars=3221
[item 134/2000 | repeat 1] q_37687 skill=q_37687 topic=Mathematics -> Geometry -> Plane Geometry -> ...
  -> call 267/4000: q=q_37687 k=1 prompt_chars=2025
  -> call 268/4000: q=q_37687 k=2 prompt_chars=3739
[item 135/2000 | repeat 1] q_49702 skill=q_49702 topic=Mathematics -> Algebra -> Intermediate Algebr...
  -> call 269/4000: q=q_49702 k=1 prompt_chars=2080
  -> call 270/4000: q=q_49702 k=2 prompt_chars=3849
[item 136/2000 | repeat 1] q_97233 skill=q_97233 topic=Mathematics -> Number Theory -> Prime Numbers
  -> call 271/4000: q=q_97233 k=1 prompt_chars=1957
  -> call 272/4000: q=q_97233 k=2 prompt_chars=3603
[item 137/2000 | repeat 1] q_41161 skill=q_41161 topic=Mathematics -> Precalculus -> Limits
  -> call 273/4000: q=q_41161 k=1 prompt_chars=2036
  -> call 274/4000: q=q_41161 k=2 prompt_chars=3761
[item 138/2000 | repeat 1] q_50187 skill=q_50187 topic=Mathematics -> Discrete Mathematics -> Combin...
  -> call 275/4000: q=q_50187 k=1 prompt_chars=1786
  -> call 276/4000: q=q_50187 k=2 prompt_chars=3261
[item 139/2000 | repeat 1] q_47145 skill=q_47145 topic=Mathematics -> Calculus -> Integral Calculus ...
  -> call 277/4000: q=q_47145 k=1 prompt_chars=2407
  -> call 278/4000: q=q_47145 k=2 prompt_chars=4503
[item 140/2000 | repeat 1] q_85796 skill=q_85796 topic=Mathematics -> Algebra -> Abstract Algebra ->...
  -> call 279/4000: q=q_85796 k=1 prompt_chars=1785
  -> call 280/4000: q=q_85796 k=2 prompt_chars=3259
[item 141/2000 | repeat 1] q_85158 skill=q_85158 topic=Mathematics -> Number Theory -> Other
  -> call 281/4000: q=q_85158 k=1 prompt_chars=2447
  -> call 282/4000: q=q_85158 k=2 prompt_chars=4583
[item 142/2000 | repeat 1] q_100692 skill=q_100692 topic=Mathematics -> Algebra -> Prealgebra -> Other
  -> call 283/4000: q=q_100692 k=1 prompt_chars=1591
  -> call 284/4000: q=q_100692 k=2 prompt_chars=2871
[item 143/2000 | repeat 1] q_55742 skill=q_55742 topic=Mathematics -> Discrete Mathematics -> Logic
  -> call 285/4000: q=q_55742 k=1 prompt_chars=2905
  -> call 286/4000: q=q_55742 k=2 prompt_chars=5499
[item 144/2000 | repeat 1] q_49771 skill=q_49771 topic=Mathematics -> Precalculus -> Limits
  -> call 287/4000: q=q_49771 k=1 prompt_chars=1927
  -> call 288/4000: q=q_49771 k=2 prompt_chars=3543
[item 145/2000 | repeat 1] q_90782 skill=q_90782 topic=Mathematics -> Number Theory -> Other
  -> call 289/4000: q=q_90782 k=1 prompt_chars=2360
  -> call 290/4000: q=q_90782 k=2 prompt_chars=4409
[item 146/2000 | repeat 1] q_40161 skill=q_40161 topic=Mathematics -> Calculus -> Integral Calculus ...
  -> call 291/4000: q=q_40161 k=1 prompt_chars=2341
  -> call 292/4000: q=q_40161 k=2 prompt_chars=4371
[item 147/2000 | repeat 1] q_36042 skill=q_36042 topic=Mathematics -> Calculus -> Differential Calcu...
  -> call 293/4000: q=q_36042 k=1 prompt_chars=2351
  -> call 294/4000: q=q_36042 k=2 prompt_chars=4391
[item 148/2000 | repeat 1] q_24396 skill=q_24396 topic=Mathematics -> Calculus -> Integral Calculus ...
  -> call 295/4000: q=q_24396 k=1 prompt_chars=2024
  -> call 296/4000: q=q_24396 k=2 prompt_chars=3737
[item 149/2000 | repeat 1] q_55461 skill=q_55461 topic=Mathematics -> Calculus -> Integral Calculus ...
  -> call 297/4000: q=q_55461 k=1 prompt_chars=1835
  -> call 298/4000: q=q_55461 k=2 prompt_chars=3359
[item 150/2000 | repeat 1] q_72973 skill=q_72973 topic=Mathematics -> Calculus -> Integral Calculus ...
  -> call 299/4000: q=q_72973 k=1 prompt_chars=2390
  -> call 300/4000: q=q_72973 k=2 prompt_chars=4469
[item 151/2000 | repeat 1] q_33506 skill=q_33506 topic=Mathematics -> Algebra -> Abstract Algebra ->...
  -> call 301/4000: q=q_33506 k=1 prompt_chars=2006
  -> call 302/4000: q=q_33506 k=2 prompt_chars=3701
[item 152/2000 | repeat 1] q_55157 skill=q_55157 topic=Mathematics -> Geometry -> Plane Geometry -> ...
  -> call 303/4000: q=q_55157 k=1 prompt_chars=2550
  -> call 304/4000: q=q_55157 k=2 prompt_chars=4789
[item 153/2000 | repeat 1] q_38838 skill=q_38838 topic=Mathematics -> Calculus -> Integral Calculus ...
  -> call 305/4000: q=q_38838 k=1 prompt_chars=1979
  -> call 306/4000: q=q_38838 k=2 prompt_chars=3647
[item 154/2000 | repeat 1] q_97630 skill=q_97630 topic=Mathematics -> Geometry -> Plane Geometry -> ...
  -> call 307/4000: q=q_97630 k=1 prompt_chars=2039
  -> call 308/4000: q=q_97630 k=2 prompt_chars=3767
[item 155/2000 | repeat 1] q_20331 skill=q_20331 topic=Mathematics -> Algebra -> Linear Algebra -> D...
  -> call 309/4000: q=q_20331 k=1 prompt_chars=2496
  -> call 310/4000: q=q_20331 k=2 prompt_chars=4681
[item 156/2000 | repeat 1] q_86768 skill=q_86768 topic=Mathematics -> Number Theory -> Congruences
  -> call 311/4000: q=q_86768 k=1 prompt_chars=2173
  -> call 312/4000: q=q_86768 k=2 prompt_chars=4035
[item 157/2000 | repeat 1] q_68104 skill=q_68104 topic=Mathematics -> Calculus -> Integral Calculus ...
  -> call 313/4000: q=q_68104 k=1 prompt_chars=2354
  -> call 314/4000: q=q_68104 k=2 prompt_chars=4397
[item 158/2000 | repeat 1] q_67075 skill=q_67075 topic=Mathematics -> Calculus -> Differential Calcu...
  -> call 315/4000: q=q_67075 k=1 prompt_chars=2144
  -> call 316/4000: q=q_67075 k=2 prompt_chars=3977
[item 159/2000 | repeat 1] q_2450 skill=q_2450 topic=Mathematics -> Algebra -> Intermediate Algebr...
  -> call 317/4000: q=q_2450 k=1 prompt_chars=1755
  -> call 318/4000: q=q_2450 k=2 prompt_chars=3199
[item 160/2000 | repeat 1] q_84322 skill=q_84322 topic=Mathematics -> Other
  -> call 319/4000: q=q_84322 k=1 prompt_chars=2033
  -> call 320/4000: q=q_84322 k=2 prompt_chars=3755
[item 161/2000 | repeat 1] q_34506 skill=q_34506 topic=Mathematics -> Algebra -> Abstract Algebra ->...
  -> call 321/4000: q=q_34506 k=1 prompt_chars=1901
  -> call 322/4000: q=q_34506 k=2 prompt_chars=3491
[item 162/2000 | repeat 1] q_42774 skill=q_42774 topic=Mathematics -> Precalculus -> Limits
  -> call 323/4000: q=q_42774 k=1 prompt_chars=2164
  -> call 324/4000: q=q_42774 k=2 prompt_chars=4017
[item 163/2000 | repeat 1] q_92327 skill=q_92327 topic=Mathematics -> Number Theory -> Prime Numbers
  -> call 325/4000: q=q_92327 k=1 prompt_chars=2100
  -> call 326/4000: q=q_92327 k=2 prompt_chars=3889
[item 164/2000 | repeat 1] q_87440 skill=q_87440 topic=Mathematics -> Precalculus -> Functions
  -> call 327/4000: q=q_87440 k=1 prompt_chars=2756
  -> call 328/4000: q=q_87440 k=2 prompt_chars=5201
[item 165/2000 | repeat 1] q_28508 skill=q_28508 topic=Mathematics -> Geometry -> Plane Geometry -> ...
  -> call 329/4000: q=q_28508 k=1 prompt_chars=2347
  -> call 330/4000: q=q_28508 k=2 prompt_chars=4383
[item 166/2000 | repeat 1] q_266 skill=q_266 topic=Mathematics -> Algebra -> Linear Algebra -> M...
  -> call 331/4000: q=q_266 k=1 prompt_chars=2254
  -> call 332/4000: q=q_266 k=2 prompt_chars=4197
[item 167/2000 | repeat 1] q_99703 skill=q_99703 topic=Mathematics -> Number Theory -> Congruences
  -> call 333/4000: q=q_99703 k=1 prompt_chars=2036
  -> call 334/4000: q=q_99703 k=2 prompt_chars=3761
[item 168/2000 | repeat 1] q_52941 skill=q_52941 topic=Mathematics -> Calculus -> Integral Calculus ...
  -> call 335/4000: q=q_52941 k=1 prompt_chars=1974
  -> call 336/4000: q=q_52941 k=2 prompt_chars=3637
[item 169/2000 | repeat 1] q_58473 skill=q_58473 topic=Mathematics -> Algebra -> Abstract Algebra ->...
  -> call 337/4000: q=q_58473 k=1 prompt_chars=1804
  -> call 338/4000: q=q_58473 k=2 prompt_chars=3297
[item 170/2000 | repeat 1] q_11541 skill=q_11541 topic=Mathematics -> Number Theory -> Congruences
  -> call 339/4000: q=q_11541 k=1 prompt_chars=2161
  -> call 340/4000: q=q_11541 k=2 prompt_chars=4011
[item 171/2000 | repeat 1] q_11266 skill=q_11266 topic=Mathematics -> Algebra -> Intermediate Algebr...
  -> call 341/4000: q=q_11266 k=1 prompt_chars=1814
  -> call 342/4000: q=q_11266 k=2 prompt_chars=3317
[item 172/2000 | repeat 1] q_20621 skill=q_20621 topic=Mathematics -> Calculus -> Integral Calculus ...
  -> call 343/4000: q=q_20621 k=1 prompt_chars=1994
  -> call 344/4000: q=q_20621 k=2 prompt_chars=3677
[item 173/2000 | repeat 1] q_93463 skill=q_93463 topic=Mathematics -> Geometry -> Plane Geometry -> ...
  -> call 345/4000: q=q_93463 k=1 prompt_chars=2010
  -> call 346/4000: q=q_93463 k=2 prompt_chars=3709
[item 174/2000 | repeat 1] q_12738 skill=q_12738 topic=Mathematics -> Calculus -> Integral Calculus ...
  -> call 347/4000: q=q_12738 k=1 prompt_chars=2469
  -> call 348/4000: q=q_12738 k=2 prompt_chars=4627
[item 175/2000 | repeat 1] q_38610 skill=q_38610 topic=Mathematics -> Applied Mathematics -> Statist...
  -> call 349/4000: q=q_38610 k=1 prompt_chars=1994
  -> call 350/4000: q=q_38610 k=2 prompt_chars=3677
[item 176/2000 | repeat 1] q_44260 skill=q_44260 topic=Mathematics -> Geometry -> Plane Geometry -> ...
  -> call 351/4000: q=q_44260 k=1 prompt_chars=2302
  -> call 352/4000: q=q_44260 k=2 prompt_chars=4293
[item 177/2000 | repeat 1] q_68523 skill=q_68523 topic=Mathematics -> Calculus -> Integral Calculus ...
  -> call 353/4000: q=q_68523 k=1 prompt_chars=1888
  -> call 354/4000: q=q_68523 k=2 prompt_chars=3465
[item 178/2000 | repeat 1] q_2305 skill=q_2305 topic=Mathematics -> Applied Mathematics -> Other
  -> call 355/4000: q=q_2305 k=1 prompt_chars=2650
  -> call 356/4000: q=q_2305 k=2 prompt_chars=4989
[item 179/2000 | repeat 1] q_36651 skill=q_36651 topic=Mathematics -> Precalculus -> Limits
  -> call 357/4000: q=q_36651 k=1 prompt_chars=2064
  -> call 358/4000: q=q_36651 k=2 prompt_chars=3817
[item 180/2000 | repeat 1] q_57776 skill=q_57776 topic=Mathematics -> Applied Mathematics -> Statist...
  -> call 359/4000: q=q_57776 k=1 prompt_chars=2135
  -> call 360/4000: q=q_57776 k=2 prompt_chars=3959
[item 181/2000 | repeat 1] q_24959 skill=q_24959 topic=Mathematics -> Applied Mathematics -> Statist...
  -> call 361/4000: q=q_24959 k=1 prompt_chars=2742
  -> call 362/4000: q=q_24959 k=2 prompt_chars=5173
[item 182/2000 | repeat 1] q_8735 skill=q_8735 topic=Mathematics -> Calculus -> Integral Calculus ...
  -> call 363/4000: q=q_8735 k=1 prompt_chars=2053
  -> call 364/4000: q=q_8735 k=2 prompt_chars=3795
[item 183/2000 | repeat 1] q_74750 skill=q_74750 topic=Mathematics -> Calculus -> Integral Calculus ...
  -> call 365/4000: q=q_74750 k=1 prompt_chars=1848
  -> call 366/4000: q=q_74750 k=2 prompt_chars=3385
[item 184/2000 | repeat 1] q_86252 skill=q_86252 topic=Mathematics -> Algebra -> Algebra -> Polynomi...
  -> call 367/4000: q=q_86252 k=1 prompt_chars=2662
  -> call 368/4000: q=q_86252 k=2 prompt_chars=5013
[item 185/2000 | repeat 1] q_69408 skill=q_69408 topic=Mathematics -> Algebra -> Intermediate Algebr...
  -> call 369/4000: q=q_69408 k=1 prompt_chars=2203
  -> call 370/4000: q=q_69408 k=2 prompt_chars=4095
[item 186/2000 | repeat 1] q_85520 skill=q_85520 topic=Mathematics -> Geometry -> Plane Geometry -> ...
  -> call 371/4000: q=q_85520 k=1 prompt_chars=1838
  -> call 372/4000: q=q_85520 k=2 prompt_chars=3365
[item 187/2000 | repeat 1] q_18418 skill=q_18418 topic=Mathematics -> Algebra -> Prealgebra -> Simpl...
  -> call 373/4000: q=q_18418 k=1 prompt_chars=1997
  -> call 374/4000: q=q_18418 k=2 prompt_chars=3683
[item 188/2000 | repeat 1] q_96458 skill=q_96458 topic=Mathematics -> Applied Mathematics -> Statist...
  -> call 375/4000: q=q_96458 k=1 prompt_chars=2125
  -> call 376/4000: q=q_96458 k=2 prompt_chars=3939
[item 189/2000 | repeat 1] q_29266 skill=q_29266 topic=Mathematics -> Algebra -> Algebra -> Equation...
  -> call 377/4000: q=q_29266 k=1 prompt_chars=1840
  -> call 378/4000: q=q_29266 k=2 prompt_chars=3369
[item 190/2000 | repeat 1] q_47484 skill=q_47484 topic=Mathematics -> Applied Mathematics -> Statist...
  -> call 379/4000: q=q_47484 k=1 prompt_chars=2033
  -> call 380/4000: q=q_47484 k=2 prompt_chars=3755
[item 191/2000 | repeat 1] q_55781 skill=q_55781 topic=Mathematics -> Calculus -> Differential Calcu...
  -> call 381/4000: q=q_55781 k=1 prompt_chars=2114
  -> call 382/4000: q=q_55781 k=2 prompt_chars=3917
[item 192/2000 | repeat 1] q_32227 skill=q_32227 topic=Mathematics -> Algebra -> Abstract Algebra ->...
  -> call 383/4000: q=q_32227 k=1 prompt_chars=2221
  -> call 384/4000: q=q_32227 k=2 prompt_chars=4131
[item 193/2000 | repeat 1] q_55356 skill=q_55356 topic=Mathematics -> Algebra -> Linear Algebra -> L...
  -> call 385/4000: q=q_55356 k=1 prompt_chars=2406
  -> call 386/4000: q=q_55356 k=2 prompt_chars=4501
[item 194/2000 | repeat 1] q_90151 skill=q_90151 topic=Mathematics -> Geometry -> Plane Geometry -> ...
  -> call 387/4000: q=q_90151 k=1 prompt_chars=2924
  -> call 388/4000: q=q_90151 k=2 prompt_chars=5537
[item 195/2000 | repeat 1] q_77322 skill=q_77322 topic=Mathematics -> Algebra -> Linear Algebra -> L...
  -> call 389/4000: q=q_77322 k=1 prompt_chars=1984
  -> call 390/4000: q=q_77322 k=2 prompt_chars=3657
[item 196/2000 | repeat 1] q_70257 skill=q_70257 topic=Mathematics -> Algebra -> Linear Algebra -> D...
  -> call 391/4000: q=q_70257 k=1 prompt_chars=2483
  -> call 392/4000: q=q_70257 k=2 prompt_chars=4655
[item 197/2000 | repeat 1] q_90200 skill=q_90200 topic=Mathematics -> Algebra -> Algebra -> Polynomi...
  -> call 393/4000: q=q_90200 k=1 prompt_chars=2182
  -> call 394/4000: q=q_90200 k=2 prompt_chars=4053
[item 198/2000 | repeat 1] q_82537 skill=q_82537 topic=Mathematics -> Algebra -> Linear Algebra -> M...
  -> call 395/4000: q=q_82537 k=1 prompt_chars=1796
  -> call 396/4000: q=q_82537 k=2 prompt_chars=3281
[item 199/2000 | repeat 1] q_48052 skill=q_48052 topic=Mathematics -> Algebra -> Intermediate Algebr...
  -> call 397/4000: q=q_48052 k=1 prompt_chars=2251
  -> call 398/4000: q=q_48052 k=2 prompt_chars=4191
[item 200/2000 | repeat 1] q_11644 skill=q_11644 topic=Mathematics -> Calculus -> Differential Calcu...
  -> call 399/4000: q=q_11644 k=1 prompt_chars=2236
  -> call 400/4000: q=q_11644 k=2 prompt_chars=4161
[item 201/2000 | repeat 1] q_33458 skill=q_33458 topic=Mathematics -> Algebra -> Intermediate Algebr...
  -> call 401/4000: q=q_33458 k=1 prompt_chars=1933
  -> call 402/4000: q=q_33458 k=2 prompt_chars=3555
[item 202/2000 | repeat 1] q_57282 skill=q_57282 topic=Mathematics -> Precalculus -> Trigonometric F...
  -> call 403/4000: q=q_57282 k=1 prompt_chars=2222
  -> call 404/4000: q=q_57282 k=2 prompt_chars=4133
[item 203/2000 | repeat 1] q_12182 skill=q_12182 topic=Mathematics -> Geometry -> Differential Geome...
  -> call 405/4000: q=q_12182 k=1 prompt_chars=2487
  -> call 406/4000: q=q_12182 k=2 prompt_chars=4663
[item 204/2000 | repeat 1] q_9938 skill=q_9938 topic=Mathematics -> Calculus -> Differential Calcu...
  -> call 407/4000: q=q_9938 k=1 prompt_chars=1978
  -> call 408/4000: q=q_9938 k=2 prompt_chars=3645
[item 205/2000 | repeat 1] q_59664 skill=q_59664 topic=Mathematics -> Applied Mathematics -> Statist...
  -> call 409/4000: q=q_59664 k=1 prompt_chars=2486
  -> call 410/4000: q=q_59664 k=2 prompt_chars=4661
[item 206/2000 | repeat 1] q_43190 skill=q_43190 topic=Mathematics -> Applied Mathematics -> Other
  -> call 411/4000: q=q_43190 k=1 prompt_chars=2067
  -> call 412/4000: q=q_43190 k=2 prompt_chars=3823
[item 207/2000 | repeat 1] q_9433 skill=q_9433 topic=Mathematics -> Number Theory -> Prime Numbers
  -> call 413/4000: q=q_9433 k=1 prompt_chars=2414
  -> call 414/4000: q=q_9433 k=2 prompt_chars=4517
[item 208/2000 | repeat 1] q_29242 skill=q_29242 topic=Mathematics -> Calculus -> Integral Calculus ...
  -> call 415/4000: q=q_29242 k=1 prompt_chars=2230
  -> call 416/4000: q=q_29242 k=2 prompt_chars=4149
[item 209/2000 | repeat 1] q_73877 skill=q_73877 topic=Mathematics -> Applied Mathematics -> Statist...
  -> call 417/4000: q=q_73877 k=1 prompt_chars=2292
  -> call 418/4000: q=q_73877 k=2 prompt_chars=4273
[item 210/2000 | repeat 1] q_55787 skill=q_55787 topic=Mathematics -> Calculus -> Integral Calculus ...
  -> call 419/4000: q=q_55787 k=1 prompt_chars=2229
  -> call 420/4000: q=q_55787 k=2 prompt_chars=4147
[item 211/2000 | repeat 1] q_99456 skill=q_99456 topic=Mathematics -> Algebra -> Intermediate Algebr...
  -> call 421/4000: q=q_99456 k=1 prompt_chars=2129
  -> call 422/4000: q=q_99456 k=2 prompt_chars=3947
[item 212/2000 | repeat 1] q_11028 skill=q_11028 topic=Mathematics -> Calculus -> Integral Calculus ...
  -> call 423/4000: q=q_11028 k=1 prompt_chars=2185
  -> call 424/4000: q=q_11028 k=2 prompt_chars=4059
[item 213/2000 | repeat 1] q_18948 skill=q_18948 topic=Mathematics -> Calculus -> Integral Calculus ...
  -> call 425/4000: q=q_18948 k=1 prompt_chars=2368
  -> call 426/4000: q=q_18948 k=2 prompt_chars=4425
[item 214/2000 | repeat 1] q_62220 skill=q_62220 topic=Mathematics -> Algebra -> Abstract Algebra ->...
  -> call 427/4000: q=q_62220 k=1 prompt_chars=2003
  -> call 428/4000: q=q_62220 k=2 prompt_chars=3695
[item 215/2000 | repeat 1] q_46922 skill=q_46922 topic=Mathematics -> Algebra -> Abstract Algebra ->...
  -> call 429/4000: q=q_46922 k=1 prompt_chars=2180
  -> call 430/4000: q=q_46922 k=2 prompt_chars=4049
[item 216/2000 | repeat 1] q_88263 skill=q_88263 topic=Mathematics -> Algebra -> Algebra -> Polynomi...
  -> call 431/4000: q=q_88263 k=1 prompt_chars=2840
  -> call 432/4000: q=q_88263 k=2 prompt_chars=5369
[item 217/2000 | repeat 1] q_47486 skill=q_47486 topic=Mathematics -> Calculus -> Integral Calculus ...
  -> call 433/4000: q=q_47486 k=1 prompt_chars=2230
  -> call 434/4000: q=q_47486 k=2 prompt_chars=4149
[item 218/2000 | repeat 1] q_71333 skill=q_71333 topic=Mathematics -> Applied Mathematics -> Statist...
  -> call 435/4000: q=q_71333 k=1 prompt_chars=1490
  -> call 436/4000: q=q_71333 k=2 prompt_chars=2669
[item 219/2000 | repeat 1] q_6025 skill=q_6025 topic=Mathematics -> Calculus -> Other
  -> call 437/4000: q=q_6025 k=1 prompt_chars=2034
  -> call 438/4000: q=q_6025 k=2 prompt_chars=3757
[item 220/2000 | repeat 1] q_66855 skill=q_66855 topic=Mathematics -> Algebra -> Abstract Algebra ->...
  -> call 439/4000: q=q_66855 k=1 prompt_chars=2300
  -> call 440/4000: q=q_66855 k=2 prompt_chars=4289
[item 221/2000 | repeat 1] q_51692 skill=q_51692 topic=Mathematics -> Calculus -> Integral Calculus ...
  -> call 441/4000: q=q_51692 k=1 prompt_chars=1836
  -> call 442/4000: q=q_51692 k=2 prompt_chars=3361
[item 222/2000 | repeat 1] q_66166 skill=q_66166 topic=Mathematics -> Algebra -> Abstract Algebra ->...
  -> call 443/4000: q=q_66166 k=1 prompt_chars=2219
  -> call 444/4000: q=q_66166 k=2 prompt_chars=4127
[item 223/2000 | repeat 1] q_72233 skill=q_72233 topic=Mathematics -> Differential Equations -> Ordi...
  -> call 445/4000: q=q_72233 k=1 prompt_chars=1811
  -> call 446/4000: q=q_72233 k=2 prompt_chars=3311
[item 224/2000 | repeat 1] q_24882 skill=q_24882 topic=Mathematics -> Algebra -> Linear Algebra -> M...
  -> call 447/4000: q=q_24882 k=1 prompt_chars=2836
  -> call 448/4000: q=q_24882 k=2 prompt_chars=5361
[item 225/2000 | repeat 1] q_80126 skill=q_80126 topic=Mathematics -> Number Theory -> Greatest Comm...
  -> call 449/4000: q=q_80126 k=1 prompt_chars=2535
  -> call 450/4000: q=q_80126 k=2 prompt_chars=4759
[item 226/2000 | repeat 1] q_97363 skill=q_97363 topic=Mathematics -> Geometry -> Solid Geometry -> ...
  -> call 451/4000: q=q_97363 k=1 prompt_chars=2339
  -> call 452/4000: q=q_97363 k=2 prompt_chars=4367
[item 227/2000 | repeat 1] q_52573 skill=q_52573 topic=Mathematics -> Calculus -> Differential Calcu...
  -> call 453/4000: q=q_52573 k=1 prompt_chars=2215
  -> call 454/4000: q=q_52573 k=2 prompt_chars=4119
[item 228/2000 | repeat 1] q_30235 skill=q_30235 topic=Mathematics -> Other
  -> call 455/4000: q=q_30235 k=1 prompt_chars=2027
  -> call 456/4000: q=q_30235 k=2 prompt_chars=3743
[item 229/2000 | repeat 1] q_64195 skill=q_64195 topic=Mathematics -> Algebra -> Intermediate Algebr...
  -> call 457/4000: q=q_64195 k=1 prompt_chars=2003
  -> call 458/4000: q=q_64195 k=2 prompt_chars=3695
[item 230/2000 | repeat 1] q_2394 skill=q_2394 topic=Mathematics -> Discrete Mathematics -> Graph ...
  -> call 459/4000: q=q_2394 k=1 prompt_chars=1816
  -> call 460/4000: q=q_2394 k=2 prompt_chars=3321
[item 231/2000 | repeat 1] q_83172 skill=q_83172 topic=Mathematics -> Geometry -> Differential Geome...
  -> call 461/4000: q=q_83172 k=1 prompt_chars=2107
  -> call 462/4000: q=q_83172 k=2 prompt_chars=3903
[item 232/2000 | repeat 1] q_51243 skill=q_51243 topic=Mathematics -> Calculus -> Differential Calcu...
  -> call 463/4000: q=q_51243 k=1 prompt_chars=1742
  -> call 464/4000: q=q_51243 k=2 prompt_chars=3173
[item 233/2000 | repeat 1] q_63628 skill=q_63628 topic=Mathematics -> Algebra -> Algebra -> Polynomi...
  -> call 465/4000: q=q_63628 k=1 prompt_chars=1741
  -> call 466/4000: q=q_63628 k=2 prompt_chars=3171
[item 234/2000 | repeat 1] q_48241 skill=q_48241 topic=Mathematics -> Precalculus -> Limits
  -> call 467/4000: q=q_48241 k=1 prompt_chars=2168
  -> call 468/4000: q=q_48241 k=2 prompt_chars=4025
[item 235/2000 | repeat 1] q_64324 skill=q_64324 topic=Mathematics -> Differential Equations -> Ordi...
  -> call 469/4000: q=q_64324 k=1 prompt_chars=2450
  -> call 470/4000: q=q_64324 k=2 prompt_chars=4589
[item 236/2000 | repeat 1] q_88853 skill=q_88853 topic=Mathematics -> Algebra -> Algebra -> Algebrai...
  -> call 471/4000: q=q_88853 k=1 prompt_chars=1737
  -> call 472/4000: q=q_88853 k=2 prompt_chars=3163
[item 237/2000 | repeat 1] q_70997 skill=q_70997 topic=Mathematics -> Precalculus -> Limits
  -> call 473/4000: q=q_70997 k=1 prompt_chars=1511
  -> call 474/4000: q=q_70997 k=2 prompt_chars=2711
[item 238/2000 | repeat 1] q_21911 skill=q_21911 topic=Mathematics -> Algebra -> Other
  -> call 475/4000: q=q_21911 k=1 prompt_chars=1901
  -> call 476/4000: q=q_21911 k=2 prompt_chars=3491
[item 239/2000 | repeat 1] q_77922 skill=q_77922 topic=Mathematics -> Calculus -> Integral Calculus ...
  -> call 477/4000: q=q_77922 k=1 prompt_chars=2080
  -> call 478/4000: q=q_77922 k=2 prompt_chars=3849
[item 240/2000 | repeat 1] q_71111 skill=q_71111 topic=Mathematics -> Calculus -> Integral Calculus ...
  -> call 479/4000: q=q_71111 k=1 prompt_chars=1787
  -> call 480/4000: q=q_71111 k=2 prompt_chars=3263
[item 241/2000 | repeat 1] q_22431 skill=q_22431 topic=Mathematics -> Calculus -> Differential Calcu...
  -> call 481/4000: q=q_22431 k=1 prompt_chars=1954
  -> call 482/4000: q=q_22431 k=2 prompt_chars=3597
[item 242/2000 | repeat 1] q_37349 skill=q_37349 topic=Mathematics -> Differential Equations -> Part...
  -> call 483/4000: q=q_37349 k=1 prompt_chars=1960
  -> call 484/4000: q=q_37349 k=2 prompt_chars=3609
[item 243/2000 | repeat 1] q_92977 skill=q_92977 topic=Mathematics -> Algebra -> Abstract Algebra ->...
  -> call 485/4000: q=q_92977 k=1 prompt_chars=2439
  -> call 486/4000: q=q_92977 k=2 prompt_chars=4567
[item 244/2000 | repeat 1] q_25472 skill=q_25472 topic=Mathematics -> Applied Mathematics -> Statist...
  -> call 487/4000: q=q_25472 k=1 prompt_chars=1961
  -> call 488/4000: q=q_25472 k=2 prompt_chars=3611
[item 245/2000 | repeat 1] q_93765 skill=q_93765 topic=Mathematics -> Algebra -> Intermediate Algebr...
  -> call 489/4000: q=q_93765 k=1 prompt_chars=1992
  -> call 490/4000: q=q_93765 k=2 prompt_chars=3673
[item 246/2000 | repeat 1] q_51134 skill=q_51134 topic=Mathematics -> Calculus -> Differential Calcu...
  -> call 491/4000: q=q_51134 k=1 prompt_chars=1966
  -> call 492/4000: q=q_51134 k=2 prompt_chars=3621
[item 247/2000 | repeat 1] q_92210 skill=q_92210 topic=Mathematics -> Geometry -> Plane Geometry -> ...
  -> call 493/4000: q=q_92210 k=1 prompt_chars=2197
  -> call 494/4000: q=q_92210 k=2 prompt_chars=4083
[item 248/2000 | repeat 1] q_98826 skill=q_98826 topic=Mathematics -> Geometry -> Plane Geometry -> ...
  -> call 495/4000: q=q_98826 k=1 prompt_chars=2207
  -> call 496/4000: q=q_98826 k=2 prompt_chars=4103
[item 249/2000 | repeat 1] q_45547 skill=q_45547 topic=Mathematics -> Calculus -> Integral Calculus ...
  -> call 497/4000: q=q_45547 k=1 prompt_chars=1929
  -> call 498/4000: q=q_45547 k=2 prompt_chars=3547
[item 250/2000 | repeat 1] q_91748 skill=q_91748 topic=Mathematics -> Algebra -> Algebra -> Equation...
  -> call 499/4000: q=q_91748 k=1 prompt_chars=2248
  -> call 500/4000: q=q_91748 k=2 prompt_chars=4185
[item 251/2000 | repeat 1] q_72214 skill=q_72214 topic=Mathematics -> Algebra -> Abstract Algebra ->...
  -> call 501/4000: q=q_72214 k=1 prompt_chars=1861
  -> call 502/4000: q=q_72214 k=2 prompt_chars=3411
[item 252/2000 | repeat 1] q_84483 skill=q_84483 topic=Mathematics -> Algebra -> Algebra -> Equation...
  -> call 503/4000: q=q_84483 k=1 prompt_chars=2256
  -> call 504/4000: q=q_84483 k=2 prompt_chars=4201
[item 253/2000 | repeat 1] q_15545 skill=q_15545 topic=Mathematics -> Calculus -> Differential Calcu...
  -> call 505/4000: q=q_15545 k=1 prompt_chars=1594
  -> call 506/4000: q=q_15545 k=2 prompt_chars=2877
[item 254/2000 | repeat 1] q_87850 skill=q_87850 topic=Mathematics -> Calculus -> Differential Calcu...
  -> call 507/4000: q=q_87850 k=1 prompt_chars=2256
  -> call 508/4000: q=q_87850 k=2 prompt_chars=4201
[item 255/2000 | repeat 1] q_49875 skill=q_49875 topic=Mathematics -> Calculus -> Differential Calcu...
  -> call 509/4000: q=q_49875 k=1 prompt_chars=2465
  -> call 510/4000: q=q_49875 k=2 prompt_chars=4619
[item 256/2000 | repeat 1] q_78836 skill=q_78836 topic=Mathematics -> Algebra -> Abstract Algebra ->...
  -> call 511/4000: q=q_78836 k=1 prompt_chars=2117
  -> call 512/4000: q=q_78836 k=2 prompt_chars=3923
[item 257/2000 | repeat 1] q_165 skill=q_165 topic=Mathematics -> Calculus -> Integral Calculus ...
  -> call 513/4000: q=q_165 k=1 prompt_chars=2020
  -> call 514/4000: q=q_165 k=2 prompt_chars=3729
[item 258/2000 | repeat 1] q_3793 skill=q_3793 topic=Mathematics -> Algebra -> Intermediate Algebr...
  -> call 515/4000: q=q_3793 k=1 prompt_chars=1818
  -> call 516/4000: q=q_3793 k=2 prompt_chars=3325
[item 259/2000 | repeat 1] q_34799 skill=q_34799 topic=Mathematics -> Algebra -> Linear Algebra -> M...
  -> call 517/4000: q=q_34799 k=1 prompt_chars=2334
  -> call 518/4000: q=q_34799 k=2 prompt_chars=4357
[item 260/2000 | repeat 1] q_39968 skill=q_39968 topic=Mathematics -> Geometry -> Differential Geome...
  -> call 519/4000: q=q_39968 k=1 prompt_chars=2121
  -> call 520/4000: q=q_39968 k=2 prompt_chars=3931
[item 261/2000 | repeat 1] q_84685 skill=q_84685 topic=Mathematics -> Algebra -> Algebra -> Equation...
  -> call 521/4000: q=q_84685 k=1 prompt_chars=2422
  -> call 522/4000: q=q_84685 k=2 prompt_chars=4533
[item 262/2000 | repeat 1] q_86744 skill=q_86744 topic=Mathematics -> Algebra -> Linear Algebra -> M...
  -> call 523/4000: q=q_86744 k=1 prompt_chars=2369
  -> call 524/4000: q=q_86744 k=2 prompt_chars=4427
[item 263/2000 | repeat 1] q_46331 skill=q_46331 topic=Mathematics -> Applied Mathematics -> Statist...
  -> call 525/4000: q=q_46331 k=1 prompt_chars=2635
  -> call 526/4000: q=q_46331 k=2 prompt_chars=4959
[item 264/2000 | repeat 1] q_1370 skill=q_1370 topic=Mathematics -> Applied Mathematics -> Statist...
  -> call 527/4000: q=q_1370 k=1 prompt_chars=1541
  -> call 528/4000: q=q_1370 k=2 prompt_chars=2771
[item 265/2000 | repeat 1] q_65584 skill=q_65584 topic=Mathematics -> Discrete Mathematics -> Combin...
  -> call 529/4000: q=q_65584 k=1 prompt_chars=2204
  -> call 530/4000: q=q_65584 k=2 prompt_chars=4097
[item 266/2000 | repeat 1] q_102084 skill=q_102084 topic=Mathematics -> Applied Mathematics -> Math Wo...
  -> call 531/4000: q=q_102084 k=1 prompt_chars=1470
  -> call 532/4000: q=q_102084 k=2 prompt_chars=2629
[item 267/2000 | repeat 1] q_55126 skill=q_55126 topic=Mathematics -> Calculus -> Differential Calcu...
  -> call 533/4000: q=q_55126 k=1 prompt_chars=2011
  -> call 534/4000: q=q_55126 k=2 prompt_chars=3711
[item 268/2000 | repeat 1] q_27553 skill=q_27553 topic=Mathematics -> Applied Mathematics -> Statist...
  -> call 535/4000: q=q_27553 k=1 prompt_chars=2147
  -> call 536/4000: q=q_27553 k=2 prompt_chars=3983
[item 269/2000 | repeat 1] q_10444 skill=q_10444 topic=Mathematics -> Algebra -> Abstract Algebra ->...
  -> call 537/4000: q=q_10444 k=1 prompt_chars=1907
  -> call 538/4000: q=q_10444 k=2 prompt_chars=3503
[item 270/2000 | repeat 1] q_33640 skill=q_33640 topic=Mathematics -> Discrete Mathematics -> Combin...
  -> call 539/4000: q=q_33640 k=1 prompt_chars=2467
  -> call 540/4000: q=q_33640 k=2 prompt_chars=4623
[item 271/2000 | repeat 1] q_4367 skill=q_4367 topic=Mathematics -> Number Theory -> Congruences
  -> call 541/4000: q=q_4367 k=1 prompt_chars=2280
  -> call 542/4000: q=q_4367 k=2 prompt_chars=4249
[item 272/2000 | repeat 1] q_68182 skill=q_68182 topic=Mathematics -> Algebra -> Linear Algebra -> L...
  -> call 543/4000: q=q_68182 k=1 prompt_chars=2154
  -> call 544/4000: q=q_68182 k=2 prompt_chars=3997
[item 273/2000 | repeat 1] q_94175 skill=q_94175 topic=Mathematics -> Geometry -> Plane Geometry -> ...
  -> call 545/4000: q=q_94175 k=1 prompt_chars=2156
  -> call 546/4000: q=q_94175 k=2 prompt_chars=4001
[item 274/2000 | repeat 1] q_84875 skill=q_84875 topic=Mathematics -> Calculus -> Integral Calculus ...
  -> call 547/4000: q=q_84875 k=1 prompt_chars=1988
  -> call 548/4000: q=q_84875 k=2 prompt_chars=3665
[item 275/2000 | repeat 1] q_45940 skill=q_45940 topic=Mathematics -> Precalculus -> Limits
  -> call 549/4000: q=q_45940 k=1 prompt_chars=1908
  -> call 550/4000: q=q_45940 k=2 prompt_chars=3505
[item 276/2000 | repeat 1] q_80898 skill=q_80898 topic=Mathematics -> Discrete Mathematics -> Combin...
  -> call 551/4000: q=q_80898 k=1 prompt_chars=2497
  -> call 552/4000: q=q_80898 k=2 prompt_chars=4683
[item 277/2000 | repeat 1] q_46256 skill=q_46256 topic=Mathematics -> Calculus -> Integral Calculus ...
  -> call 553/4000: q=q_46256 k=1 prompt_chars=2332
  -> call 554/4000: q=q_46256 k=2 prompt_chars=4353
[item 278/2000 | repeat 1] q_68230 skill=q_68230 topic=Mathematics -> Number Theory -> Congruences
  -> call 555/4000: q=q_68230 k=1 prompt_chars=1766
  -> call 556/4000: q=q_68230 k=2 prompt_chars=3221
[item 279/2000 | repeat 1] q_43757 skill=q_43757 topic=Mathematics -> Calculus -> Integral Calculus ...
  -> call 557/4000: q=q_43757 k=1 prompt_chars=1961
  -> call 558/4000: q=q_43757 k=2 prompt_chars=3611
[item 280/2000 | repeat 1] q_39803 skill=q_39803 topic=Mathematics -> Algebra -> Intermediate Algebr...
  -> call 559/4000: q=q_39803 k=1 prompt_chars=1896
  -> call 560/4000: q=q_39803 k=2 prompt_chars=3481
[item 281/2000 | repeat 1] q_16804 skill=q_16804 topic=Mathematics -> Algebra -> Abstract Algebra ->...
  -> call 561/4000: q=q_16804 k=1 prompt_chars=2220
  -> call 562/4000: q=q_16804 k=2 prompt_chars=4129
[item 282/2000 | repeat 1] q_49110 skill=q_49110 topic=Mathematics -> Geometry -> Differential Geome...
  -> call 563/4000: q=q_49110 k=1 prompt_chars=1993
  -> call 564/4000: q=q_49110 k=2 prompt_chars=3675
[item 283/2000 | repeat 1] q_85483 skill=q_85483 topic=Mathematics -> Geometry -> Plane Geometry -> ...
  -> call 565/4000: q=q_85483 k=1 prompt_chars=2813
  -> call 566/4000: q=q_85483 k=2 prompt_chars=5315
[item 284/2000 | repeat 1] q_95019 skill=q_95019 topic=Mathematics -> Geometry -> Plane Geometry -> ...
  -> call 567/4000: q=q_95019 k=1 prompt_chars=1722
  -> call 568/4000: q=q_95019 k=2 prompt_chars=3133
[item 285/2000 | repeat 1] q_24977 skill=q_24977 topic=Mathematics -> Applied Mathematics -> Statist...
  -> call 569/4000: q=q_24977 k=1 prompt_chars=2372
  -> call 570/4000: q=q_24977 k=2 prompt_chars=4433
[item 286/2000 | repeat 1] q_12750 skill=q_12750 topic=Mathematics -> Applied Mathematics -> Statist...
  -> call 571/4000: q=q_12750 k=1 prompt_chars=2284
  -> call 572/4000: q=q_12750 k=2 prompt_chars=4257
[item 287/2000 | repeat 1] q_84922 skill=q_84922 topic=Mathematics -> Algebra -> Algebra -> Equation...
  -> call 573/4000: q=q_84922 k=1 prompt_chars=1965
  -> call 574/4000: q=q_84922 k=2 prompt_chars=3619
[item 288/2000 | repeat 1] q_4116 skill=q_4116 topic=Mathematics -> Algebra -> Abstract Algebra ->...
  -> call 575/4000: q=q_4116 k=1 prompt_chars=2001
  -> call 576/4000: q=q_4116 k=2 prompt_chars=3691
[item 289/2000 | repeat 1] q_97416 skill=q_97416 topic=Mathematics -> Geometry -> Plane Geometry -> ...
  -> call 577/4000: q=q_97416 k=1 prompt_chars=1969
  -> call 578/4000: q=q_97416 k=2 prompt_chars=3627
[item 290/2000 | repeat 1] q_84345 skill=q_84345 topic=Mathematics -> Algebra -> Algebra -> Equation...
  -> call 579/4000: q=q_84345 k=1 prompt_chars=1981
  -> call 580/4000: q=q_84345 k=2 prompt_chars=3651
[item 291/2000 | repeat 1] q_49306 skill=q_49306 topic=Mathematics -> Algebra -> Abstract Algebra ->...
  -> call 581/4000: q=q_49306 k=1 prompt_chars=1828
  -> call 582/4000: q=q_49306 k=2 prompt_chars=3345
[item 292/2000 | repeat 1] q_34812 skill=q_34812 topic=Mathematics -> Calculus -> Integral Calculus ...
  -> call 583/4000: q=q_34812 k=1 prompt_chars=2281
  -> call 584/4000: q=q_34812 k=2 prompt_chars=4251
[item 293/2000 | repeat 1] q_17806 skill=q_17806 topic=Mathematics -> Algebra -> Intermediate Algebr...
  -> call 585/4000: q=q_17806 k=1 prompt_chars=2162
  -> call 586/4000: q=q_17806 k=2 prompt_chars=4013
[item 294/2000 | repeat 1] q_19337 skill=q_19337 topic=Mathematics -> Algebra -> Abstract Algebra ->...
  -> call 587/4000: q=q_19337 k=1 prompt_chars=2375
  -> call 588/4000: q=q_19337 k=2 prompt_chars=4439
[item 295/2000 | repeat 1] q_70251 skill=q_70251 topic=Mathematics -> Calculus -> Differential Calcu...
  -> call 589/4000: q=q_70251 k=1 prompt_chars=2228
  -> call 590/4000: q=q_70251 k=2 prompt_chars=4145
[item 296/2000 | repeat 1] q_11936 skill=q_11936 topic=Mathematics -> Calculus -> Integral Calculus ...
  -> call 591/4000: q=q_11936 k=1 prompt_chars=2194
  -> call 592/4000: q=q_11936 k=2 prompt_chars=4077
[item 297/2000 | repeat 1] q_78381 skill=q_78381 topic=Mathematics -> Other
  -> call 593/4000: q=q_78381 k=1 prompt_chars=2046
  -> call 594/4000: q=q_78381 k=2 prompt_chars=3781
[item 298/2000 | repeat 1] q_50595 skill=q_50595 topic=Mathematics -> Calculus -> Differential Calcu...
  -> call 595/4000: q=q_50595 k=1 prompt_chars=2176
  -> call 596/4000: q=q_50595 k=2 prompt_chars=4041
[item 299/2000 | repeat 1] q_13954 skill=q_13954 topic=Mathematics -> Calculus -> Integral Calculus ...
  -> call 597/4000: q=q_13954 k=1 prompt_chars=2339
  -> call 598/4000: q=q_13954 k=2 prompt_chars=4367
[item 300/2000 | repeat 1] q_98802 skill=q_98802 topic=Mathematics -> Algebra -> Algebra -> Equation...
  -> call 599/4000: q=q_98802 k=1 prompt_chars=1613
  -> call 600/4000: q=q_98802 k=2 prompt_chars=2915
[item 301/2000 | repeat 1] q_86017 skill=q_86017 topic=Mathematics -> Precalculus -> Trigonometric F...
  -> call 601/4000: q=q_86017 k=1 prompt_chars=2235
  -> call 602/4000: q=q_86017 k=2 prompt_chars=4159
[item 302/2000 | repeat 1] q_84258 skill=q_84258 topic=Mathematics -> Calculus -> Integral Calculus ...
  -> call 603/4000: q=q_84258 k=1 prompt_chars=1963
  -> call 604/4000: q=q_84258 k=2 prompt_chars=3615
[item 303/2000 | repeat 1] q_69524 skill=q_69524 topic=Mathematics -> Algebra -> Linear Algebra -> L...
  -> call 605/4000: q=q_69524 k=1 prompt_chars=2235
  -> call 606/4000: q=q_69524 k=2 prompt_chars=4159
[item 304/2000 | repeat 1] q_79528 skill=q_79528 topic=Mathematics -> Precalculus -> Limits
  -> call 607/4000: q=q_79528 k=1 prompt_chars=2163
  -> call 608/4000: q=q_79528 k=2 prompt_chars=4015
[item 305/2000 | repeat 1] q_53407 skill=q_53407 topic=Mathematics -> Algebra -> Abstract Algebra ->...
  -> call 609/4000: q=q_53407 k=1 prompt_chars=1778
  -> call 610/4000: q=q_53407 k=2 prompt_chars=3245
[item 306/2000 | repeat 1] q_32116 skill=q_32116 topic=Mathematics -> Calculus -> Integral Calculus ...
  -> call 611/4000: q=q_32116 k=1 prompt_chars=2339
  -> call 612/4000: q=q_32116 k=2 prompt_chars=4367
[item 307/2000 | repeat 1] q_99264 skill=q_99264 topic=Mathematics -> Algebra -> Prealgebra -> Integers
  -> call 613/4000: q=q_99264 k=1 prompt_chars=1972
  -> call 614/4000: q=q_99264 k=2 prompt_chars=3633
[item 308/2000 | repeat 1] q_58409 skill=q_58409 topic=Mathematics -> Number Theory -> Congruences
  -> call 615/4000: q=q_58409 k=1 prompt_chars=2453
  -> call 616/4000: q=q_58409 k=2 prompt_chars=4595
[item 309/2000 | repeat 1] q_71537 skill=q_71537 topic=Mathematics -> Other
  -> call 617/4000: q=q_71537 k=1 prompt_chars=2013
  -> call 618/4000: q=q_71537 k=2 prompt_chars=3715
[item 310/2000 | repeat 1] q_43079 skill=q_43079 topic=Mathematics -> Algebra -> Algebra -> Polynomi...
  -> call 619/4000: q=q_43079 k=1 prompt_chars=2044
  -> call 620/4000: q=q_43079 k=2 prompt_chars=3777
[item 311/2000 | repeat 1] q_78551 skill=q_78551 topic=Mathematics -> Algebra -> Algebra -> Polynomi...
  -> call 621/4000: q=q_78551 k=1 prompt_chars=2565
  -> call 622/4000: q=q_78551 k=2 prompt_chars=4819
[item 312/2000 | repeat 1] q_66273 skill=q_66273 topic=Mathematics -> Geometry -> Differential Geome...
  -> call 623/4000: q=q_66273 k=1 prompt_chars=3028
  -> call 624/4000: q=q_66273 k=2 prompt_chars=5745
[item 313/2000 | repeat 1] q_6894 skill=q_6894 topic=Mathematics -> Calculus -> Integral Calculus ...
  -> call 625/4000: q=q_6894 k=1 prompt_chars=2194
  -> call 626/4000: q=q_6894 k=2 prompt_chars=4077
[item 314/2000 | repeat 1] q_93004 skill=q_93004 topic=Mathematics -> Applied Mathematics -> Statist...
  -> call 627/4000: q=q_93004 k=1 prompt_chars=2506
  -> call 628/4000: q=q_93004 k=2 prompt_chars=4701
[item 315/2000 | repeat 1] q_39236 skill=q_39236 topic=Mathematics -> Number Theory -> Congruences
  -> call 629/4000: q=q_39236 k=1 prompt_chars=2113
  -> call 630/4000: q=q_39236 k=2 prompt_chars=3915
[item 316/2000 | repeat 1] q_74670 skill=q_74670 topic=Mathematics -> Algebra -> Abstract Algebra ->...
  -> call 631/4000: q=q_74670 k=1 prompt_chars=2367
  -> call 632/4000: q=q_74670 k=2 prompt_chars=4423
[item 317/2000 | repeat 1] q_41700 skill=q_41700 topic=Mathematics -> Precalculus -> Limits
  -> call 633/4000: q=q_41700 k=1 prompt_chars=1941
  -> call 634/4000: q=q_41700 k=2 prompt_chars=3571
[item 318/2000 | repeat 1] q_7504 skill=q_7504 topic=Mathematics -> Discrete Mathematics -> Logic
  -> call 635/4000: q=q_7504 k=1 prompt_chars=2164
  -> call 636/4000: q=q_7504 k=2 prompt_chars=4017
[item 319/2000 | repeat 1] q_94230 skill=q_94230 topic=Mathematics -> Algebra -> Algebra -> Algebrai...
  -> call 637/4000: q=q_94230 k=1 prompt_chars=1977
  -> call 638/4000: q=q_94230 k=2 prompt_chars=3643
[item 320/2000 | repeat 1] q_64943 skill=q_64943 topic=Mathematics -> Algebra -> Linear Algebra -> V...
  -> call 639/4000: q=q_64943 k=1 prompt_chars=2376
  -> call 640/4000: q=q_64943 k=2 prompt_chars=4441
[item 321/2000 | repeat 1] q_76480 skill=q_76480 topic=Mathematics -> Calculus -> Differential Calcu...
  -> call 641/4000: q=q_76480 k=1 prompt_chars=1999
  -> call 642/4000: q=q_76480 k=2 prompt_chars=3687
[item 322/2000 | repeat 1] q_94834 skill=q_94834 topic=Mathematics -> Algebra -> Intermediate Algebr...
  -> call 643/4000: q=q_94834 k=1 prompt_chars=2118
  -> call 644/4000: q=q_94834 k=2 prompt_chars=3925
[item 323/2000 | repeat 1] q_77701 skill=q_77701 topic=Mathematics -> Applied Mathematics -> Statist...
  -> call 645/4000: q=q_77701 k=1 prompt_chars=2387
  -> call 646/4000: q=q_77701 k=2 prompt_chars=4463
[item 324/2000 | repeat 1] q_4446 skill=q_4446 topic=Mathematics -> Algebra -> Algebra -> Algebrai...
  -> call 647/4000: q=q_4446 k=1 prompt_chars=2584
  -> call 648/4000: q=q_4446 k=2 prompt_chars=4857
[item 325/2000 | repeat 1] q_62541 skill=q_62541 topic=Mathematics -> Discrete Mathematics -> Graph ...
  -> call 649/4000: q=q_62541 k=1 prompt_chars=2712
  -> call 650/4000: q=q_62541 k=2 prompt_chars=5113
[item 326/2000 | repeat 1] q_33935 skill=q_33935 topic=Mathematics -> Calculus -> Integral Calculus ...
  -> call 651/4000: q=q_33935 k=1 prompt_chars=2210
  -> call 652/4000: q=q_33935 k=2 prompt_chars=4109
[item 327/2000 | repeat 1] q_12785 skill=q_12785 topic=Mathematics -> Algebra -> Abstract Algebra ->...
  -> call 653/4000: q=q_12785 k=1 prompt_chars=2183
  -> call 654/4000: q=q_12785 k=2 prompt_chars=4055
[item 328/2000 | repeat 1] q_76702 skill=q_76702 topic=Mathematics -> Differential Equations -> Ordi...
  -> call 655/4000: q=q_76702 k=1 prompt_chars=2411
  -> call 656/4000: q=q_76702 k=2 prompt_chars=4511
[item 329/2000 | repeat 1] q_78916 skill=q_78916 topic=Mathematics -> Precalculus -> Limits
  -> call 657/4000: q=q_78916 k=1 prompt_chars=2185
  -> call 658/4000: q=q_78916 k=2 prompt_chars=4059
[item 330/2000 | repeat 1] q_1200 skill=q_1200 topic=Mathematics -> Calculus -> Integral Calculus ...
  -> call 659/4000: q=q_1200 k=1 prompt_chars=2372
  -> call 660/4000: q=q_1200 k=2 prompt_chars=4433
[item 331/2000 | repeat 1] q_31786 skill=q_31786 topic=Mathematics -> Algebra -> Linear Algebra -> M...
  -> call 661/4000: q=q_31786 k=1 prompt_chars=1917
  -> call 662/4000: q=q_31786 k=2 prompt_chars=3523
[item 332/2000 | repeat 1] q_22917 skill=q_22917 topic=Mathematics -> Algebra -> Abstract Algebra ->...
  -> call 663/4000: q=q_22917 k=1 prompt_chars=2345
  -> call 664/4000: q=q_22917 k=2 prompt_chars=4379
[item 333/2000 | repeat 1] q_13585 skill=q_13585 topic=Mathematics -> Calculus -> Integral Calculus ...
  -> call 665/4000: q=q_13585 k=1 prompt_chars=1825
  -> call 666/4000: q=q_13585 k=2 prompt_chars=3339
[item 334/2000 | repeat 1] q_69502 skill=q_69502 topic=Mathematics -> Algebra -> Intermediate Algebr...
  -> call 667/4000: q=q_69502 k=1 prompt_chars=2179
  -> call 668/4000: q=q_69502 k=2 prompt_chars=4047
[item 335/2000 | repeat 1] q_93120 skill=q_93120 topic=Mathematics -> Discrete Mathematics -> Combin...
  -> call 669/4000: q=q_93120 k=1 prompt_chars=2014
  -> call 670/4000: q=q_93120 k=2 prompt_chars=3717
[item 336/2000 | repeat 1] q_25687 skill=q_25687 topic=Mathematics -> Calculus -> Differential Calcu...
  -> call 671/4000: q=q_25687 k=1 prompt_chars=2225
  -> call 672/4000: q=q_25687 k=2 prompt_chars=4139
[item 337/2000 | repeat 1] q_10906 skill=q_10906 topic=Mathematics -> Calculus -> Integral Calculus ...
  -> call 673/4000: q=q_10906 k=1 prompt_chars=1657
  -> call 674/4000: q=q_10906 k=2 prompt_chars=3003
[item 338/2000 | repeat 1] q_15302 skill=q_15302 topic=Mathematics -> Applied Mathematics -> Statist...
  -> call 675/4000: q=q_15302 k=1 prompt_chars=2192
  -> call 676/4000: q=q_15302 k=2 prompt_chars=4073
[item 339/2000 | repeat 1] q_92011 skill=q_92011 topic=Mathematics -> Algebra -> Algebra -> Equation...
  -> call 677/4000: q=q_92011 k=1 prompt_chars=2150
  -> call 678/4000: q=q_92011 k=2 prompt_chars=3989
[item 340/2000 | repeat 1] q_39449 skill=q_39449 topic=Mathematics -> Geometry -> Differential Geome...
  -> call 679/4000: q=q_39449 k=1 prompt_chars=1879
  -> call 680/4000: q=q_39449 k=2 prompt_chars=3447
[item 341/2000 | repeat 1] q_37316 skill=q_37316 topic=Mathematics -> Calculus -> Integral Calculus ...
  -> call 681/4000: q=q_37316 k=1 prompt_chars=1779
  -> call 682/4000: q=q_37316 k=2 prompt_chars=3247
[item 342/2000 | repeat 1] q_51664 skill=q_51664 topic=Mathematics -> Precalculus -> Limits
  -> call 683/4000: q=q_51664 k=1 prompt_chars=1816
  -> call 684/4000: q=q_51664 k=2 prompt_chars=3321
[item 343/2000 | repeat 1] q_98431 skill=q_98431 topic=Mathematics -> Algebra -> Intermediate Algebr...
  -> call 685/4000: q=q_98431 k=1 prompt_chars=2054
  -> call 686/4000: q=q_98431 k=2 prompt_chars=3797
[item 344/2000 | repeat 1] q_74472 skill=q_74472 topic=Mathematics -> Algebra -> Intermediate Algebr...
  -> call 687/4000: q=q_74472 k=1 prompt_chars=2404
  -> call 688/4000: q=q_74472 k=2 prompt_chars=4497
[item 345/2000 | repeat 1] q_26338 skill=q_26338 topic=Mathematics -> Calculus -> Integral Calculus ...
  -> call 689/4000: q=q_26338 k=1 prompt_chars=2042
  -> call 690/4000: q=q_26338 k=2 prompt_chars=3773
[item 346/2000 | repeat 1] q_6068 skill=q_6068 topic=Mathematics -> Geometry -> Plane Geometry -> ...
  -> call 691/4000: q=q_6068 k=1 prompt_chars=2383
  -> call 692/4000: q=q_6068 k=2 prompt_chars=4455
[item 347/2000 | repeat 1] q_68639 skill=q_68639 topic=Mathematics -> Geometry -> Non-Euclidean Geom...
  -> call 693/4000: q=q_68639 k=1 prompt_chars=1575
  -> call 694/4000: q=q_68639 k=2 prompt_chars=2839
[item 348/2000 | repeat 1] q_94885 skill=q_94885 topic=Mathematics -> Calculus -> Differential Calcu...
  -> call 695/4000: q=q_94885 k=1 prompt_chars=2108
  -> call 696/4000: q=q_94885 k=2 prompt_chars=3905
[item 349/2000 | repeat 1] q_99481 skill=q_99481 topic=Mathematics -> Geometry -> Plane Geometry -> ...
  -> call 697/4000: q=q_99481 k=1 prompt_chars=1682
  -> call 698/4000: q=q_99481 k=2 prompt_chars=3053
[item 350/2000 | repeat 1] q_68918 skill=q_68918 topic=Mathematics -> Precalculus -> Trigonometric F...
  -> call 699/4000: q=q_68918 k=1 prompt_chars=1835
  -> call 700/4000: q=q_68918 k=2 prompt_chars=3359
[item 351/2000 | repeat 1] q_13994 skill=q_13994 topic=Mathematics -> Geometry -> Solid Geometry -> ...
  -> call 701/4000: q=q_13994 k=1 prompt_chars=2174
  -> call 702/4000: q=q_13994 k=2 prompt_chars=4037
[item 352/2000 | repeat 1] q_60447 skill=q_60447 topic=Mathematics -> Calculus -> Integral Calculus ...
  -> call 703/4000: q=q_60447 k=1 prompt_chars=1883
  -> call 704/4000: q=q_60447 k=2 prompt_chars=3455
[item 353/2000 | repeat 1] q_99523 skill=q_99523 topic=Mathematics -> Number Theory -> Prime Numbers
  -> call 705/4000: q=q_99523 k=1 prompt_chars=2077
  -> call 706/4000: q=q_99523 k=2 prompt_chars=3843
[item 354/2000 | repeat 1] q_57220 skill=q_57220 topic=Mathematics -> Precalculus -> Trigonometric F...
  -> call 707/4000: q=q_57220 k=1 prompt_chars=2040
  -> call 708/4000: q=q_57220 k=2 prompt_chars=3769
[item 355/2000 | repeat 1] q_75553 skill=q_75553 topic=Mathematics -> Number Theory -> Greatest Comm...
  -> call 709/4000: q=q_75553 k=1 prompt_chars=2194
  -> call 710/4000: q=q_75553 k=2 prompt_chars=4077
[item 356/2000 | repeat 1] q_62964 skill=q_62964 topic=Mathematics -> Calculus -> Integral Calculus ...
  -> call 711/4000: q=q_62964 k=1 prompt_chars=1715
  -> call 712/4000: q=q_62964 k=2 prompt_chars=3119
[item 357/2000 | repeat 1] q_69150 skill=q_69150 topic=Mathematics -> Geometry -> Differential Geome...
  -> call 713/4000: q=q_69150 k=1 prompt_chars=2218
  -> call 714/4000: q=q_69150 k=2 prompt_chars=4125
[item 358/2000 | repeat 1] q_45625 skill=q_45625 topic=Mathematics -> Algebra -> Intermediate Algebr...
  -> call 715/4000: q=q_45625 k=1 prompt_chars=1818
  -> call 716/4000: q=q_45625 k=2 prompt_chars=3325
[item 359/2000 | repeat 1] q_38185 skill=q_38185 topic=Mathematics -> Calculus -> Integral Calculus ...
  -> call 717/4000: q=q_38185 k=1 prompt_chars=1953
  -> call 718/4000: q=q_38185 k=2 prompt_chars=3595
[item 360/2000 | repeat 1] q_49809 skill=q_49809 topic=Mathematics -> Number Theory -> Congruences
  -> call 719/4000: q=q_49809 k=1 prompt_chars=2193
  -> call 720/4000: q=q_49809 k=2 prompt_chars=4075
[item 361/2000 | repeat 1] q_10243 skill=q_10243 topic=Mathematics -> Calculus -> Integral Calculus ...
  -> call 721/4000: q=q_10243 k=1 prompt_chars=2050
  -> call 722/4000: q=q_10243 k=2 prompt_chars=3789
[item 362/2000 | repeat 1] q_87047 skill=q_87047 topic=Mathematics -> Geometry -> Plane Geometry -> ...
  -> call 723/4000: q=q_87047 k=1 prompt_chars=2207
  -> call 724/4000: q=q_87047 k=2 prompt_chars=4103
[item 363/2000 | repeat 1] q_3143 skill=q_3143 topic=Mathematics -> Algebra -> Abstract Algebra ->...
  -> call 725/4000: q=q_3143 k=1 prompt_chars=2659
  -> call 726/4000: q=q_3143 k=2 prompt_chars=5007
[item 364/2000 | repeat 1] q_92491 skill=q_92491 topic=Mathematics -> Algebra -> Intermediate Algebr...
  -> call 727/4000: q=q_92491 k=1 prompt_chars=1979
  -> call 728/4000: q=q_92491 k=2 prompt_chars=3647
[item 365/2000 | repeat 1] q_96173 skill=q_96173 topic=Mathematics -> Geometry -> Plane Geometry -> ...
  -> call 729/4000: q=q_96173 k=1 prompt_chars=2286
  -> call 730/4000: q=q_96173 k=2 prompt_chars=4261
[item 366/2000 | repeat 1] q_27126 skill=q_27126 topic=Mathematics -> Number Theory -> Congruences
  -> call 731/4000: q=q_27126 k=1 prompt_chars=1278
  -> call 732/4000: q=q_27126 k=2 prompt_chars=2245
[item 367/2000 | repeat 1] q_97902 skill=q_97902 topic=Mathematics -> Geometry -> Plane Geometry -> ...
  -> call 733/4000: q=q_97902 k=1 prompt_chars=1833
  -> call 734/4000: q=q_97902 k=2 prompt_chars=3355
[item 368/2000 | repeat 1] q_20574 skill=q_20574 topic=Mathematics -> Algebra -> Linear Algebra -> V...
  -> call 735/4000: q=q_20574 k=1 prompt_chars=1764
  -> call 736/4000: q=q_20574 k=2 prompt_chars=3217
[item 369/2000 | repeat 1] q_8544 skill=q_8544 topic=Mathematics -> Number Theory -> Congruences
  -> call 737/4000: q=q_8544 k=1 prompt_chars=2181
  -> call 738/4000: q=q_8544 k=2 prompt_chars=4051
[item 370/2000 | repeat 1] q_29856 skill=q_29856 topic=Mathematics -> Calculus -> Integral Calculus ...
  -> call 739/4000: q=q_29856 k=1 prompt_chars=1800
  -> call 740/4000: q=q_29856 k=2 prompt_chars=3289
[item 371/2000 | repeat 1] q_8984 skill=q_8984 topic=Mathematics -> Calculus -> Integral Calculus ...
  -> call 741/4000: q=q_8984 k=1 prompt_chars=1714
  -> call 742/4000: q=q_8984 k=2 prompt_chars=3117
[item 372/2000 | repeat 1] q_5796 skill=q_5796 topic=Mathematics -> Calculus -> Differential Calcu...
  -> call 743/4000: q=q_5796 k=1 prompt_chars=2281
  -> call 744/4000: q=q_5796 k=2 prompt_chars=4251
[item 373/2000 | repeat 1] q_83867 skill=q_83867 topic=Mathematics -> Calculus -> Differential Calcu...
  -> call 745/4000: q=q_83867 k=1 prompt_chars=1770
  -> call 746/4000: q=q_83867 k=2 prompt_chars=3229
[item 374/2000 | repeat 1] q_35717 skill=q_35717 topic=Mathematics -> Calculus -> Integral Calculus ...
  -> call 747/4000: q=q_35717 k=1 prompt_chars=2212
  -> call 748/4000: q=q_35717 k=2 prompt_chars=4113
[item 375/2000 | repeat 1] q_33893 skill=q_33893 topic=Mathematics -> Applied Mathematics -> Statist...
  -> call 749/4000: q=q_33893 k=1 prompt_chars=1837
  -> call 750/4000: q=q_33893 k=2 prompt_chars=3363
[item 376/2000 | repeat 1] q_28422 skill=q_28422 topic=Mathematics -> Algebra -> Abstract Algebra ->...
  -> call 751/4000: q=q_28422 k=1 prompt_chars=2304
  -> call 752/4000: q=q_28422 k=2 prompt_chars=4297
[item 377/2000 | repeat 1] q_66080 skill=q_66080 topic=Mathematics -> Applied Mathematics -> Statist...
  -> call 753/4000: q=q_66080 k=1 prompt_chars=1891
  -> call 754/4000: q=q_66080 k=2 prompt_chars=3471
[item 378/2000 | repeat 1] q_45894 skill=q_45894 topic=Mathematics -> Calculus -> Integral Calculus ...
  -> call 755/4000: q=q_45894 k=1 prompt_chars=1999
  -> call 756/4000: q=q_45894 k=2 prompt_chars=3687
[item 379/2000 | repeat 1] q_15519 skill=q_15519 topic=Mathematics -> Algebra -> Linear Algebra -> M...
  -> call 757/4000: q=q_15519 k=1 prompt_chars=1965
  -> call 758/4000: q=q_15519 k=2 prompt_chars=3619
[item 380/2000 | repeat 1] q_44340 skill=q_44340 topic=Mathematics -> Differential Equations -> Ordi...
  -> call 759/4000: q=q_44340 k=1 prompt_chars=2094
  -> call 760/4000: q=q_44340 k=2 prompt_chars=3877
[item 381/2000 | repeat 1] q_60162 skill=q_60162 topic=Mathematics -> Applied Mathematics -> Statist...
  -> call 761/4000: q=q_60162 k=1 prompt_chars=2132
  -> call 762/4000: q=q_60162 k=2 prompt_chars=3953
[item 382/2000 | repeat 1] q_52102 skill=q_52102 topic=Mathematics -> Calculus -> Integral Calculus ...
  -> call 763/4000: q=q_52102 k=1 prompt_chars=1970
  -> call 764/4000: q=q_52102 k=2 prompt_chars=3629
[item 383/2000 | repeat 1] q_84231 skill=q_84231 topic=Mathematics -> Calculus -> Differential Calcu...
  -> call 765/4000: q=q_84231 k=1 prompt_chars=2763
  -> call 766/4000: q=q_84231 k=2 prompt_chars=5215
[item 384/2000 | repeat 1] q_35369 skill=q_35369 topic=Mathematics -> Calculus -> Integral Calculus ...
  -> call 767/4000: q=q_35369 k=1 prompt_chars=1990
  -> call 768/4000: q=q_35369 k=2 prompt_chars=3669
[item 385/2000 | repeat 1] q_102701 skill=q_102701 topic=Mathematics -> Geometry -> Plane Geometry -> ...
  -> call 769/4000: q=q_102701 k=1 prompt_chars=2595
  -> call 770/4000: q=q_102701 k=2 prompt_chars=4879
[item 386/2000 | repeat 1] q_4405 skill=q_4405 topic=Mathematics -> Calculus -> Integral Calculus ...
  -> call 771/4000: q=q_4405 k=1 prompt_chars=2037
  -> call 772/4000: q=q_4405 k=2 prompt_chars=3763
[item 387/2000 | repeat 1] q_12092 skill=q_12092 topic=Mathematics -> Differential Equations -> Ordi...
  -> call 773/4000: q=q_12092 k=1 prompt_chars=2081
  -> call 774/4000: q=q_12092 k=2 prompt_chars=3851
[item 388/2000 | repeat 1] q_29063 skill=q_29063 topic=Mathematics -> Calculus -> Differential Calcu...
  -> call 775/4000: q=q_29063 k=1 prompt_chars=1877
  -> call 776/4000: q=q_29063 k=2 prompt_chars=3443
[item 389/2000 | repeat 1] q_29024 skill=q_29024 topic=Mathematics -> Geometry -> Differential Geome...
  -> call 777/4000: q=q_29024 k=1 prompt_chars=2248
  -> call 778/4000: q=q_29024 k=2 prompt_chars=4185
[item 390/2000 | repeat 1] q_30965 skill=q_30965 topic=Mathematics -> Precalculus -> Limits
  -> call 779/4000: q=q_30965 k=1 prompt_chars=2162
  -> call 780/4000: q=q_30965 k=2 prompt_chars=4013
[item 391/2000 | repeat 1] q_17115 skill=q_17115 topic=Mathematics -> Geometry -> Plane Geometry -> ...
  -> call 781/4000: q=q_17115 k=1 prompt_chars=1978
  -> call 782/4000: q=q_17115 k=2 prompt_chars=3645
[item 392/2000 | repeat 1] q_36634 skill=q_36634 topic=Mathematics -> Number Theory -> Congruences
  -> call 783/4000: q=q_36634 k=1 prompt_chars=2201
  -> call 784/4000: q=q_36634 k=2 prompt_chars=4091
[item 393/2000 | repeat 1] q_13063 skill=q_13063 topic=Mathematics -> Applied Mathematics -> Statist...
  -> call 785/4000: q=q_13063 k=1 prompt_chars=2223
  -> call 786/4000: q=q_13063 k=2 prompt_chars=4135
[item 394/2000 | repeat 1] q_41539 skill=q_41539 topic=Mathematics -> Precalculus -> Limits
  -> call 787/4000: q=q_41539 k=1 prompt_chars=2460
  -> call 788/4000: q=q_41539 k=2 prompt_chars=4609
[item 395/2000 | repeat 1] q_48901 skill=q_48901 topic=Mathematics -> Calculus -> Integral Calculus ...
  -> call 789/4000: q=q_48901 k=1 prompt_chars=2281
  -> call 790/4000: q=q_48901 k=2 prompt_chars=4251
[item 396/2000 | repeat 1] q_94173 skill=q_94173 topic=Mathematics -> Number Theory -> Congruences
  -> call 791/4000: q=q_94173 k=1 prompt_chars=2121
  -> call 792/4000: q=q_94173 k=2 prompt_chars=3931
[item 397/2000 | repeat 1] q_81288 skill=q_81288 topic=Mathematics -> Algebra -> Intermediate Algebr...
  -> call 793/4000: q=q_81288 k=1 prompt_chars=2253
  -> call 794/4000: q=q_81288 k=2 prompt_chars=4195
[item 398/2000 | repeat 1] q_94371 skill=q_94371 topic=Mathematics -> Geometry -> Plane Geometry -> ...
  -> call 795/4000: q=q_94371 k=1 prompt_chars=2339
  -> call 796/4000: q=q_94371 k=2 prompt_chars=4367
[item 399/2000 | repeat 1] q_41674 skill=q_41674 topic=Mathematics -> Algebra -> Intermediate Algebr...
  -> call 797/4000: q=q_41674 k=1 prompt_chars=2055
  -> call 798/4000: q=q_41674 k=2 prompt_chars=3799
[item 400/2000 | repeat 1] q_47311 skill=q_47311 topic=Mathematics -> Calculus -> Integral Calculus ...
  -> call 799/4000: q=q_47311 k=1 prompt_chars=2341
  -> call 800/4000: q=q_47311 k=2 prompt_chars=4371
[item 401/2000 | repeat 1] q_56052 skill=q_56052 topic=Mathematics -> Calculus -> Differential Calcu...
  -> call 801/4000: q=q_56052 k=1 prompt_chars=1950
  -> call 802/4000: q=q_56052 k=2 prompt_chars=3589
[item 402/2000 | repeat 1] q_16620 skill=q_16620 topic=Mathematics -> Precalculus -> Limits
  -> call 803/4000: q=q_16620 k=1 prompt_chars=2142
  -> call 804/4000: q=q_16620 k=2 prompt_chars=3973
[item 403/2000 | repeat 1] q_76927 skill=q_76927 topic=Mathematics -> Geometry -> Non-Euclidean Geom...
  -> call 805/4000: q=q_76927 k=1 prompt_chars=1496
  -> call 806/4000: q=q_76927 k=2 prompt_chars=2681
[item 404/2000 | repeat 1] q_21883 skill=q_21883 topic=Mathematics -> Applied Mathematics -> Statist...
  -> call 807/4000: q=q_21883 k=1 prompt_chars=2025
  -> call 808/4000: q=q_21883 k=2 prompt_chars=3739
[item 405/2000 | repeat 1] q_47935 skill=q_47935 topic=Mathematics -> Calculus -> Integral Calculus ...
  -> call 809/4000: q=q_47935 k=1 prompt_chars=1939
  -> call 810/4000: q=q_47935 k=2 prompt_chars=3567
[item 406/2000 | repeat 1] q_32137 skill=q_32137 topic=Mathematics -> Other
  -> call 811/4000: q=q_32137 k=1 prompt_chars=2003
  -> call 812/4000: q=q_32137 k=2 prompt_chars=3695
[item 407/2000 | repeat 1] q_16591 skill=q_16591 topic=Mathematics -> Calculus -> Differential Calcu...
  -> call 813/4000: q=q_16591 k=1 prompt_chars=2119
  -> call 814/4000: q=q_16591 k=2 prompt_chars=3927
[item 408/2000 | repeat 1] q_97877 skill=q_97877 topic=Mathematics -> Precalculus -> Trigonometric F...
  -> call 815/4000: q=q_97877 k=1 prompt_chars=2203
  -> call 816/4000: q=q_97877 k=2 prompt_chars=4095
[item 409/2000 | repeat 1] q_16757 skill=q_16757 topic=Mathematics -> Number Theory -> Factorization
  -> call 817/4000: q=q_16757 k=1 prompt_chars=1923
  -> call 818/4000: q=q_16757 k=2 prompt_chars=3535
[item 410/2000 | repeat 1] q_44608 skill=q_44608 topic=Mathematics -> Algebra -> Abstract Algebra ->...
  -> call 819/4000: q=q_44608 k=1 prompt_chars=2071
  -> call 820/4000: q=q_44608 k=2 prompt_chars=3831
[item 411/2000 | repeat 1] q_8210 skill=q_8210 topic=Mathematics -> Algebra -> Abstract Algebra ->...
  -> call 821/4000: q=q_8210 k=1 prompt_chars=2784
  -> call 822/4000: q=q_8210 k=2 prompt_chars=5257
[item 412/2000 | repeat 1] q_33090 skill=q_33090 topic=Mathematics -> Calculus -> Differential Calcu...
  -> call 823/4000: q=q_33090 k=1 prompt_chars=1865
  -> call 824/4000: q=q_33090 k=2 prompt_chars=3419
[item 413/2000 | repeat 1] q_7114 skill=q_7114 topic=Mathematics -> Geometry -> Differential Geome...
  -> call 825/4000: q=q_7114 k=1 prompt_chars=2181
  -> call 826/4000: q=q_7114 k=2 prompt_chars=4051
[item 414/2000 | repeat 1] q_12737 skill=q_12737 topic=Mathematics -> Calculus -> Integral Calculus ...
  -> call 827/4000: q=q_12737 k=1 prompt_chars=2116
  -> call 828/4000: q=q_12737 k=2 prompt_chars=3921
[item 415/2000 | repeat 1] q_34593 skill=q_34593 topic=Mathematics -> Algebra -> Algebra -> Equation...
  -> call 829/4000: q=q_34593 k=1 prompt_chars=2091
  -> call 830/4000: q=q_34593 k=2 prompt_chars=3871
[item 416/2000 | repeat 1] q_38945 skill=q_38945 topic=Mathematics -> Applied Mathematics -> Statist...
  -> call 831/4000: q=q_38945 k=1 prompt_chars=2225
  -> call 832/4000: q=q_38945 k=2 prompt_chars=4139
[item 417/2000 | repeat 1] q_9781 skill=q_9781 topic=Mathematics -> Calculus -> Integral Calculus ...
  -> call 833/4000: q=q_9781 k=1 prompt_chars=2074
  -> call 834/4000: q=q_9781 k=2 prompt_chars=3837
[item 418/2000 | repeat 1] q_93695 skill=q_93695 topic=Mathematics -> Number Theory -> Greatest Comm...
  -> call 835/4000: q=q_93695 k=1 prompt_chars=2550
  -> call 836/4000: q=q_93695 k=2 prompt_chars=4789
[item 419/2000 | repeat 1] q_96825 skill=q_96825 topic=Mathematics -> Algebra -> Prealgebra -> Simpl...
  -> call 837/4000: q=q_96825 k=1 prompt_chars=1858
  -> call 838/4000: q=q_96825 k=2 prompt_chars=3405
[item 420/2000 | repeat 1] q_6187 skill=q_6187 topic=Mathematics -> Number Theory -> Other
  -> call 839/4000: q=q_6187 k=1 prompt_chars=2616
  -> call 840/4000: q=q_6187 k=2 prompt_chars=4921
[item 421/2000 | repeat 1] q_76550 skill=q_76550 topic=Mathematics -> Calculus -> Integral Calculus ...
  -> call 841/4000: q=q_76550 k=1 prompt_chars=1881
  -> call 842/4000: q=q_76550 k=2 prompt_chars=3451
[item 422/2000 | repeat 1] q_11014 skill=q_11014 topic=Mathematics -> Calculus -> Integral Calculus ...
  -> call 843/4000: q=q_11014 k=1 prompt_chars=2499
  -> call 844/4000: q=q_11014 k=2 prompt_chars=4687
[item 423/2000 | repeat 1] q_46263 skill=q_46263 topic=Mathematics -> Calculus -> Integral Calculus ...
  -> call 845/4000: q=q_46263 k=1 prompt_chars=1932
  -> call 846/4000: q=q_46263 k=2 prompt_chars=3553
[item 424/2000 | repeat 1] q_11063 skill=q_11063 topic=Mathematics -> Calculus -> Integral Calculus ...
  -> call 847/4000: q=q_11063 k=1 prompt_chars=2567
  -> call 848/4000: q=q_11063 k=2 prompt_chars=4823
[item 425/2000 | repeat 1] q_91038 skill=q_91038 topic=Mathematics -> Algebra -> Intermediate Algebr...
  -> call 849/4000: q=q_91038 k=1 prompt_chars=1881
  -> call 850/4000: q=q_91038 k=2 prompt_chars=3451
[item 426/2000 | repeat 1] q_24648 skill=q_24648 topic=Mathematics -> Calculus -> Integral Calculus ...
  -> call 851/4000: q=q_24648 k=1 prompt_chars=2250
  -> call 852/4000: q=q_24648 k=2 prompt_chars=4189
[item 427/2000 | repeat 1] q_69060 skill=q_69060 topic=Mathematics -> Calculus -> Integral Calculus ...
  -> call 853/4000: q=q_69060 k=1 prompt_chars=1732
  -> call 854/4000: q=q_69060 k=2 prompt_chars=3153
[item 428/2000 | repeat 1] q_18112 skill=q_18112 topic=Mathematics -> Algebra -> Abstract Algebra ->...
  -> call 855/4000: q=q_18112 k=1 prompt_chars=2169
  -> call 856/4000: q=q_18112 k=2 prompt_chars=4027
[item 429/2000 | repeat 1] q_5374 skill=q_5374 topic=Mathematics -> Applied Mathematics -> Statist...
  -> call 857/4000: q=q_5374 k=1 prompt_chars=2695
  -> call 858/4000: q=q_5374 k=2 prompt_chars=5079
[item 430/2000 | repeat 1] q_102105 skill=q_102105 topic=Mathematics -> Geometry -> Plane Geometry -> ...
  -> call 859/4000: q=q_102105 k=1 prompt_chars=2151
  -> call 860/4000: q=q_102105 k=2 prompt_chars=3991
[item 431/2000 | repeat 1] q_81742 skill=q_81742 topic=Mathematics -> Algebra -> Intermediate Algebr...
  -> call 861/4000: q=q_81742 k=1 prompt_chars=2037
  -> call 862/4000: q=q_81742 k=2 prompt_chars=3763
[item 432/2000 | repeat 1] q_82779 skill=q_82779 topic=Mathematics -> Algebra -> Intermediate Algebr...
  -> call 863/4000: q=q_82779 k=1 prompt_chars=2151
  -> call 864/4000: q=q_82779 k=2 prompt_chars=3991
[item 433/2000 | repeat 1] q_21751 skill=q_21751 topic=Mathematics -> Calculus -> Differential Calcu...
  -> call 865/4000: q=q_21751 k=1 prompt_chars=1946
  -> call 866/4000: q=q_21751 k=2 prompt_chars=3581
[item 434/2000 | repeat 1] q_92455 skill=q_92455 topic=Mathematics -> Other
  -> call 867/4000: q=q_92455 k=1 prompt_chars=2114
  -> call 868/4000: q=q_92455 k=2 prompt_chars=3917
[item 435/2000 | repeat 1] q_39010 skill=q_39010 topic=Mathematics -> Precalculus -> Trigonometric F...
  -> call 869/4000: q=q_39010 k=1 prompt_chars=1964
  -> call 870/4000: q=q_39010 k=2 prompt_chars=3617
[item 436/2000 | repeat 1] q_42910 skill=q_42910 topic=Mathematics -> Calculus -> Differential Calcu...
  -> call 871/4000: q=q_42910 k=1 prompt_chars=2046
  -> call 872/4000: q=q_42910 k=2 prompt_chars=3781
[item 437/2000 | repeat 1] q_99460 skill=q_99460 topic=Mathematics -> Geometry -> Plane Geometry -> ...
  -> call 873/4000: q=q_99460 k=1 prompt_chars=2097
  -> call 874/4000: q=q_99460 k=2 prompt_chars=3883
[item 438/2000 | repeat 1] q_97694 skill=q_97694 topic=Mathematics -> Geometry -> Solid Geometry -> ...
  -> call 875/4000: q=q_97694 k=1 prompt_chars=2359
  -> call 876/4000: q=q_97694 k=2 prompt_chars=4407
[item 439/2000 | repeat 1] q_91730 skill=q_91730 topic=Mathematics -> Algebra -> Intermediate Algebr...
  -> call 877/4000: q=q_91730 k=1 prompt_chars=2043
  -> call 878/4000: q=q_91730 k=2 prompt_chars=3775
[item 440/2000 | repeat 1] q_6004 skill=q_6004 topic=Mathematics -> Number Theory -> Other
  -> call 879/4000: q=q_6004 k=1 prompt_chars=2103
  -> call 880/4000: q=q_6004 k=2 prompt_chars=3895
[item 441/2000 | repeat 1] q_94603 skill=q_94603 topic=Mathematics -> Algebra -> Prealgebra -> Simpl...
  -> call 881/4000: q=q_94603 k=1 prompt_chars=1889
  -> call 882/4000: q=q_94603 k=2 prompt_chars=3467
[item 442/2000 | repeat 1] q_84868 skill=q_84868 topic=Mathematics -> Geometry -> Plane Geometry -> ...
  -> call 883/4000: q=q_84868 k=1 prompt_chars=2394
  -> call 884/4000: q=q_84868 k=2 prompt_chars=4477
[item 443/2000 | repeat 1] q_73587 skill=q_73587 topic=Mathematics -> Precalculus -> Limits
  -> call 885/4000: q=q_73587 k=1 prompt_chars=1977
  -> call 886/4000: q=q_73587 k=2 prompt_chars=3643
[item 444/2000 | repeat 1] q_99105 skill=q_99105 topic=Mathematics -> Geometry -> Plane Geometry -> ...
  -> call 887/4000: q=q_99105 k=1 prompt_chars=2116
  -> call 888/4000: q=q_99105 k=2 prompt_chars=3921
[item 445/2000 | repeat 1] q_77134 skill=q_77134 topic=Mathematics -> Calculus -> Differential Calcu...
  -> call 889/4000: q=q_77134 k=1 prompt_chars=1561
  -> call 890/4000: q=q_77134 k=2 prompt_chars=2811
[item 446/2000 | repeat 1] q_38712 skill=q_38712 topic=Mathematics -> Calculus -> Integral Calculus ...
  -> call 891/4000: q=q_38712 k=1 prompt_chars=2337
  -> call 892/4000: q=q_38712 k=2 prompt_chars=4363
[item 447/2000 | repeat 1] q_48474 skill=q_48474 topic=Mathematics -> Algebra -> Abstract Algebra ->...
  -> call 893/4000: q=q_48474 k=1 prompt_chars=1915
  -> call 894/4000: q=q_48474 k=2 prompt_chars=3519
[item 448/2000 | repeat 1] q_86697 skill=q_86697 topic=Mathematics -> Other
  -> call 895/4000: q=q_86697 k=1 prompt_chars=2039
  -> call 896/4000: q=q_86697 k=2 prompt_chars=3767
[item 449/2000 | repeat 1] q_4984 skill=q_4984 topic=Mathematics -> Applied Mathematics -> Statist...
  -> call 897/4000: q=q_4984 k=1 prompt_chars=2239
  -> call 898/4000: q=q_4984 k=2 prompt_chars=4167
[item 450/2000 | repeat 1] q_71355 skill=q_71355 topic=Mathematics -> Calculus -> Integral Calculus ...
  -> call 899/4000: q=q_71355 k=1 prompt_chars=1945
  -> call 900/4000: q=q_71355 k=2 prompt_chars=3579
[item 451/2000 | repeat 1] q_81127 skill=q_81127 topic=Mathematics -> Calculus -> Integral Calculus ...
  -> call 901/4000: q=q_81127 k=1 prompt_chars=2374
  -> call 902/4000: q=q_81127 k=2 prompt_chars=4437
[item 452/2000 | repeat 1] q_10819 skill=q_10819 topic=Mathematics -> Discrete Mathematics -> Combin...
  -> call 903/4000: q=q_10819 k=1 prompt_chars=1757
  -> call 904/4000: q=q_10819 k=2 prompt_chars=3203
[item 453/2000 | repeat 1] q_96869 skill=q_96869 topic=Mathematics -> Discrete Mathematics -> Combin...
  -> call 905/4000: q=q_96869 k=1 prompt_chars=2149
  -> call 906/4000: q=q_96869 k=2 prompt_chars=3987
[item 454/2000 | repeat 1] q_32472 skill=q_32472 topic=Mathematics -> Calculus -> Differential Calcu...
  -> call 907/4000: q=q_32472 k=1 prompt_chars=1732
  -> call 908/4000: q=q_32472 k=2 prompt_chars=3153
[item 455/2000 | repeat 1] q_34750 skill=q_34750 topic=Mathematics -> Calculus -> Integral Calculus ...
  -> call 909/4000: q=q_34750 k=1 prompt_chars=1991
  -> call 910/4000: q=q_34750 k=2 prompt_chars=3671
[item 456/2000 | repeat 1] q_93285 skill=q_93285 topic=Mathematics -> Number Theory -> Factorization
  -> call 911/4000: q=q_93285 k=1 prompt_chars=2275
  -> call 912/4000: q=q_93285 k=2 prompt_chars=4239
[item 457/2000 | repeat 1] q_22665 skill=q_22665 topic=Mathematics -> Calculus -> Integral Calculus ...
  -> call 913/4000: q=q_22665 k=1 prompt_chars=2058
  -> call 914/4000: q=q_22665 k=2 prompt_chars=3805
[item 458/2000 | repeat 1] q_57116 skill=q_57116 topic=Mathematics -> Calculus -> Integral Calculus ...
  -> call 915/4000: q=q_57116 k=1 prompt_chars=2498
  -> call 916/4000: q=q_57116 k=2 prompt_chars=4685
[item 459/2000 | repeat 1] q_88669 skill=q_88669 topic=Mathematics -> Algebra -> Algebra -> Equation...
  -> call 917/4000: q=q_88669 k=1 prompt_chars=2161
  -> call 918/4000: q=q_88669 k=2 prompt_chars=4011
[item 460/2000 | repeat 1] q_94382 skill=q_94382 topic=Mathematics -> Geometry -> Plane Geometry -> ...
  -> call 919/4000: q=q_94382 k=1 prompt_chars=2436
  -> call 920/4000: q=q_94382 k=2 prompt_chars=4561
[item 461/2000 | repeat 1] q_89407 skill=q_89407 topic=Mathematics -> Geometry -> Plane Geometry -> ...
  -> call 921/4000: q=q_89407 k=1 prompt_chars=2049
  -> call 922/4000: q=q_89407 k=2 prompt_chars=3787
[item 462/2000 | repeat 1] q_11660 skill=q_11660 topic=Mathematics -> Calculus -> Differential Calcu...
  -> call 923/4000: q=q_11660 k=1 prompt_chars=2138
  -> call 924/4000: q=q_11660 k=2 prompt_chars=3965
[item 463/2000 | repeat 1] q_37397 skill=q_37397 topic=Mathematics -> Discrete Mathematics -> Combin...
  -> call 925/4000: q=q_37397 k=1 prompt_chars=2190
  -> call 926/4000: q=q_37397 k=2 prompt_chars=4069
[item 464/2000 | repeat 1] q_86694 skill=q_86694 topic=Mathematics -> Applied Mathematics -> Math Wo...
  -> call 927/4000: q=q_86694 k=1 prompt_chars=2209
  -> call 928/4000: q=q_86694 k=2 prompt_chars=4107
[item 465/2000 | repeat 1] q_8253 skill=q_8253 topic=Mathematics -> Precalculus -> Trigonometric F...
  -> call 929/4000: q=q_8253 k=1 prompt_chars=2060
  -> call 930/4000: q=q_8253 k=2 prompt_chars=3809
[item 466/2000 | repeat 1] q_11075 skill=q_11075 topic=Mathematics -> Calculus -> Integral Calculus ...
  -> call 931/4000: q=q_11075 k=1 prompt_chars=1872
  -> call 932/4000: q=q_11075 k=2 prompt_chars=3433
[item 467/2000 | repeat 1] q_97796 skill=q_97796 topic=Mathematics -> Algebra -> Intermediate Algebr...
  -> call 933/4000: q=q_97796 k=1 prompt_chars=1939
  -> call 934/4000: q=q_97796 k=2 prompt_chars=3567
[item 468/2000 | repeat 1] q_2652 skill=q_2652 topic=Mathematics -> Applied Mathematics -> Statist...
  -> call 935/4000: q=q_2652 k=1 prompt_chars=1968
  -> call 936/4000: q=q_2652 k=2 prompt_chars=3625
[item 469/2000 | repeat 1] q_101830 skill=q_101830 topic=Mathematics -> Algebra -> Intermediate Algebr...
  -> call 937/4000: q=q_101830 k=1 prompt_chars=2242
  -> call 938/4000: q=q_101830 k=2 prompt_chars=4173
[item 470/2000 | repeat 1] q_59300 skill=q_59300 topic=Mathematics -> Calculus -> Integral Calculus ...
  -> call 939/4000: q=q_59300 k=1 prompt_chars=2041
  -> call 940/4000: q=q_59300 k=2 prompt_chars=3771
[item 471/2000 | repeat 1] q_13555 skill=q_13555 topic=Mathematics -> Applied Mathematics -> Statist...
  -> call 941/4000: q=q_13555 k=1 prompt_chars=3149
  -> call 942/4000: q=q_13555 k=2 prompt_chars=5987
[item 472/2000 | repeat 1] q_6061 skill=q_6061 topic=Mathematics -> Calculus -> Integral Calculus ...
  -> call 943/4000: q=q_6061 k=1 prompt_chars=2005
  -> call 944/4000: q=q_6061 k=2 prompt_chars=3699
[item 473/2000 | repeat 1] q_95023 skill=q_95023 topic=Mathematics -> Algebra -> Intermediate Algebr...
  -> call 945/4000: q=q_95023 k=1 prompt_chars=2343
  -> call 946/4000: q=q_95023 k=2 prompt_chars=4375
[item 474/2000 | repeat 1] q_92955 skill=q_92955 topic=Mathematics -> Precalculus -> Trigonometric F...
  -> call 947/4000: q=q_92955 k=1 prompt_chars=2010
  -> call 948/4000: q=q_92955 k=2 prompt_chars=3709
[item 475/2000 | repeat 1] q_60566 skill=q_60566 topic=Mathematics -> Algebra -> Linear Algebra -> L...
  -> call 949/4000: q=q_60566 k=1 prompt_chars=1906
  -> call 950/4000: q=q_60566 k=2 prompt_chars=3501
[item 476/2000 | repeat 1] q_95271 skill=q_95271 topic=Mathematics -> Geometry -> Plane Geometry -> ...
  -> call 951/4000: q=q_95271 k=1 prompt_chars=2313
  -> call 952/4000: q=q_95271 k=2 prompt_chars=4315
[item 477/2000 | repeat 1] q_34636 skill=q_34636 topic=Mathematics -> Algebra -> Abstract Algebra ->...
  -> call 953/4000: q=q_34636 k=1 prompt_chars=1865
  -> call 954/4000: q=q_34636 k=2 prompt_chars=3419
[item 478/2000 | repeat 1] q_20021 skill=q_20021 topic=Mathematics -> Number Theory -> Other
  -> call 955/4000: q=q_20021 k=1 prompt_chars=2748
  -> call 956/4000: q=q_20021 k=2 prompt_chars=5185
[item 479/2000 | repeat 1] q_78322 skill=q_78322 topic=Mathematics -> Calculus -> Integral Calculus ...
  -> call 957/4000: q=q_78322 k=1 prompt_chars=2134
  -> call 958/4000: q=q_78322 k=2 prompt_chars=3957
[item 480/2000 | repeat 1] q_79000 skill=q_79000 topic=Mathematics -> Calculus -> Integral Calculus ...
  -> call 959/4000: q=q_79000 k=1 prompt_chars=2196
  -> call 960/4000: q=q_79000 k=2 prompt_chars=4081
[item 481/2000 | repeat 1] q_71756 skill=q_71756 topic=Mathematics -> Algebra -> Linear Algebra -> V...
  -> call 961/4000: q=q_71756 k=1 prompt_chars=2359
  -> call 962/4000: q=q_71756 k=2 prompt_chars=4407
[item 482/2000 | repeat 1] q_62918 skill=q_62918 topic=Mathematics -> Applied Mathematics -> Statist...
  -> call 963/4000: q=q_62918 k=1 prompt_chars=2575
  -> call 964/4000: q=q_62918 k=2 prompt_chars=4839
[item 483/2000 | repeat 1] q_33605 skill=q_33605 topic=Mathematics -> Geometry -> Differential Geome...
  -> call 965/4000: q=q_33605 k=1 prompt_chars=2082
  -> call 966/4000: q=q_33605 k=2 prompt_chars=3853
[item 484/2000 | repeat 1] q_93818 skill=q_93818 topic=Mathematics -> Number Theory -> Factorization
  -> call 967/4000: q=q_93818 k=1 prompt_chars=2231
  -> call 968/4000: q=q_93818 k=2 prompt_chars=4151
[item 485/2000 | repeat 1] q_8715 skill=q_8715 topic=Mathematics -> Algebra -> Abstract Algebra ->...
  -> call 969/4000: q=q_8715 k=1 prompt_chars=2317
  -> call 970/4000: q=q_8715 k=2 prompt_chars=4323
[item 486/2000 | repeat 1] q_34253 skill=q_34253 topic=Mathematics -> Applied Mathematics -> Statist...
  -> call 971/4000: q=q_34253 k=1 prompt_chars=2167
  -> call 972/4000: q=q_34253 k=2 prompt_chars=4023
[item 487/2000 | repeat 1] q_97572 skill=q_97572 topic=Mathematics -> Number Theory -> Factorization
  -> call 973/4000: q=q_97572 k=1 prompt_chars=2036
  -> call 974/4000: q=q_97572 k=2 prompt_chars=3761
[item 488/2000 | repeat 1] q_15388 skill=q_15388 topic=Mathematics -> Algebra -> Algebra -> Equation...
  -> call 975/4000: q=q_15388 k=1 prompt_chars=2174
  -> call 976/4000: q=q_15388 k=2 prompt_chars=4037
[item 489/2000 | repeat 1] q_10013 skill=q_10013 topic=Mathematics -> Calculus -> Differential Calcu...
  -> call 977/4000: q=q_10013 k=1 prompt_chars=2597
  -> call 978/4000: q=q_10013 k=2 prompt_chars=4883
[item 490/2000 | repeat 1] q_53899 skill=q_53899 topic=Mathematics -> Algebra -> Linear Algebra -> L...
  -> call 979/4000: q=q_53899 k=1 prompt_chars=2313
  -> call 980/4000: q=q_53899 k=2 prompt_chars=4315
[item 491/2000 | repeat 1] q_65996 skill=q_65996 topic=Mathematics -> Calculus -> Other
  -> call 981/4000: q=q_65996 k=1 prompt_chars=1923
  -> call 982/4000: q=q_65996 k=2 prompt_chars=3535
[item 492/2000 | repeat 1] q_28158 skill=q_28158 topic=Mathematics -> Other
  -> call 983/4000: q=q_28158 k=1 prompt_chars=2125
  -> call 984/4000: q=q_28158 k=2 prompt_chars=3939
[item 493/2000 | repeat 1] q_24994 skill=q_24994 topic=Mathematics -> Applied Mathematics -> Statist...
  -> call 985/4000: q=q_24994 k=1 prompt_chars=2279
  -> call 986/4000: q=q_24994 k=2 prompt_chars=4247
[item 494/2000 | repeat 1] q_88324 skill=q_88324 topic=Mathematics -> Geometry -> Solid Geometry -> ...
  -> call 987/4000: q=q_88324 k=1 prompt_chars=2363
  -> call 988/4000: q=q_88324 k=2 prompt_chars=4415
[item 495/2000 | repeat 1] q_90968 skill=q_90968 topic=Mathematics -> Algebra -> Abstract Algebra ->...
  -> call 989/4000: q=q_90968 k=1 prompt_chars=2679
  -> call 990/4000: q=q_90968 k=2 prompt_chars=5047
[item 496/2000 | repeat 1] q_95104 skill=q_95104 topic=Mathematics -> Applied Mathematics -> Statist...
  -> call 991/4000: q=q_95104 k=1 prompt_chars=1926
  -> call 992/4000: q=q_95104 k=2 prompt_chars=3541
[item 497/2000 | repeat 1] q_32996 skill=q_32996 topic=Mathematics -> Calculus -> Integral Calculus ...
  -> call 993/4000: q=q_32996 k=1 prompt_chars=2578
  -> call 994/4000: q=q_32996 k=2 prompt_chars=4845
[item 498/2000 | repeat 1] q_93356 skill=q_93356 topic=Mathematics -> Geometry -> Plane Geometry -> ...
  -> call 995/4000: q=q_93356 k=1 prompt_chars=1968
  -> call 996/4000: q=q_93356 k=2 prompt_chars=3625
[item 499/2000 | repeat 1] q_34975 skill=q_34975 topic=Mathematics -> Algebra -> Algebra -> Polynomi...
  -> call 997/4000: q=q_34975 k=1 prompt_chars=1999
  -> call 998/4000: q=q_34975 k=2 prompt_chars=3687
[item 500/2000 | repeat 1] q_96012 skill=q_96012 topic=Mathematics -> Geometry -> Solid Geometry -> ...
  -> call 999/4000: q=q_96012 k=1 prompt_chars=2127
  -> call 1000/4000: q=q_96012 k=2 prompt_chars=3943
[item 501/2000 | repeat 1] q_36188 skill=q_36188 topic=Mathematics -> Number Theory -> Congruences
  -> call 1001/4000: q=q_36188 k=1 prompt_chars=2124
  -> call 1002/4000: q=q_36188 k=2 prompt_chars=3937
[item 502/2000 | repeat 1] q_32911 skill=q_32911 topic=Mathematics -> Calculus -> Integral Calculus ...
  -> call 1003/4000: q=q_32911 k=1 prompt_chars=2074
  -> call 1004/4000: q=q_32911 k=2 prompt_chars=3837
[item 503/2000 | repeat 1] q_88284 skill=q_88284 topic=Mathematics -> Algebra -> Algebra -> Algebrai...
  -> call 1005/4000: q=q_88284 k=1 prompt_chars=2017
  -> call 1006/4000: q=q_88284 k=2 prompt_chars=3723
[item 504/2000 | repeat 1] q_38551 skill=q_38551 topic=Mathematics -> Calculus -> Integral Calculus ...
  -> call 1007/4000: q=q_38551 k=1 prompt_chars=2009
  -> call 1008/4000: q=q_38551 k=2 prompt_chars=3707
[item 505/2000 | repeat 1] q_34339 skill=q_34339 topic=Mathematics -> Calculus -> Differential Calcu...
  -> call 1009/4000: q=q_34339 k=1 prompt_chars=2272
  -> call 1010/4000: q=q_34339 k=2 prompt_chars=4233
[item 506/2000 | repeat 1] q_21724 skill=q_21724 topic=Mathematics -> Calculus -> Integral Calculus ...
  -> call 1011/4000: q=q_21724 k=1 prompt_chars=2204
  -> call 1012/4000: q=q_21724 k=2 prompt_chars=4097
[item 507/2000 | repeat 1] q_20615 skill=q_20615 topic=Mathematics -> Calculus -> Integral Calculus ...
  -> call 1013/4000: q=q_20615 k=1 prompt_chars=1887
  -> call 1014/4000: q=q_20615 k=2 prompt_chars=3463
[item 508/2000 | repeat 1] q_100909 skill=q_100909 topic=Mathematics -> Calculus -> Integral Calculus ...
  -> call 1015/4000: q=q_100909 k=1 prompt_chars=2352
  -> call 1016/4000: q=q_100909 k=2 prompt_chars=4393
[item 509/2000 | repeat 1] q_24506 skill=q_24506 topic=Mathematics -> Applied Mathematics -> Statist...
  -> call 1017/4000: q=q_24506 k=1 prompt_chars=2175
  -> call 1018/4000: q=q_24506 k=2 prompt_chars=4039
[item 510/2000 | repeat 1] q_16306 skill=q_16306 topic=Mathematics -> Discrete Mathematics -> Algori...
  -> call 1019/4000: q=q_16306 k=1 prompt_chars=2127
  -> call 1020/4000: q=q_16306 k=2 prompt_chars=3943
[item 511/2000 | repeat 1] q_6186 skill=q_6186 topic=Mathematics -> Calculus -> Integral Calculus ...
  -> call 1021/4000: q=q_6186 k=1 prompt_chars=2318
  -> call 1022/4000: q=q_6186 k=2 prompt_chars=4325
[item 512/2000 | repeat 1] q_82544 skill=q_82544 topic=Mathematics -> Number Theory -> Least Common ...
  -> call 1023/4000: q=q_82544 k=1 prompt_chars=1896
  -> call 1024/4000: q=q_82544 k=2 prompt_chars=3481
[item 513/2000 | repeat 1] q_24585 skill=q_24585 topic=Mathematics -> Algebra -> Abstract Algebra ->...
  -> call 1025/4000: q=q_24585 k=1 prompt_chars=2414
  -> call 1026/4000: q=q_24585 k=2 prompt_chars=4517
[item 514/2000 | repeat 1] q_98693 skill=q_98693 topic=Mathematics -> Number Theory -> Other
  -> call 1027/4000: q=q_98693 k=1 prompt_chars=1996
  -> call 1028/4000: q=q_98693 k=2 prompt_chars=3681
[item 515/2000 | repeat 1] q_68755 skill=q_68755 topic=Mathematics -> Algebra -> Abstract Algebra ->...
  -> call 1029/4000: q=q_68755 k=1 prompt_chars=2010
  -> call 1030/4000: q=q_68755 k=2 prompt_chars=3709
[item 516/2000 | repeat 1] q_6100 skill=q_6100 topic=Mathematics -> Calculus -> Differential Calcu...
  -> call 1031/4000: q=q_6100 k=1 prompt_chars=1648
  -> call 1032/4000: q=q_6100 k=2 prompt_chars=2985
[item 517/2000 | repeat 1] q_30079 skill=q_30079 topic=Mathematics -> Algebra -> Algebra -> Equation...
  -> call 1033/4000: q=q_30079 k=1 prompt_chars=2220
  -> call 1034/4000: q=q_30079 k=2 prompt_chars=4129
[item 518/2000 | repeat 1] q_87159 skill=q_87159 topic=Mathematics -> Algebra -> Intermediate Algebr...
  -> call 1035/4000: q=q_87159 k=1 prompt_chars=2299
  -> call 1036/4000: q=q_87159 k=2 prompt_chars=4287
[item 519/2000 | repeat 1] q_46810 skill=q_46810 topic=Mathematics -> Calculus -> Integral Calculus ...
  -> call 1037/4000: q=q_46810 k=1 prompt_chars=2442
  -> call 1038/4000: q=q_46810 k=2 prompt_chars=4573
[item 520/2000 | repeat 1] q_50180 skill=q_50180 topic=Mathematics -> Calculus -> Integral Calculus ...
  -> call 1039/4000: q=q_50180 k=1 prompt_chars=2374
  -> call 1040/4000: q=q_50180 k=2 prompt_chars=4437
[item 521/2000 | repeat 1] q_46515 skill=q_46515 topic=Mathematics -> Geometry -> Differential Geome...
  -> call 1041/4000: q=q_46515 k=1 prompt_chars=1595
  -> call 1042/4000: q=q_46515 k=2 prompt_chars=2879
[item 522/2000 | repeat 1] q_20284 skill=q_20284 topic=Mathematics -> Calculus -> Differential Calcu...
  -> call 1043/4000: q=q_20284 k=1 prompt_chars=2024
  -> call 1044/4000: q=q_20284 k=2 prompt_chars=3737
[item 523/2000 | repeat 1] q_43044 skill=q_43044 topic=Mathematics -> Algebra -> Algebra -> Algebrai...
  -> call 1045/4000: q=q_43044 k=1 prompt_chars=2359
  -> call 1046/4000: q=q_43044 k=2 prompt_chars=4407
[item 524/2000 | repeat 1] q_96058 skill=q_96058 topic=Mathematics -> Algebra -> Prealgebra -> Simpl...
  -> call 1047/4000: q=q_96058 k=1 prompt_chars=1730
  -> call 1048/4000: q=q_96058 k=2 prompt_chars=3149
[item 525/2000 | repeat 1] q_60764 skill=q_60764 topic=Mathematics -> Algebra -> Intermediate Algebr...
  -> call 1049/4000: q=q_60764 k=1 prompt_chars=2041
  -> call 1050/4000: q=q_60764 k=2 prompt_chars=3771
[item 526/2000 | repeat 1] q_83673 skill=q_83673 topic=Mathematics -> Other
  -> call 1051/4000: q=q_83673 k=1 prompt_chars=2003
  -> call 1052/4000: q=q_83673 k=2 prompt_chars=3695
[item 527/2000 | repeat 1] q_8981 skill=q_8981 topic=Mathematics -> Calculus -> Differential Calcu...
  -> call 1053/4000: q=q_8981 k=1 prompt_chars=2605
  -> call 1054/4000: q=q_8981 k=2 prompt_chars=4899
[item 528/2000 | repeat 1] q_6663 skill=q_6663 topic=Mathematics -> Algebra -> Algebra -> Algebrai...
  -> call 1055/4000: q=q_6663 k=1 prompt_chars=2101
  -> call 1056/4000: q=q_6663 k=2 prompt_chars=3891
[item 529/2000 | repeat 1] q_45212 skill=q_45212 topic=Mathematics -> Other
  -> call 1057/4000: q=q_45212 k=1 prompt_chars=2837
  -> call 1058/4000: q=q_45212 k=2 prompt_chars=5363
[item 530/2000 | repeat 1] q_71975 skill=q_71975 topic=Mathematics -> Applied Mathematics -> Statist...
  -> call 1059/4000: q=q_71975 k=1 prompt_chars=2126
  -> call 1060/4000: q=q_71975 k=2 prompt_chars=3941
[item 531/2000 | repeat 1] q_84637 skill=q_84637 topic=Mathematics -> Discrete Mathematics -> Logic
  -> call 1061/4000: q=q_84637 k=1 prompt_chars=2177
  -> call 1062/4000: q=q_84637 k=2 prompt_chars=4043
[item 532/2000 | repeat 1] q_10113 skill=q_10113 topic=Mathematics -> Discrete Mathematics -> Combin...
  -> call 1063/4000: q=q_10113 k=1 prompt_chars=2396
  -> call 1064/4000: q=q_10113 k=2 prompt_chars=4481
[item 533/2000 | repeat 1] q_37774 skill=q_37774 topic=Mathematics -> Calculus -> Integral Calculus ...
  -> call 1065/4000: q=q_37774 k=1 prompt_chars=2154
  -> call 1066/4000: q=q_37774 k=2 prompt_chars=3997
[item 534/2000 | repeat 1] q_72835 skill=q_72835 topic=Mathematics -> Precalculus -> Limits
  -> call 1067/4000: q=q_72835 k=1 prompt_chars=2028
  -> call 1068/4000: q=q_72835 k=2 prompt_chars=3745
[item 535/2000 | repeat 1] q_27018 skill=q_27018 topic=Mathematics -> Calculus -> Integral Calculus ...
  -> call 1069/4000: q=q_27018 k=1 prompt_chars=2396
  -> call 1070/4000: q=q_27018 k=2 prompt_chars=4481
[item 536/2000 | repeat 1] q_16936 skill=q_16936 topic=Mathematics -> Algebra -> Intermediate Algebr...
  -> call 1071/4000: q=q_16936 k=1 prompt_chars=1906
  -> call 1072/4000: q=q_16936 k=2 prompt_chars=3501
[item 537/2000 | repeat 1] q_34205 skill=q_34205 topic=Mathematics -> Geometry -> Plane Geometry -> ...
  -> call 1073/4000: q=q_34205 k=1 prompt_chars=1953
  -> call 1074/4000: q=q_34205 k=2 prompt_chars=3595
[item 538/2000 | repeat 1] q_59576 skill=q_59576 topic=Mathematics -> Other
  -> call 1075/4000: q=q_59576 k=1 prompt_chars=2083
  -> call 1076/4000: q=q_59576 k=2 prompt_chars=3855
[item 539/2000 | repeat 1] q_87755 skill=q_87755 topic=Mathematics -> Algebra -> Intermediate Algebr...
  -> call 1077/4000: q=q_87755 k=1 prompt_chars=2280
  -> call 1078/4000: q=q_87755 k=2 prompt_chars=4249
[item 540/2000 | repeat 1] q_38347 skill=q_38347 topic=Mathematics -> Algebra -> Linear Algebra -> M...
  -> call 1079/4000: q=q_38347 k=1 prompt_chars=2571
  -> call 1080/4000: q=q_38347 k=2 prompt_chars=4831
[item 541/2000 | repeat 1] q_35690 skill=q_35690 topic=Mathematics -> Algebra -> Linear Algebra -> M...
  -> call 1081/4000: q=q_35690 k=1 prompt_chars=2082
  -> call 1082/4000: q=q_35690 k=2 prompt_chars=3853
[item 542/2000 | repeat 1] q_48727 skill=q_48727 topic=Mathematics -> Discrete Mathematics -> Combin...
  -> call 1083/4000: q=q_48727 k=1 prompt_chars=1994
  -> call 1084/4000: q=q_48727 k=2 prompt_chars=3677
[item 543/2000 | repeat 1] q_17341 skill=q_17341 topic=Mathematics -> Calculus -> Integral Calculus ...
  -> call 1085/4000: q=q_17341 k=1 prompt_chars=2206
  -> call 1086/4000: q=q_17341 k=2 prompt_chars=4101
[item 544/2000 | repeat 1] q_58832 skill=q_58832 topic=Mathematics -> Applied Mathematics -> Statist...
  -> call 1087/4000: q=q_58832 k=1 prompt_chars=1820
  -> call 1088/4000: q=q_58832 k=2 prompt_chars=3329
[item 545/2000 | repeat 1] q_76286 skill=q_76286 topic=Mathematics -> Algebra -> Abstract Algebra ->...
  -> call 1089/4000: q=q_76286 k=1 prompt_chars=1435
  -> call 1090/4000: q=q_76286 k=2 prompt_chars=2559
[item 546/2000 | repeat 1] q_81399 skill=q_81399 topic=Mathematics -> Calculus -> Differential Calcu...
  -> call 1091/4000: q=q_81399 k=1 prompt_chars=2087
  -> call 1092/4000: q=q_81399 k=2 prompt_chars=3863
[item 547/2000 | repeat 1] q_55437 skill=q_55437 topic=Mathematics -> Calculus -> Integral Calculus ...
  -> call 1093/4000: q=q_55437 k=1 prompt_chars=1874
  -> call 1094/4000: q=q_55437 k=2 prompt_chars=3437
[item 548/2000 | repeat 1] q_54624 skill=q_54624 topic=Mathematics -> Precalculus -> Limits
  -> call 1095/4000: q=q_54624 k=1 prompt_chars=1998
  -> call 1096/4000: q=q_54624 k=2 prompt_chars=3685
[item 549/2000 | repeat 1] q_21946 skill=q_21946 topic=Mathematics -> Discrete Mathematics -> Graph ...
  -> call 1097/4000: q=q_21946 k=1 prompt_chars=1967
  -> call 1098/4000: q=q_21946 k=2 prompt_chars=3623
[item 550/2000 | repeat 1] q_21088 skill=q_21088 topic=Mathematics -> Algebra -> Linear Algebra -> M...
  -> call 1099/4000: q=q_21088 k=1 prompt_chars=1885
  -> call 1100/4000: q=q_21088 k=2 prompt_chars=3459
[item 551/2000 | repeat 1] q_96187 skill=q_96187 topic=Mathematics -> Algebra -> Intermediate Algebr...
  -> call 1101/4000: q=q_96187 k=1 prompt_chars=1880
  -> call 1102/4000: q=q_96187 k=2 prompt_chars=3449
[item 552/2000 | repeat 1] q_53527 skill=q_53527 topic=Mathematics -> Calculus -> Integral Calculus ...
  -> call 1103/4000: q=q_53527 k=1 prompt_chars=2322
  -> call 1104/4000: q=q_53527 k=2 prompt_chars=4333
[item 553/2000 | repeat 1] q_32826 skill=q_32826 topic=Mathematics -> Calculus -> Integral Calculus ...
  -> call 1105/4000: q=q_32826 k=1 prompt_chars=2191
  -> call 1106/4000: q=q_32826 k=2 prompt_chars=4071
[item 554/2000 | repeat 1] q_102549 skill=q_102549 topic=Mathematics -> Algebra -> Algebra -> Polynomi...
  -> call 1107/4000: q=q_102549 k=1 prompt_chars=2361
  -> call 1108/4000: q=q_102549 k=2 prompt_chars=4411
[item 555/2000 | repeat 1] q_98803 skill=q_98803 topic=Mathematics -> Geometry -> Plane Geometry -> ...
  -> call 1109/4000: q=q_98803 k=1 prompt_chars=2414
  -> call 1110/4000: q=q_98803 k=2 prompt_chars=4517
[item 556/2000 | repeat 1] q_52564 skill=q_52564 topic=Mathematics -> Algebra -> Intermediate Algebr...
  -> call 1111/4000: q=q_52564 k=1 prompt_chars=1756
  -> call 1112/4000: q=q_52564 k=2 prompt_chars=3201
[item 557/2000 | repeat 1] q_35485 skill=q_35485 topic=Mathematics -> Calculus -> Integral Calculus ...
  -> call 1113/4000: q=q_35485 k=1 prompt_chars=2205
  -> call 1114/4000: q=q_35485 k=2 prompt_chars=4099
[item 558/2000 | repeat 1] q_43507 skill=q_43507 topic=Mathematics -> Calculus -> Integral Calculus ...
  -> call 1115/4000: q=q_43507 k=1 prompt_chars=2472
  -> call 1116/4000: q=q_43507 k=2 prompt_chars=4633
[item 559/2000 | repeat 1] q_81090 skill=q_81090 topic=Mathematics -> Calculus -> Integral Calculus ...
  -> call 1117/4000: q=q_81090 k=1 prompt_chars=2137
  -> call 1118/4000: q=q_81090 k=2 prompt_chars=3963
[item 560/2000 | repeat 1] q_62538 skill=q_62538 topic=Mathematics -> Algebra -> Abstract Algebra ->...
  -> call 1119/4000: q=q_62538 k=1 prompt_chars=2308
  -> call 1120/4000: q=q_62538 k=2 prompt_chars=4305
[item 561/2000 | repeat 1] q_83715 skill=q_83715 topic=Mathematics -> Algebra -> Intermediate Algebr...
  -> call 1121/4000: q=q_83715 k=1 prompt_chars=2353
  -> call 1122/4000: q=q_83715 k=2 prompt_chars=4395
[item 562/2000 | repeat 1] q_21538 skill=q_21538 topic=Mathematics -> Calculus -> Differential Calcu...
  -> call 1123/4000: q=q_21538 k=1 prompt_chars=2344
  -> call 1124/4000: q=q_21538 k=2 prompt_chars=4377
[item 563/2000 | repeat 1] q_84761 skill=q_84761 topic=Mathematics -> Algebra -> Intermediate Algebr...
  -> call 1125/4000: q=q_84761 k=1 prompt_chars=2007
  -> call 1126/4000: q=q_84761 k=2 prompt_chars=3703
[item 564/2000 | repeat 1] q_93559 skill=q_93559 topic=Mathematics -> Number Theory -> Congruences
  -> call 1127/4000: q=q_93559 k=1 prompt_chars=1859
  -> call 1128/4000: q=q_93559 k=2 prompt_chars=3407
[item 565/2000 | repeat 1] q_43658 skill=q_43658 topic=Mathematics -> Calculus -> Differential Calcu...
  -> call 1129/4000: q=q_43658 k=1 prompt_chars=2169
  -> call 1130/4000: q=q_43658 k=2 prompt_chars=4027
[item 566/2000 | repeat 1] q_19569 skill=q_19569 topic=Mathematics -> Other
  -> call 1131/4000: q=q_19569 k=1 prompt_chars=2397
  -> call 1132/4000: q=q_19569 k=2 prompt_chars=4483
[item 567/2000 | repeat 1] q_52378 skill=q_52378 topic=Mathematics -> Calculus -> Integral Calculus ...
  -> call 1133/4000: q=q_52378 k=1 prompt_chars=1968
  -> call 1134/4000: q=q_52378 k=2 prompt_chars=3625
[item 568/2000 | repeat 1] q_22533 skill=q_22533 topic=Mathematics -> Calculus -> Integral Calculus ...
  -> call 1135/4000: q=q_22533 k=1 prompt_chars=1928
  -> call 1136/4000: q=q_22533 k=2 prompt_chars=3545
[item 569/2000 | repeat 1] q_91446 skill=q_91446 topic=Mathematics -> Algebra -> Algebra -> Polynomi...
  -> call 1137/4000: q=q_91446 k=1 prompt_chars=2026
  -> call 1138/4000: q=q_91446 k=2 prompt_chars=3741
[item 570/2000 | repeat 1] q_65677 skill=q_65677 topic=Mathematics -> Applied Mathematics -> Statist...
  -> call 1139/4000: q=q_65677 k=1 prompt_chars=2470
  -> call 1140/4000: q=q_65677 k=2 prompt_chars=4629
[item 571/2000 | repeat 1] q_58799 skill=q_58799 topic=Mathematics -> Precalculus -> Limits
  -> call 1141/4000: q=q_58799 k=1 prompt_chars=2109
  -> call 1142/4000: q=q_58799 k=2 prompt_chars=3907
[item 572/2000 | repeat 1] q_16302 skill=q_16302 topic=Mathematics -> Algebra -> Linear Algebra -> M...
  -> call 1143/4000: q=q_16302 k=1 prompt_chars=1910
  -> call 1144/4000: q=q_16302 k=2 prompt_chars=3509
[item 573/2000 | repeat 1] q_97561 skill=q_97561 topic=Mathematics -> Algebra -> Prealgebra -> Decimals
  -> call 1145/4000: q=q_97561 k=1 prompt_chars=1799
  -> call 1146/4000: q=q_97561 k=2 prompt_chars=3287
[item 574/2000 | repeat 1] q_96627 skill=q_96627 topic=Mathematics -> Algebra -> Intermediate Algebr...
  -> call 1147/4000: q=q_96627 k=1 prompt_chars=2038
  -> call 1148/4000: q=q_96627 k=2 prompt_chars=3765
[item 575/2000 | repeat 1] q_83087 skill=q_83087 topic=Mathematics -> Precalculus -> Limits
  -> call 1149/4000: q=q_83087 k=1 prompt_chars=2179
  -> call 1150/4000: q=q_83087 k=2 prompt_chars=4047
[item 576/2000 | repeat 1] q_92139 skill=q_92139 topic=Mathematics -> Algebra -> Intermediate Algebr...
  -> call 1151/4000: q=q_92139 k=1 prompt_chars=2106
  -> call 1152/4000: q=q_92139 k=2 prompt_chars=3901
[item 577/2000 | repeat 1] q_32161 skill=q_32161 topic=Mathematics -> Calculus -> Differential Calcu...
  -> call 1153/4000: q=q_32161 k=1 prompt_chars=1966
  -> call 1154/4000: q=q_32161 k=2 prompt_chars=3621
[item 578/2000 | repeat 1] q_13945 skill=q_13945 topic=Mathematics -> Calculus -> Differential Calcu...
  -> call 1155/4000: q=q_13945 k=1 prompt_chars=2507
  -> call 1156/4000: q=q_13945 k=2 prompt_chars=4703
[item 579/2000 | repeat 1] q_57996 skill=q_57996 topic=Mathematics -> Precalculus -> Limits
  -> call 1157/4000: q=q_57996 k=1 prompt_chars=2033
  -> call 1158/4000: q=q_57996 k=2 prompt_chars=3755
[item 580/2000 | repeat 1] q_7385 skill=q_7385 topic=Mathematics -> Calculus -> Integral Calculus ...
  -> call 1159/4000: q=q_7385 k=1 prompt_chars=2330
  -> call 1160/4000: q=q_7385 k=2 prompt_chars=4349
[item 581/2000 | repeat 1] q_66429 skill=q_66429 topic=Mathematics -> Calculus -> Differential Calcu...
  -> call 1161/4000: q=q_66429 k=1 prompt_chars=2208
  -> call 1162/4000: q=q_66429 k=2 prompt_chars=4105
[item 582/2000 | repeat 1] q_22361 skill=q_22361 topic=Mathematics -> Calculus -> Differential Calcu...
  -> call 1163/4000: q=q_22361 k=1 prompt_chars=2338
  -> call 1164/4000: q=q_22361 k=2 prompt_chars=4365
[item 583/2000 | repeat 1] q_23920 skill=q_23920 topic=Mathematics -> Applied Mathematics -> Statist...
  -> call 1165/4000: q=q_23920 k=1 prompt_chars=2085
  -> call 1166/4000: q=q_23920 k=2 prompt_chars=3859
[item 584/2000 | repeat 1] q_86798 skill=q_86798 topic=Mathematics -> Algebra -> Intermediate Algebr...
  -> call 1167/4000: q=q_86798 k=1 prompt_chars=2915
  -> call 1168/4000: q=q_86798 k=2 prompt_chars=5519
[item 585/2000 | repeat 1] q_17872 skill=q_17872 topic=Mathematics -> Calculus -> Integral Calculus ...
  -> call 1169/4000: q=q_17872 k=1 prompt_chars=2564
  -> call 1170/4000: q=q_17872 k=2 prompt_chars=4817
[item 586/2000 | repeat 1] q_78218 skill=q_78218 topic=Mathematics -> Number Theory -> Prime Numbers
  -> call 1171/4000: q=q_78218 k=1 prompt_chars=1896
  -> call 1172/4000: q=q_78218 k=2 prompt_chars=3481
[item 587/2000 | repeat 1] q_28338 skill=q_28338 topic=Mathematics -> Calculus -> Integral Calculus ...
  -> call 1173/4000: q=q_28338 k=1 prompt_chars=1499
  -> call 1174/4000: q=q_28338 k=2 prompt_chars=2687
[item 588/2000 | repeat 1] q_60580 skill=q_60580 topic=Mathematics -> Algebra -> Linear Algebra -> L...
  -> call 1175/4000: q=q_60580 k=1 prompt_chars=2315
  -> call 1176/4000: q=q_60580 k=2 prompt_chars=4319
[item 589/2000 | repeat 1] q_69097 skill=q_69097 topic=Mathematics -> Algebra -> Algebra -> Polynomi...
  -> call 1177/4000: q=q_69097 k=1 prompt_chars=2109
  -> call 1178/4000: q=q_69097 k=2 prompt_chars=3907
[item 590/2000 | repeat 1] q_13387 skill=q_13387 topic=Mathematics -> Algebra -> Abstract Algebra ->...
  -> call 1179/4000: q=q_13387 k=1 prompt_chars=2118
  -> call 1180/4000: q=q_13387 k=2 prompt_chars=3925
[item 591/2000 | repeat 1] q_4809 skill=q_4809 topic=Mathematics -> Algebra -> Linear Algebra -> M...
  -> call 1181/4000: q=q_4809 k=1 prompt_chars=2407
  -> call 1182/4000: q=q_4809 k=2 prompt_chars=4503
[item 592/2000 | repeat 1] q_45935 skill=q_45935 topic=Mathematics -> Algebra -> Abstract Algebra ->...
  -> call 1183/4000: q=q_45935 k=1 prompt_chars=2096
  -> call 1184/4000: q=q_45935 k=2 prompt_chars=3881
[item 593/2000 | repeat 1] q_15286 skill=q_15286 topic=Mathematics -> Algebra -> Linear Algebra -> M...
  -> call 1185/4000: q=q_15286 k=1 prompt_chars=2215
  -> call 1186/4000: q=q_15286 k=2 prompt_chars=4119
[item 594/2000 | repeat 1] q_92499 skill=q_92499 topic=Mathematics -> Geometry -> Plane Geometry -> ...
  -> call 1187/4000: q=q_92499 k=1 prompt_chars=2185
  -> call 1188/4000: q=q_92499 k=2 prompt_chars=4059
[item 595/2000 | repeat 1] q_61593 skill=q_61593 topic=Mathematics -> Algebra -> Algebra -> Polynomi...
  -> call 1189/4000: q=q_61593 k=1 prompt_chars=2033
  -> call 1190/4000: q=q_61593 k=2 prompt_chars=3755
[item 596/2000 | repeat 1] q_25621 skill=q_25621 topic=Mathematics -> Algebra -> Algebra -> Polynomi...
  -> call 1191/4000: q=q_25621 k=1 prompt_chars=2188
  -> call 1192/4000: q=q_25621 k=2 prompt_chars=4065
[item 597/2000 | repeat 1] q_48438 skill=q_48438 topic=Mathematics -> Precalculus -> Limits
  -> call 1193/4000: q=q_48438 k=1 prompt_chars=1971
  -> call 1194/4000: q=q_48438 k=2 prompt_chars=3631
[item 598/2000 | repeat 1] q_27631 skill=q_27631 topic=Mathematics -> Algebra -> Linear Algebra -> M...
  -> call 1195/4000: q=q_27631 k=1 prompt_chars=2432
  -> call 1196/4000: q=q_27631 k=2 prompt_chars=4553
[item 599/2000 | repeat 1] q_78149 skill=q_78149 topic=Mathematics -> Algebra -> Abstract Algebra ->...
  -> call 1197/4000: q=q_78149 k=1 prompt_chars=2532
  -> call 1198/4000: q=q_78149 k=2 prompt_chars=4753
[item 600/2000 | repeat 1] q_11401 skill=q_11401 topic=Mathematics -> Algebra -> Abstract Algebra ->...
  -> call 1199/4000: q=q_11401 k=1 prompt_chars=2144
  -> call 1200/4000: q=q_11401 k=2 prompt_chars=3977
[item 601/2000 | repeat 1] q_97971 skill=q_97971 topic=Mathematics -> Algebra -> Algebra -> Equation...
  -> call 1201/4000: q=q_97971 k=1 prompt_chars=1623
  -> call 1202/4000: q=q_97971 k=2 prompt_chars=2935
[item 602/2000 | repeat 1] q_85891 skill=q_85891 topic=Mathematics -> Calculus -> Integral Calculus ...
  -> call 1203/4000: q=q_85891 k=1 prompt_chars=2384
  -> call 1204/4000: q=q_85891 k=2 prompt_chars=4457
[item 603/2000 | repeat 1] q_49249 skill=q_49249 topic=Mathematics -> Applied Mathematics -> Statist...
  -> call 1205/4000: q=q_49249 k=1 prompt_chars=2363
  -> call 1206/4000: q=q_49249 k=2 prompt_chars=4415
[item 604/2000 | repeat 1] q_48195 skill=q_48195 topic=Mathematics -> Calculus -> Integral Calculus ...
  -> call 1207/4000: q=q_48195 k=1 prompt_chars=1774
  -> call 1208/4000: q=q_48195 k=2 prompt_chars=3237
[item 605/2000 | repeat 1] q_99968 skill=q_99968 topic=Mathematics -> Geometry -> Plane Geometry -> ...
  -> call 1209/4000: q=q_99968 k=1 prompt_chars=2555
  -> call 1210/4000: q=q_99968 k=2 prompt_chars=4799
[item 606/2000 | repeat 1] q_101346 skill=q_101346 topic=Mathematics -> Algebra -> Linear Algebra -> M...
  -> call 1211/4000: q=q_101346 k=1 prompt_chars=2160
  -> call 1212/4000: q=q_101346 k=2 prompt_chars=4009
[item 607/2000 | repeat 1] q_3228 skill=q_3228 topic=Mathematics -> Discrete Mathematics -> Graph ...
  -> call 1213/4000: q=q_3228 k=1 prompt_chars=2084
  -> call 1214/4000: q=q_3228 k=2 prompt_chars=3857
[item 608/2000 | repeat 1] q_1585 skill=q_1585 topic=Mathematics -> Calculus -> Integral Calculus ...
  -> call 1215/4000: q=q_1585 k=1 prompt_chars=2018
  -> call 1216/4000: q=q_1585 k=2 prompt_chars=3725
[item 609/2000 | repeat 1] q_10298 skill=q_10298 topic=Mathematics -> Precalculus -> Limits
  -> call 1217/4000: q=q_10298 k=1 prompt_chars=2027
  -> call 1218/4000: q=q_10298 k=2 prompt_chars=3743
[item 610/2000 | repeat 1] q_37698 skill=q_37698 topic=Mathematics -> Other
  -> call 1219/4000: q=q_37698 k=1 prompt_chars=2344
  -> call 1220/4000: q=q_37698 k=2 prompt_chars=4377
[item 611/2000 | repeat 1] q_89621 skill=q_89621 topic=Mathematics -> Geometry -> Plane Geometry -> ...
  -> call 1221/4000: q=q_89621 k=1 prompt_chars=2101
  -> call 1222/4000: q=q_89621 k=2 prompt_chars=3891
[item 612/2000 | repeat 1] q_75163 skill=q_75163 topic=Mathematics -> Algebra -> Algebra -> Polynomi...
  -> call 1223/4000: q=q_75163 k=1 prompt_chars=2122
  -> call 1224/4000: q=q_75163 k=2 prompt_chars=3933
[item 613/2000 | repeat 1] q_1477 skill=q_1477 topic=Mathematics -> Algebra -> Abstract Algebra ->...
  -> call 1225/4000: q=q_1477 k=1 prompt_chars=1879
  -> call 1226/4000: q=q_1477 k=2 prompt_chars=3447
[item 614/2000 | repeat 1] q_37565 skill=q_37565 topic=Mathematics -> Differential Equations -> Ordi...
  -> call 1227/4000: q=q_37565 k=1 prompt_chars=1823
  -> call 1228/4000: q=q_37565 k=2 prompt_chars=3335
[item 615/2000 | repeat 1] q_26536 skill=q_26536 topic=Mathematics -> Algebra -> Abstract Algebra ->...
  -> call 1229/4000: q=q_26536 k=1 prompt_chars=2209
  -> call 1230/4000: q=q_26536 k=2 prompt_chars=4107
[item 616/2000 | repeat 1] q_48044 skill=q_48044 topic=Mathematics -> Algebra -> Algebra -> Polynomi...
  -> call 1231/4000: q=q_48044 k=1 prompt_chars=2007
  -> call 1232/4000: q=q_48044 k=2 prompt_chars=3703
[item 617/2000 | repeat 1] q_64177 skill=q_64177 topic=Mathematics -> Algebra -> Abstract Algebra ->...
  -> call 1233/4000: q=q_64177 k=1 prompt_chars=1973
  -> call 1234/4000: q=q_64177 k=2 prompt_chars=3635
[item 618/2000 | repeat 1] q_76026 skill=q_76026 topic=Mathematics -> Algebra -> Linear Algebra -> V...
  -> call 1235/4000: q=q_76026 k=1 prompt_chars=2516
  -> call 1236/4000: q=q_76026 k=2 prompt_chars=4721
[item 619/2000 | repeat 1] q_67138 skill=q_67138 topic=Mathematics -> Differential Equations -> Part...
  -> call 1237/4000: q=q_67138 k=1 prompt_chars=2547
  -> call 1238/4000: q=q_67138 k=2 prompt_chars=4783
[item 620/2000 | repeat 1] q_11421 skill=q_11421 topic=Mathematics -> Geometry -> Plane Geometry -> ...
  -> call 1239/4000: q=q_11421 k=1 prompt_chars=1992
  -> call 1240/4000: q=q_11421 k=2 prompt_chars=3673
[item 621/2000 | repeat 1] q_87261 skill=q_87261 topic=Mathematics -> Discrete Mathematics -> Combin...
  -> call 1241/4000: q=q_87261 k=1 prompt_chars=2476
  -> call 1242/4000: q=q_87261 k=2 prompt_chars=4641
[item 622/2000 | repeat 1] q_1159 skill=q_1159 topic=Mathematics -> Calculus -> Differential Calcu...
  -> call 1243/4000: q=q_1159 k=1 prompt_chars=2248
  -> call 1244/4000: q=q_1159 k=2 prompt_chars=4185
[item 623/2000 | repeat 1] q_59569 skill=q_59569 topic=Mathematics -> Algebra -> Algebra -> Polynomi...
  -> call 1245/4000: q=q_59569 k=1 prompt_chars=2044
  -> call 1246/4000: q=q_59569 k=2 prompt_chars=3777
[item 624/2000 | repeat 1] q_12081 skill=q_12081 topic=Mathematics -> Applied Mathematics -> Statist...
  -> call 1247/4000: q=q_12081 k=1 prompt_chars=2281
  -> call 1248/4000: q=q_12081 k=2 prompt_chars=4251
[item 625/2000 | repeat 1] q_167 skill=q_167 topic=Mathematics -> Applied Mathematics -> Statist...
  -> call 1249/4000: q=q_167 k=1 prompt_chars=2629
  -> call 1250/4000: q=q_167 k=2 prompt_chars=4947
[item 626/2000 | repeat 1] q_9313 skill=q_9313 topic=Mathematics -> Discrete Mathematics -> Logic
  -> call 1251/4000: q=q_9313 k=1 prompt_chars=1769
  -> call 1252/4000: q=q_9313 k=2 prompt_chars=3227
[item 627/2000 | repeat 1] q_22812 skill=q_22812 topic=Mathematics -> Applied Mathematics -> Statist...
  -> call 1253/4000: q=q_22812 k=1 prompt_chars=1969
  -> call 1254/4000: q=q_22812 k=2 prompt_chars=3627
[item 628/2000 | repeat 1] q_69204 skill=q_69204 topic=Mathematics -> Algebra -> Abstract Algebra ->...
  -> call 1255/4000: q=q_69204 k=1 prompt_chars=2029
  -> call 1256/4000: q=q_69204 k=2 prompt_chars=3747
[item 629/2000 | repeat 1] q_27056 skill=q_27056 topic=Mathematics -> Calculus -> Differential Calcu...
  -> call 1257/4000: q=q_27056 k=1 prompt_chars=1956
  -> call 1258/4000: q=q_27056 k=2 prompt_chars=3601
[item 630/2000 | repeat 1] q_28645 skill=q_28645 topic=Mathematics -> Calculus -> Differential Calcu...
  -> call 1259/4000: q=q_28645 k=1 prompt_chars=2574
  -> call 1260/4000: q=q_28645 k=2 prompt_chars=4837
[item 631/2000 | repeat 1] q_54138 skill=q_54138 topic=Mathematics -> Algebra -> Linear Algebra -> M...
  -> call 1261/4000: q=q_54138 k=1 prompt_chars=2235
  -> call 1262/4000: q=q_54138 k=2 prompt_chars=4159
[item 632/2000 | repeat 1] q_25018 skill=q_25018 topic=Mathematics -> Calculus -> Integral Calculus ...
  -> call 1263/4000: q=q_25018 k=1 prompt_chars=1786
  -> call 1264/4000: q=q_25018 k=2 prompt_chars=3261
[item 633/2000 | repeat 1] q_47090 skill=q_47090 topic=Mathematics -> Applied Mathematics -> Statist...
  -> call 1265/4000: q=q_47090 k=1 prompt_chars=2099
  -> call 1266/4000: q=q_47090 k=2 prompt_chars=3887
[item 634/2000 | repeat 1] q_94205 skill=q_94205 topic=Mathematics -> Geometry -> Differential Geome...
  -> call 1267/4000: q=q_94205 k=1 prompt_chars=1824
  -> call 1268/4000: q=q_94205 k=2 prompt_chars=3337
[item 635/2000 | repeat 1] q_86490 skill=q_86490 topic=Mathematics -> Algebra -> Algebra -> Polynomi...
  -> call 1269/4000: q=q_86490 k=1 prompt_chars=1948
  -> call 1270/4000: q=q_86490 k=2 prompt_chars=3585
[item 636/2000 | repeat 1] q_13059 skill=q_13059 topic=Mathematics -> Algebra -> Abstract Algebra ->...
  -> call 1271/4000: q=q_13059 k=1 prompt_chars=2253
  -> call 1272/4000: q=q_13059 k=2 prompt_chars=4195
[item 637/2000 | repeat 1] q_82715 skill=q_82715 topic=Mathematics -> Calculus -> Integral Calculus ...
  -> call 1273/4000: q=q_82715 k=1 prompt_chars=1969
  -> call 1274/4000: q=q_82715 k=2 prompt_chars=3627
[item 638/2000 | repeat 1] q_54813 skill=q_54813 topic=Mathematics -> Algebra -> Linear Algebra -> V...
  -> call 1275/4000: q=q_54813 k=1 prompt_chars=2345
  -> call 1276/4000: q=q_54813 k=2 prompt_chars=4379
[item 639/2000 | repeat 1] q_75522 skill=q_75522 topic=Mathematics -> Calculus -> Integral Calculus ...
  -> call 1277/4000: q=q_75522 k=1 prompt_chars=2542
  -> call 1278/4000: q=q_75522 k=2 prompt_chars=4773
[item 640/2000 | repeat 1] q_535 skill=q_535 topic=Mathematics -> Calculus -> Differential Calcu...
  -> call 1279/4000: q=q_535 k=1 prompt_chars=1989
  -> call 1280/4000: q=q_535 k=2 prompt_chars=3667
[item 641/2000 | repeat 1] q_86461 skill=q_86461 topic=Mathematics -> Number Theory -> Factorization
  -> call 1281/4000: q=q_86461 k=1 prompt_chars=2260
  -> call 1282/4000: q=q_86461 k=2 prompt_chars=4209
[item 642/2000 | repeat 1] q_47214 skill=q_47214 topic=Mathematics -> Geometry -> Differential Geome...
  -> call 1283/4000: q=q_47214 k=1 prompt_chars=2740
  -> call 1284/4000: q=q_47214 k=2 prompt_chars=5169
[item 643/2000 | repeat 1] q_56541 skill=q_56541 topic=Mathematics -> Calculus -> Integral Calculus ...
  -> call 1285/4000: q=q_56541 k=1 prompt_chars=2686
  -> call 1286/4000: q=q_56541 k=2 prompt_chars=5061
[item 644/2000 | repeat 1] q_25136 skill=q_25136 topic=Mathematics -> Algebra -> Linear Algebra -> V...
  -> call 1287/4000: q=q_25136 k=1 prompt_chars=2105
  -> call 1288/4000: q=q_25136 k=2 prompt_chars=3899
[item 645/2000 | repeat 1] q_70940 skill=q_70940 topic=Mathematics -> Calculus -> Integral Calculus ...
  -> call 1289/4000: q=q_70940 k=1 prompt_chars=2043
  -> call 1290/4000: q=q_70940 k=2 prompt_chars=3775
[item 646/2000 | repeat 1] q_91959 skill=q_91959 topic=Mathematics -> Geometry -> Solid Geometry -> ...
  -> call 1291/4000: q=q_91959 k=1 prompt_chars=1954
  -> call 1292/4000: q=q_91959 k=2 prompt_chars=3597
[item 647/2000 | repeat 1] q_28418 skill=q_28418 topic=Mathematics -> Algebra -> Abstract Algebra ->...
  -> call 1293/4000: q=q_28418 k=1 prompt_chars=1754
  -> call 1294/4000: q=q_28418 k=2 prompt_chars=3197
[item 648/2000 | repeat 1] q_18992 skill=q_18992 topic=Mathematics -> Calculus -> Integral Calculus ...
  -> call 1295/4000: q=q_18992 k=1 prompt_chars=2097
  -> call 1296/4000: q=q_18992 k=2 prompt_chars=3883
[item 649/2000 | repeat 1] q_27640 skill=q_27640 topic=Mathematics -> Precalculus -> Limits
  -> call 1297/4000: q=q_27640 k=1 prompt_chars=2180
  -> call 1298/4000: q=q_27640 k=2 prompt_chars=4049
[item 650/2000 | repeat 1] q_24955 skill=q_24955 topic=Mathematics -> Calculus -> Integral Calculus ...
  -> call 1299/4000: q=q_24955 k=1 prompt_chars=2067
  -> call 1300/4000: q=q_24955 k=2 prompt_chars=3823
[item 651/2000 | repeat 1] q_12986 skill=q_12986 topic=Mathematics -> Algebra -> Linear Algebra -> M...
  -> call 1301/4000: q=q_12986 k=1 prompt_chars=2440
  -> call 1302/4000: q=q_12986 k=2 prompt_chars=4569
[item 652/2000 | repeat 1] q_91745 skill=q_91745 topic=Mathematics -> Calculus -> Differential Calcu...
  -> call 1303/4000: q=q_91745 k=1 prompt_chars=2143
  -> call 1304/4000: q=q_91745 k=2 prompt_chars=3975
[item 653/2000 | repeat 1] q_30436 skill=q_30436 topic=Mathematics -> Geometry -> Differential Geome...
  -> call 1305/4000: q=q_30436 k=1 prompt_chars=2119
  -> call 1306/4000: q=q_30436 k=2 prompt_chars=3927
[item 654/2000 | repeat 1] q_87744 skill=q_87744 topic=Mathematics -> Number Theory -> Congruences
  -> call 1307/4000: q=q_87744 k=1 prompt_chars=1929
  -> call 1308/4000: q=q_87744 k=2 prompt_chars=3547
[item 655/2000 | repeat 1] q_50675 skill=q_50675 topic=Mathematics -> Algebra -> Algebra -> Equation...
  -> call 1309/4000: q=q_50675 k=1 prompt_chars=2700
  -> call 1310/4000: q=q_50675 k=2 prompt_chars=5089
[item 656/2000 | repeat 1] q_77068 skill=q_77068 topic=Mathematics -> Precalculus -> Limits
  -> call 1311/4000: q=q_77068 k=1 prompt_chars=2189
  -> call 1312/4000: q=q_77068 k=2 prompt_chars=4067
[item 657/2000 | repeat 1] q_95833 skill=q_95833 topic=Mathematics -> Algebra -> Intermediate Algebr...
  -> call 1313/4000: q=q_95833 k=1 prompt_chars=2087
  -> call 1314/4000: q=q_95833 k=2 prompt_chars=3863
[item 658/2000 | repeat 1] q_4991 skill=q_4991 topic=Mathematics -> Discrete Mathematics -> Combin...
  -> call 1315/4000: q=q_4991 k=1 prompt_chars=1825
  -> call 1316/4000: q=q_4991 k=2 prompt_chars=3339
[item 659/2000 | repeat 1] q_61574 skill=q_61574 topic=Mathematics -> Algebra -> Algebra -> Polynomi...
  -> call 1317/4000: q=q_61574 k=1 prompt_chars=1853
  -> call 1318/4000: q=q_61574 k=2 prompt_chars=3395
[item 660/2000 | repeat 1] q_9740 skill=q_9740 topic=Mathematics -> Calculus -> Integral Calculus ...
  -> call 1319/4000: q=q_9740 k=1 prompt_chars=2279
  -> call 1320/4000: q=q_9740 k=2 prompt_chars=4247
[item 661/2000 | repeat 1] q_4445 skill=q_4445 topic=Mathematics -> Precalculus -> Limits
  -> call 1321/4000: q=q_4445 k=1 prompt_chars=1896
  -> call 1322/4000: q=q_4445 k=2 prompt_chars=3481
[item 662/2000 | repeat 1] q_92746 skill=q_92746 topic=Mathematics -> Number Theory -> Divisibility
  -> call 1323/4000: q=q_92746 k=1 prompt_chars=2006
  -> call 1324/4000: q=q_92746 k=2 prompt_chars=3701
[item 663/2000 | repeat 1] q_66686 skill=q_66686 topic=Mathematics -> Precalculus -> Limits
  -> call 1325/4000: q=q_66686 k=1 prompt_chars=2214
  -> call 1326/4000: q=q_66686 k=2 prompt_chars=4117
[item 664/2000 | repeat 1] q_40914 skill=q_40914 topic=Mathematics -> Algebra -> Algebra -> Polynomi...
  -> call 1327/4000: q=q_40914 k=1 prompt_chars=2261
  -> call 1328/4000: q=q_40914 k=2 prompt_chars=4211
[item 665/2000 | repeat 1] q_54253 skill=q_54253 topic=Mathematics -> Algebra -> Abstract Algebra ->...
  -> call 1329/4000: q=q_54253 k=1 prompt_chars=1694
  -> call 1330/4000: q=q_54253 k=2 prompt_chars=3077
[item 666/2000 | repeat 1] q_16159 skill=q_16159 topic=Mathematics -> Algebra -> Abstract Algebra ->...
  -> call 1331/4000: q=q_16159 k=1 prompt_chars=2061
  -> call 1332/4000: q=q_16159 k=2 prompt_chars=3811
[item 667/2000 | repeat 1] q_9516 skill=q_9516 topic=Mathematics -> Algebra -> Abstract Algebra ->...
  -> call 1333/4000: q=q_9516 k=1 prompt_chars=2380
  -> call 1334/4000: q=q_9516 k=2 prompt_chars=4449
[item 668/2000 | repeat 1] q_4026 skill=q_4026 topic=Mathematics -> Discrete Mathematics -> Logic
  -> call 1335/4000: q=q_4026 k=1 prompt_chars=2633
  -> call 1336/4000: q=q_4026 k=2 prompt_chars=4955
[item 669/2000 | repeat 1] q_14569 skill=q_14569 topic=Mathematics -> Precalculus -> Limits
  -> call 1337/4000: q=q_14569 k=1 prompt_chars=1980
  -> call 1338/4000: q=q_14569 k=2 prompt_chars=3649
[item 670/2000 | repeat 1] q_30891 skill=q_30891 topic=Mathematics -> Calculus -> Differential Calcu...
  -> call 1339/4000: q=q_30891 k=1 prompt_chars=2402
  -> call 1340/4000: q=q_30891 k=2 prompt_chars=4493
[item 671/2000 | repeat 1] q_10381 skill=q_10381 topic=Mathematics -> Algebra -> Abstract Algebra ->...
  -> call 1341/4000: q=q_10381 k=1 prompt_chars=2231
  -> call 1342/4000: q=q_10381 k=2 prompt_chars=4151
[item 672/2000 | repeat 1] q_20340 skill=q_20340 topic=Mathematics -> Algebra -> Abstract Algebra ->...
  -> call 1343/4000: q=q_20340 k=1 prompt_chars=2099
  -> call 1344/4000: q=q_20340 k=2 prompt_chars=3887
[item 673/2000 | repeat 1] q_42902 skill=q_42902 topic=Mathematics -> Calculus -> Integral Calculus ...
  -> call 1345/4000: q=q_42902 k=1 prompt_chars=2032
  -> call 1346/4000: q=q_42902 k=2 prompt_chars=3753
[item 674/2000 | repeat 1] q_101541 skill=q_101541 topic=Mathematics -> Algebra -> Linear Algebra -> L...
  -> call 1347/4000: q=q_101541 k=1 prompt_chars=1956
  -> call 1348/4000: q=q_101541 k=2 prompt_chars=3601
[item 675/2000 | repeat 1] q_25829 skill=q_25829 topic=Mathematics -> Calculus -> Differential Calcu...
  -> call 1349/4000: q=q_25829 k=1 prompt_chars=2141
  -> call 1350/4000: q=q_25829 k=2 prompt_chars=3971
[item 676/2000 | repeat 1] q_61722 skill=q_61722 topic=Mathematics -> Calculus -> Differential Calcu...
  -> call 1351/4000: q=q_61722 k=1 prompt_chars=1888
  -> call 1352/4000: q=q_61722 k=2 prompt_chars=3465
[item 677/2000 | repeat 1] q_20538 skill=q_20538 topic=Mathematics -> Discrete Mathematics -> Combin...
  -> call 1353/4000: q=q_20538 k=1 prompt_chars=2052
  -> call 1354/4000: q=q_20538 k=2 prompt_chars=3793
[item 678/2000 | repeat 1] q_40397 skill=q_40397 topic=Mathematics -> Algebra -> Intermediate Algebr...
  -> call 1355/4000: q=q_40397 k=1 prompt_chars=1890
  -> call 1356/4000: q=q_40397 k=2 prompt_chars=3469
[item 679/2000 | repeat 1] q_15288 skill=q_15288 topic=Mathematics -> Number Theory -> Other
  -> call 1357/4000: q=q_15288 k=1 prompt_chars=2003
  -> call 1358/4000: q=q_15288 k=2 prompt_chars=3695
[item 680/2000 | repeat 1] q_100897 skill=q_100897 topic=Mathematics -> Precalculus -> Trigonometric F...
  -> call 1359/4000: q=q_100897 k=1 prompt_chars=1738
  -> call 1360/4000: q=q_100897 k=2 prompt_chars=3165
[item 681/2000 | repeat 1] q_38299 skill=q_38299 topic=Mathematics -> Algebra -> Abstract Algebra ->...
  -> call 1361/4000: q=q_38299 k=1 prompt_chars=2814
  -> call 1362/4000: q=q_38299 k=2 prompt_chars=5317
[item 682/2000 | repeat 1] q_18409 skill=q_18409 topic=Mathematics -> Algebra -> Abstract Algebra ->...
  -> call 1363/4000: q=q_18409 k=1 prompt_chars=1931
  -> call 1364/4000: q=q_18409 k=2 prompt_chars=3551
[item 683/2000 | repeat 1] q_21638 skill=q_21638 topic=Mathematics -> Precalculus -> Limits
  -> call 1365/4000: q=q_21638 k=1 prompt_chars=2320
  -> call 1366/4000: q=q_21638 k=2 prompt_chars=4329
[item 684/2000 | repeat 1] q_76800 skill=q_76800 topic=Mathematics -> Geometry -> Plane Geometry -> ...
  -> call 1367/4000: q=q_76800 k=1 prompt_chars=2172
  -> call 1368/4000: q=q_76800 k=2 prompt_chars=4033
[item 685/2000 | repeat 1] q_43438 skill=q_43438 topic=Mathematics -> Calculus -> Integral Calculus ...
  -> call 1369/4000: q=q_43438 k=1 prompt_chars=2132
  -> call 1370/4000: q=q_43438 k=2 prompt_chars=3953
[item 686/2000 | repeat 1] q_67211 skill=q_67211 topic=Mathematics -> Precalculus -> Limits
  -> call 1371/4000: q=q_67211 k=1 prompt_chars=2034
  -> call 1372/4000: q=q_67211 k=2 prompt_chars=3757
[item 687/2000 | repeat 1] q_97100 skill=q_97100 topic=Mathematics -> Algebra -> Prealgebra -> Simpl...
  -> call 1373/4000: q=q_97100 k=1 prompt_chars=1645
  -> call 1374/4000: q=q_97100 k=2 prompt_chars=2979
[item 688/2000 | repeat 1] q_101459 skill=q_101459 topic=Mathematics -> Geometry -> Plane Geometry -> ...
  -> call 1375/4000: q=q_101459 k=1 prompt_chars=2287
  -> call 1376/4000: q=q_101459 k=2 prompt_chars=4263
[item 689/2000 | repeat 1] q_7077 skill=q_7077 topic=Mathematics -> Algebra -> Abstract Algebra ->...
  -> call 1377/4000: q=q_7077 k=1 prompt_chars=2296
  -> call 1378/4000: q=q_7077 k=2 prompt_chars=4281
[item 690/2000 | repeat 1] q_97793 skill=q_97793 topic=Mathematics -> Algebra -> Intermediate Algebr...
  -> call 1379/4000: q=q_97793 k=1 prompt_chars=1699
  -> call 1380/4000: q=q_97793 k=2 prompt_chars=3087
[item 691/2000 | repeat 1] q_13974 skill=q_13974 topic=Mathematics -> Calculus -> Integral Calculus ...
  -> call 1381/4000: q=q_13974 k=1 prompt_chars=2835
  -> call 1382/4000: q=q_13974 k=2 prompt_chars=5359
[item 692/2000 | repeat 1] q_83705 skill=q_83705 topic=Mathematics -> Algebra -> Intermediate Algebr...
  -> call 1383/4000: q=q_83705 k=1 prompt_chars=1961
  -> call 1384/4000: q=q_83705 k=2 prompt_chars=3611
[item 693/2000 | repeat 1] q_13921 skill=q_13921 topic=Mathematics -> Applied Mathematics -> Statist...
  -> call 1385/4000: q=q_13921 k=1 prompt_chars=1958
  -> call 1386/4000: q=q_13921 k=2 prompt_chars=3605
[item 694/2000 | repeat 1] q_57713 skill=q_57713 topic=Mathematics -> Number Theory -> Congruences
  -> call 1387/4000: q=q_57713 k=1 prompt_chars=2069
  -> call 1388/4000: q=q_57713 k=2 prompt_chars=3827
[item 695/2000 | repeat 1] q_58370 skill=q_58370 topic=Mathematics -> Calculus -> Differential Calcu...
  -> call 1389/4000: q=q_58370 k=1 prompt_chars=2410
  -> call 1390/4000: q=q_58370 k=2 prompt_chars=4509
[item 696/2000 | repeat 1] q_69033 skill=q_69033 topic=Mathematics -> Algebra -> Abstract Algebra ->...
  -> call 1391/4000: q=q_69033 k=1 prompt_chars=2087
  -> call 1392/4000: q=q_69033 k=2 prompt_chars=3863
[item 697/2000 | repeat 1] q_7614 skill=q_7614 topic=Mathematics -> Calculus -> Integral Calculus ...
  -> call 1393/4000: q=q_7614 k=1 prompt_chars=1933
  -> call 1394/4000: q=q_7614 k=2 prompt_chars=3555
[item 698/2000 | repeat 1] q_87045 skill=q_87045 topic=Mathematics -> Applied Mathematics -> Math Wo...
  -> call 1395/4000: q=q_87045 k=1 prompt_chars=2529
  -> call 1396/4000: q=q_87045 k=2 prompt_chars=4747
[item 699/2000 | repeat 1] q_8568 skill=q_8568 topic=Mathematics -> Algebra -> Abstract Algebra ->...
  -> call 1397/4000: q=q_8568 k=1 prompt_chars=2035
  -> call 1398/4000: q=q_8568 k=2 prompt_chars=3759
[item 700/2000 | repeat 1] q_74817 skill=q_74817 topic=Mathematics -> Algebra -> Abstract Algebra ->...
  -> call 1399/4000: q=q_74817 k=1 prompt_chars=2573
  -> call 1400/4000: q=q_74817 k=2 prompt_chars=4835
[item 701/2000 | repeat 1] q_80920 skill=q_80920 topic=Mathematics -> Algebra -> Intermediate Algebr...
  -> call 1401/4000: q=q_80920 k=1 prompt_chars=2242
  -> call 1402/4000: q=q_80920 k=2 prompt_chars=4173
[item 702/2000 | repeat 1] q_18920 skill=q_18920 topic=Mathematics -> Other
  -> call 1403/4000: q=q_18920 k=1 prompt_chars=2791
  -> call 1404/4000: q=q_18920 k=2 prompt_chars=5271
[item 703/2000 | repeat 1] q_6359 skill=q_6359 topic=Mathematics -> Calculus -> Integral Calculus ...
  -> call 1405/4000: q=q_6359 k=1 prompt_chars=1919
  -> call 1406/4000: q=q_6359 k=2 prompt_chars=3527
[item 704/2000 | repeat 1] q_95922 skill=q_95922 topic=Mathematics -> Number Theory -> Congruences
  -> call 1407/4000: q=q_95922 k=1 prompt_chars=2025
  -> call 1408/4000: q=q_95922 k=2 prompt_chars=3739
[item 705/2000 | repeat 1] q_61053 skill=q_61053 topic=Mathematics -> Calculus -> Integral Calculus ...
  -> call 1409/4000: q=q_61053 k=1 prompt_chars=2100
  -> call 1410/4000: q=q_61053 k=2 prompt_chars=3889
[item 706/2000 | repeat 1] q_35966 skill=q_35966 topic=Mathematics -> Number Theory -> Congruences
  -> call 1411/4000: q=q_35966 k=1 prompt_chars=1850
  -> call 1412/4000: q=q_35966 k=2 prompt_chars=3389
[item 707/2000 | repeat 1] q_89591 skill=q_89591 topic=Mathematics -> Algebra -> Algebra -> Equation...
  -> call 1413/4000: q=q_89591 k=1 prompt_chars=2162
  -> call 1414/4000: q=q_89591 k=2 prompt_chars=4013
[item 708/2000 | repeat 1] q_53974 skill=q_53974 topic=Mathematics -> Calculus -> Differential Calcu...
  -> call 1415/4000: q=q_53974 k=1 prompt_chars=1740
  -> call 1416/4000: q=q_53974 k=2 prompt_chars=3169
[item 709/2000 | repeat 1] q_2242 skill=q_2242 topic=Mathematics -> Calculus -> Integral Calculus ...
  -> call 1417/4000: q=q_2242 k=1 prompt_chars=2138
  -> call 1418/4000: q=q_2242 k=2 prompt_chars=3965
[item 710/2000 | repeat 1] q_72786 skill=q_72786 topic=Mathematics -> Calculus -> Integral Calculus ...
  -> call 1419/4000: q=q_72786 k=1 prompt_chars=2158
  -> call 1420/4000: q=q_72786 k=2 prompt_chars=4005
[item 711/2000 | repeat 1] q_50670 skill=q_50670 topic=Mathematics -> Calculus -> Differential Calcu...
  -> call 1421/4000: q=q_50670 k=1 prompt_chars=2324
  -> call 1422/4000: q=q_50670 k=2 prompt_chars=4337
[item 712/2000 | repeat 1] q_38671 skill=q_38671 topic=Mathematics -> Algebra -> Algebra -> Polynomi...
  -> call 1423/4000: q=q_38671 k=1 prompt_chars=1724
  -> call 1424/4000: q=q_38671 k=2 prompt_chars=3137
[item 713/2000 | repeat 1] q_88358 skill=q_88358 topic=Mathematics -> Algebra -> Prealgebra -> Integers
  -> call 1425/4000: q=q_88358 k=1 prompt_chars=2325
  -> call 1426/4000: q=q_88358 k=2 prompt_chars=4339
[item 714/2000 | repeat 1] q_56309 skill=q_56309 topic=Mathematics -> Calculus -> Integral Calculus ...
  -> call 1427/4000: q=q_56309 k=1 prompt_chars=1968
  -> call 1428/4000: q=q_56309 k=2 prompt_chars=3625
[item 715/2000 | repeat 1] q_55897 skill=q_55897 topic=Mathematics -> Algebra -> Abstract Algebra ->...
  -> call 1429/4000: q=q_55897 k=1 prompt_chars=1996
  -> call 1430/4000: q=q_55897 k=2 prompt_chars=3681
[item 716/2000 | repeat 1] q_53488 skill=q_53488 topic=Mathematics -> Discrete Mathematics -> Graph ...
  -> call 1431/4000: q=q_53488 k=1 prompt_chars=2242
  -> call 1432/4000: q=q_53488 k=2 prompt_chars=4173
[item 717/2000 | repeat 1] q_48799 skill=q_48799 topic=Mathematics -> Algebra -> Abstract Algebra ->...
  -> call 1433/4000: q=q_48799 k=1 prompt_chars=2174
  -> call 1434/4000: q=q_48799 k=2 prompt_chars=4037
[item 718/2000 | repeat 1] q_99882 skill=q_99882 topic=Mathematics -> Geometry -> Plane Geometry -> ...
  -> call 1435/4000: q=q_99882 k=1 prompt_chars=2923
  -> call 1436/4000: q=q_99882 k=2 prompt_chars=5535
[item 719/2000 | repeat 1] q_31701 skill=q_31701 topic=Mathematics -> Algebra -> Algebra -> Polynomi...
  -> call 1437/4000: q=q_31701 k=1 prompt_chars=2317
  -> call 1438/4000: q=q_31701 k=2 prompt_chars=4323
[item 720/2000 | repeat 1] q_97581 skill=q_97581 topic=Mathematics -> Algebra -> Intermediate Algebr...
  -> call 1439/4000: q=q_97581 k=1 prompt_chars=1951
  -> call 1440/4000: q=q_97581 k=2 prompt_chars=3591
[item 721/2000 | repeat 1] q_8356 skill=q_8356 topic=Mathematics -> Discrete Mathematics -> Graph ...
  -> call 1441/4000: q=q_8356 k=1 prompt_chars=1933
  -> call 1442/4000: q=q_8356 k=2 prompt_chars=3555
[item 722/2000 | repeat 1] q_31805 skill=q_31805 topic=Mathematics -> Calculus -> Integral Calculus ...
  -> call 1443/4000: q=q_31805 k=1 prompt_chars=1970
  -> call 1444/4000: q=q_31805 k=2 prompt_chars=3629
[item 723/2000 | repeat 1] q_94006 skill=q_94006 topic=Mathematics -> Geometry -> Solid Geometry -> ...
  -> call 1445/4000: q=q_94006 k=1 prompt_chars=2603
  -> call 1446/4000: q=q_94006 k=2 prompt_chars=4895
[item 724/2000 | repeat 1] q_102019 skill=q_102019 topic=Mathematics -> Algebra -> Intermediate Algebr...
  -> call 1447/4000: q=q_102019 k=1 prompt_chars=1646
  -> call 1448/4000: q=q_102019 k=2 prompt_chars=2981
[item 725/2000 | repeat 1] q_77242 skill=q_77242 topic=Mathematics -> Discrete Mathematics -> Combin...
  -> call 1449/4000: q=q_77242 k=1 prompt_chars=2260
  -> call 1450/4000: q=q_77242 k=2 prompt_chars=4209
[item 726/2000 | repeat 1] q_1069 skill=q_1069 topic=Mathematics -> Calculus -> Differential Calcu...
  -> call 1451/4000: q=q_1069 k=1 prompt_chars=2054
  -> call 1452/4000: q=q_1069 k=2 prompt_chars=3797
[item 727/2000 | repeat 1] q_1456 skill=q_1456 topic=Mathematics -> Algebra -> Abstract Algebra ->...
  -> call 1453/4000: q=q_1456 k=1 prompt_chars=2222
  -> call 1454/4000: q=q_1456 k=2 prompt_chars=4133
[item 728/2000 | repeat 1] q_33529 skill=q_33529 topic=Mathematics -> Applied Mathematics -> Statist...
  -> call 1455/4000: q=q_33529 k=1 prompt_chars=2476
  -> call 1456/4000: q=q_33529 k=2 prompt_chars=4641
[item 729/2000 | repeat 1] q_18245 skill=q_18245 topic=Mathematics -> Algebra -> Linear Algebra -> L...
  -> call 1457/4000: q=q_18245 k=1 prompt_chars=2367
  -> call 1458/4000: q=q_18245 k=2 prompt_chars=4423
[item 730/2000 | repeat 1] q_31397 skill=q_31397 topic=Mathematics -> Calculus -> Differential Calcu...
  -> call 1459/4000: q=q_31397 k=1 prompt_chars=2231
  -> call 1460/4000: q=q_31397 k=2 prompt_chars=4151
[item 731/2000 | repeat 1] q_26580 skill=q_26580 topic=Mathematics -> Calculus -> Integral Calculus ...
  -> call 1461/4000: q=q_26580 k=1 prompt_chars=2048
  -> call 1462/4000: q=q_26580 k=2 prompt_chars=3785
[item 732/2000 | repeat 1] q_11516 skill=q_11516 topic=Mathematics -> Algebra -> Algebra -> Equation...
  -> call 1463/4000: q=q_11516 k=1 prompt_chars=2075
  -> call 1464/4000: q=q_11516 k=2 prompt_chars=3839
[item 733/2000 | repeat 1] q_21378 skill=q_21378 topic=Mathematics -> Calculus -> Integral Calculus ...
  -> call 1465/4000: q=q_21378 k=1 prompt_chars=984
  -> call 1466/4000: q=q_21378 k=2 prompt_chars=1657
[item 734/2000 | repeat 1] q_49732 skill=q_49732 topic=Mathematics -> Calculus -> Integral Calculus ...
  -> call 1467/4000: q=q_49732 k=1 prompt_chars=1788
  -> call 1468/4000: q=q_49732 k=2 prompt_chars=3265
[item 735/2000 | repeat 1] q_83338 skill=q_83338 topic=Mathematics -> Applied Mathematics -> Statist...
  -> call 1469/4000: q=q_83338 k=1 prompt_chars=2069
  -> call 1470/4000: q=q_83338 k=2 prompt_chars=3827
[item 736/2000 | repeat 1] q_81435 skill=q_81435 topic=Mathematics -> Applied Mathematics -> Math Wo...
  -> call 1471/4000: q=q_81435 k=1 prompt_chars=3051
  -> call 1472/4000: q=q_81435 k=2 prompt_chars=5791
[item 737/2000 | repeat 1] q_27585 skill=q_27585 topic=Mathematics -> Algebra -> Abstract Algebra ->...
  -> call 1473/4000: q=q_27585 k=1 prompt_chars=2070
  -> call 1474/4000: q=q_27585 k=2 prompt_chars=3829
[item 738/2000 | repeat 1] q_84505 skill=q_84505 topic=Mathematics -> Algebra -> Algebra -> Polynomi...
  -> call 1475/4000: q=q_84505 k=1 prompt_chars=2278
  -> call 1476/4000: q=q_84505 k=2 prompt_chars=4245
[item 739/2000 | repeat 1] q_76083 skill=q_76083 topic=Mathematics -> Algebra -> Abstract Algebra ->...
  -> call 1477/4000: q=q_76083 k=1 prompt_chars=2223
  -> call 1478/4000: q=q_76083 k=2 prompt_chars=4135
[item 740/2000 | repeat 1] q_37559 skill=q_37559 topic=Mathematics -> Calculus -> Differential Calcu...
  -> call 1479/4000: q=q_37559 k=1 prompt_chars=2109
  -> call 1480/4000: q=q_37559 k=2 prompt_chars=3907
[item 741/2000 | repeat 1] q_100466 skill=q_100466 topic=Mathematics -> Geometry -> Plane Geometry -> ...
  -> call 1481/4000: q=q_100466 k=1 prompt_chars=1850
  -> call 1482/4000: q=q_100466 k=2 prompt_chars=3389
[item 742/2000 | repeat 1] q_80838 skill=q_80838 topic=Mathematics -> Calculus -> Integral Calculus ...
  -> call 1483/4000: q=q_80838 k=1 prompt_chars=2371
  -> call 1484/4000: q=q_80838 k=2 prompt_chars=4431
[item 743/2000 | repeat 1] q_30655 skill=q_30655 topic=Mathematics -> Calculus -> Differential Calcu...
  -> call 1485/4000: q=q_30655 k=1 prompt_chars=2080
  -> call 1486/4000: q=q_30655 k=2 prompt_chars=3849
[item 744/2000 | repeat 1] q_29172 skill=q_29172 topic=Mathematics -> Algebra -> Abstract Algebra ->...
  -> call 1487/4000: q=q_29172 k=1 prompt_chars=2252
  -> call 1488/4000: q=q_29172 k=2 prompt_chars=4193
[item 745/2000 | repeat 1] q_33236 skill=q_33236 topic=Mathematics -> Calculus -> Integral Calculus ...
  -> call 1489/4000: q=q_33236 k=1 prompt_chars=1645
  -> call 1490/4000: q=q_33236 k=2 prompt_chars=2979
[item 746/2000 | repeat 1] q_80683 skill=q_80683 topic=Mathematics -> Calculus -> Differential Calcu...
  -> call 1491/4000: q=q_80683 k=1 prompt_chars=1999
  -> call 1492/4000: q=q_80683 k=2 prompt_chars=3687
[item 747/2000 | repeat 1] q_29705 skill=q_29705 topic=Mathematics -> Calculus -> Integral Calculus ...
  -> call 1493/4000: q=q_29705 k=1 prompt_chars=2279
  -> call 1494/4000: q=q_29705 k=2 prompt_chars=4247
[item 748/2000 | repeat 1] q_37068 skill=q_37068 topic=Mathematics -> Calculus -> Differential Calcu...
  -> call 1495/4000: q=q_37068 k=1 prompt_chars=1792
  -> call 1496/4000: q=q_37068 k=2 prompt_chars=3273
[item 749/2000 | repeat 1] q_13313 skill=q_13313 topic=Mathematics -> Precalculus -> Limits
  -> call 1497/4000: q=q_13313 k=1 prompt_chars=1667
  -> call 1498/4000: q=q_13313 k=2 prompt_chars=3023
[item 750/2000 | repeat 1] q_24400 skill=q_24400 topic=Mathematics -> Algebra -> Linear Algebra -> M...
  -> call 1499/4000: q=q_24400 k=1 prompt_chars=2119
  -> call 1500/4000: q=q_24400 k=2 prompt_chars=3927
[item 751/2000 | repeat 1] q_99492 skill=q_99492 topic=Mathematics -> Algebra -> Intermediate Algebr...
  -> call 1501/4000: q=q_99492 k=1 prompt_chars=2239
  -> call 1502/4000: q=q_99492 k=2 prompt_chars=4167
[item 752/2000 | repeat 1] q_39177 skill=q_39177 topic=Mathematics -> Algebra -> Intermediate Algebr...
  -> call 1503/4000: q=q_39177 k=1 prompt_chars=1955
  -> call 1504/4000: q=q_39177 k=2 prompt_chars=3599
[item 753/2000 | repeat 1] q_79470 skill=q_79470 topic=Mathematics -> Calculus -> Integral Calculus ...
  -> call 1505/4000: q=q_79470 k=1 prompt_chars=2137
  -> call 1506/4000: q=q_79470 k=2 prompt_chars=3963
[item 754/2000 | repeat 1] q_3234 skill=q_3234 topic=Mathematics -> Calculus -> Integral Calculus ...
  -> call 1507/4000: q=q_3234 k=1 prompt_chars=2036
  -> call 1508/4000: q=q_3234 k=2 prompt_chars=3761
[item 755/2000 | repeat 1] q_20535 skill=q_20535 topic=Mathematics -> Algebra -> Abstract Algebra ->...
  -> call 1509/4000: q=q_20535 k=1 prompt_chars=2498
  -> call 1510/4000: q=q_20535 k=2 prompt_chars=4685
[item 756/2000 | repeat 1] q_6127 skill=q_6127 topic=Mathematics -> Algebra -> Algebra -> Polynomi...
  -> call 1511/4000: q=q_6127 k=1 prompt_chars=2321
  -> call 1512/4000: q=q_6127 k=2 prompt_chars=4331
[item 757/2000 | repeat 1] q_82386 skill=q_82386 topic=Mathematics -> Algebra -> Linear Algebra -> O...
  -> call 1513/4000: q=q_82386 k=1 prompt_chars=2000
  -> call 1514/4000: q=q_82386 k=2 prompt_chars=3689
[item 758/2000 | repeat 1] q_60415 skill=q_60415 topic=Mathematics -> Calculus -> Integral Calculus ...
  -> call 1515/4000: q=q_60415 k=1 prompt_chars=2358
  -> call 1516/4000: q=q_60415 k=2 prompt_chars=4405
[item 759/2000 | repeat 1] q_38696 skill=q_38696 topic=Mathematics -> Algebra -> Linear Algebra -> O...
  -> call 1517/4000: q=q_38696 k=1 prompt_chars=2065
  -> call 1518/4000: q=q_38696 k=2 prompt_chars=3819
[item 760/2000 | repeat 1] q_38930 skill=q_38930 topic=Mathematics -> Precalculus -> Limits
  -> call 1519/4000: q=q_38930 k=1 prompt_chars=1699
  -> call 1520/4000: q=q_38930 k=2 prompt_chars=3087
[item 761/2000 | repeat 1] q_13901 skill=q_13901 topic=Mathematics -> Geometry -> Differential Geome...
  -> call 1521/4000: q=q_13901 k=1 prompt_chars=2406
  -> call 1522/4000: q=q_13901 k=2 prompt_chars=4501
[item 762/2000 | repeat 1] q_25630 skill=q_25630 topic=Mathematics -> Algebra -> Abstract Algebra ->...
  -> call 1523/4000: q=q_25630 k=1 prompt_chars=2180
  -> call 1524/4000: q=q_25630 k=2 prompt_chars=4049
[item 763/2000 | repeat 1] q_86687 skill=q_86687 topic=Mathematics -> Number Theory -> Divisibility
  -> call 1525/4000: q=q_86687 k=1 prompt_chars=2031
  -> call 1526/4000: q=q_86687 k=2 prompt_chars=3751
[item 764/2000 | repeat 1] q_55644 skill=q_55644 topic=Mathematics -> Calculus -> Integral Calculus ...
  -> call 1527/4000: q=q_55644 k=1 prompt_chars=2292
  -> call 1528/4000: q=q_55644 k=2 prompt_chars=4273
[item 765/2000 | repeat 1] q_44535 skill=q_44535 topic=Mathematics -> Applied Mathematics -> Statist...
  -> call 1529/4000: q=q_44535 k=1 prompt_chars=2317
  -> call 1530/4000: q=q_44535 k=2 prompt_chars=4323
[item 766/2000 | repeat 1] q_3188 skill=q_3188 topic=Mathematics -> Algebra -> Abstract Algebra ->...
  -> call 1531/4000: q=q_3188 k=1 prompt_chars=1821
  -> call 1532/4000: q=q_3188 k=2 prompt_chars=3331
[item 767/2000 | repeat 1] q_51244 skill=q_51244 topic=Mathematics -> Precalculus -> Functions
  -> call 1533/4000: q=q_51244 k=1 prompt_chars=2040
  -> call 1534/4000: q=q_51244 k=2 prompt_chars=3769
[item 768/2000 | repeat 1] q_18397 skill=q_18397 topic=Mathematics -> Calculus -> Integral Calculus ...
  -> call 1535/4000: q=q_18397 k=1 prompt_chars=2159
  -> call 1536/4000: q=q_18397 k=2 prompt_chars=4007
[item 769/2000 | repeat 1] q_11730 skill=q_11730 topic=Mathematics -> Calculus -> Differential Calcu...
  -> call 1537/4000: q=q_11730 k=1 prompt_chars=2279
  -> call 1538/4000: q=q_11730 k=2 prompt_chars=4247
[item 770/2000 | repeat 1] q_60334 skill=q_60334 topic=Mathematics -> Algebra -> Linear Algebra -> M...
  -> call 1539/4000: q=q_60334 k=1 prompt_chars=2236
  -> call 1540/4000: q=q_60334 k=2 prompt_chars=4161
[item 771/2000 | repeat 1] q_32343 skill=q_32343 topic=Mathematics -> Applied Mathematics -> Statist...
  -> call 1541/4000: q=q_32343 k=1 prompt_chars=2348
  -> call 1542/4000: q=q_32343 k=2 prompt_chars=4385
[item 772/2000 | repeat 1] q_45921 skill=q_45921 topic=Mathematics -> Algebra -> Algebra -> Equation...
  -> call 1543/4000: q=q_45921 k=1 prompt_chars=2220
  -> call 1544/4000: q=q_45921 k=2 prompt_chars=4129
[item 773/2000 | repeat 1] q_23046 skill=q_23046 topic=Mathematics -> Calculus -> Integral Calculus ...
  -> call 1545/4000: q=q_23046 k=1 prompt_chars=1773
  -> call 1546/4000: q=q_23046 k=2 prompt_chars=3235
[item 774/2000 | repeat 1] q_34659 skill=q_34659 topic=Mathematics -> Geometry -> Differential Geome...
  -> call 1547/4000: q=q_34659 k=1 prompt_chars=2106
  -> call 1548/4000: q=q_34659 k=2 prompt_chars=3901
[item 775/2000 | repeat 1] q_42813 skill=q_42813 topic=Mathematics -> Calculus -> Differential Calcu...
  -> call 1549/4000: q=q_42813 k=1 prompt_chars=2124
  -> call 1550/4000: q=q_42813 k=2 prompt_chars=3937
[item 776/2000 | repeat 1] q_91155 skill=q_91155 topic=Mathematics -> Discrete Mathematics -> Combin...
  -> call 1551/4000: q=q_91155 k=1 prompt_chars=2587
  -> call 1552/4000: q=q_91155 k=2 prompt_chars=4863
[item 777/2000 | repeat 1] q_100818 skill=q_100818 topic=Mathematics -> Applied Mathematics -> Statist...
  -> call 1553/4000: q=q_100818 k=1 prompt_chars=1969
  -> call 1554/4000: q=q_100818 k=2 prompt_chars=3627
[item 778/2000 | repeat 1] q_80866 skill=q_80866 topic=Mathematics -> Discrete Mathematics -> Graph ...
  -> call 1555/4000: q=q_80866 k=1 prompt_chars=2035
  -> call 1556/4000: q=q_80866 k=2 prompt_chars=3759
[item 779/2000 | repeat 1] q_94624 skill=q_94624 topic=Mathematics -> Geometry -> Plane Geometry -> ...
  -> call 1557/4000: q=q_94624 k=1 prompt_chars=1518
  -> call 1558/4000: q=q_94624 k=2 prompt_chars=2725
[item 780/2000 | repeat 1] q_95042 skill=q_95042 topic=Mathematics -> Algebra -> Other
  -> call 1559/4000: q=q_95042 k=1 prompt_chars=1921
  -> call 1560/4000: q=q_95042 k=2 prompt_chars=3531
[item 781/2000 | repeat 1] q_69775 skill=q_69775 topic=Mathematics -> Precalculus -> Limits
  -> call 1561/4000: q=q_69775 k=1 prompt_chars=2201
  -> call 1562/4000: q=q_69775 k=2 prompt_chars=4091
[item 782/2000 | repeat 1] q_10231 skill=q_10231 topic=Mathematics -> Algebra -> Intermediate Algebr...
  -> call 1563/4000: q=q_10231 k=1 prompt_chars=2542
  -> call 1564/4000: q=q_10231 k=2 prompt_chars=4773
[item 783/2000 | repeat 1] q_62750 skill=q_62750 topic=Mathematics -> Applied Mathematics -> Math Wo...
  -> call 1565/4000: q=q_62750 k=1 prompt_chars=2068
  -> call 1566/4000: q=q_62750 k=2 prompt_chars=3825
[item 784/2000 | repeat 1] q_12674 skill=q_12674 topic=Mathematics -> Calculus -> Differential Calcu...
  -> call 1567/4000: q=q_12674 k=1 prompt_chars=2123
  -> call 1568/4000: q=q_12674 k=2 prompt_chars=3935
[item 785/2000 | repeat 1] q_64806 skill=q_64806 topic=Mathematics -> Discrete Mathematics -> Combin...
  -> call 1569/4000: q=q_64806 k=1 prompt_chars=2226
  -> call 1570/4000: q=q_64806 k=2 prompt_chars=4141
[item 786/2000 | repeat 1] q_48006 skill=q_48006 topic=Mathematics -> Calculus -> Integral Calculus ...
  -> call 1571/4000: q=q_48006 k=1 prompt_chars=1935
  -> call 1572/4000: q=q_48006 k=2 prompt_chars=3559
[item 787/2000 | repeat 1] q_22351 skill=q_22351 topic=Mathematics -> Calculus -> Integral Calculus ...
  -> call 1573/4000: q=q_22351 k=1 prompt_chars=1907
  -> call 1574/4000: q=q_22351 k=2 prompt_chars=3503
[item 788/2000 | repeat 1] q_60128 skill=q_60128 topic=Mathematics -> Precalculus -> Limits
  -> call 1575/4000: q=q_60128 k=1 prompt_chars=1770
  -> call 1576/4000: q=q_60128 k=2 prompt_chars=3229
[item 789/2000 | repeat 1] q_91063 skill=q_91063 topic=Mathematics -> Geometry -> Plane Geometry -> ...
  -> call 1577/4000: q=q_91063 k=1 prompt_chars=2221
  -> call 1578/4000: q=q_91063 k=2 prompt_chars=4131
[item 790/2000 | repeat 1] q_78863 skill=q_78863 topic=Mathematics -> Algebra -> Abstract Algebra ->...
  -> call 1579/4000: q=q_78863 k=1 prompt_chars=2008
  -> call 1580/4000: q=q_78863 k=2 prompt_chars=3705
[item 791/2000 | repeat 1] q_87299 skill=q_87299 topic=Mathematics -> Geometry -> Plane Geometry -> ...
  -> call 1581/4000: q=q_87299 k=1 prompt_chars=2108
  -> call 1582/4000: q=q_87299 k=2 prompt_chars=3905
[item 792/2000 | repeat 1] q_101797 skill=q_101797 topic=Mathematics -> Precalculus -> Trigonometric F...
  -> call 1583/4000: q=q_101797 k=1 prompt_chars=2037
  -> call 1584/4000: q=q_101797 k=2 prompt_chars=3763
[item 793/2000 | repeat 1] q_80459 skill=q_80459 topic=Mathematics -> Algebra -> Algebra -> Polynomi...
  -> call 1585/4000: q=q_80459 k=1 prompt_chars=2640
  -> call 1586/4000: q=q_80459 k=2 prompt_chars=4969
[item 794/2000 | repeat 1] q_88248 skill=q_88248 topic=Mathematics -> Precalculus -> Trigonometric F...
  -> call 1587/4000: q=q_88248 k=1 prompt_chars=2349
  -> call 1588/4000: q=q_88248 k=2 prompt_chars=4387
[item 795/2000 | repeat 1] q_92391 skill=q_92391 topic=Mathematics -> Geometry -> Plane Geometry -> ...
  -> call 1589/4000: q=q_92391 k=1 prompt_chars=2490
  -> call 1590/4000: q=q_92391 k=2 prompt_chars=4669
[item 796/2000 | repeat 1] q_88714 skill=q_88714 topic=Mathematics -> Algebra -> Algebra -> Algebrai...
  -> call 1591/4000: q=q_88714 k=1 prompt_chars=1986
  -> call 1592/4000: q=q_88714 k=2 prompt_chars=3661
[item 797/2000 | repeat 1] q_90584 skill=q_90584 topic=Mathematics -> Number Theory -> Congruences
  -> call 1593/4000: q=q_90584 k=1 prompt_chars=1615
  -> call 1594/4000: q=q_90584 k=2 prompt_chars=2919
[item 798/2000 | repeat 1] q_84928 skill=q_84928 topic=Mathematics -> Geometry -> Plane Geometry -> ...
  -> call 1595/4000: q=q_84928 k=1 prompt_chars=2260
  -> call 1596/4000: q=q_84928 k=2 prompt_chars=4209
[item 799/2000 | repeat 1] q_74823 skill=q_74823 topic=Mathematics -> Calculus -> Differential Calcu...
  -> call 1597/4000: q=q_74823 k=1 prompt_chars=2497
  -> call 1598/4000: q=q_74823 k=2 prompt_chars=4683
[item 800/2000 | repeat 1] q_89889 skill=q_89889 topic=Mathematics -> Algebra -> Intermediate Algebr...
  -> call 1599/4000: q=q_89889 k=1 prompt_chars=2321
  -> call 1600/4000: q=q_89889 k=2 prompt_chars=4331
[item 801/2000 | repeat 1] q_43864 skill=q_43864 topic=Mathematics -> Other
  -> call 1601/4000: q=q_43864 k=1 prompt_chars=2161
  -> call 1602/4000: q=q_43864 k=2 prompt_chars=4011
[item 802/2000 | repeat 1] q_21834 skill=q_21834 topic=Mathematics -> Applied Mathematics -> Statist...
  -> call 1603/4000: q=q_21834 k=1 prompt_chars=2562
  -> call 1604/4000: q=q_21834 k=2 prompt_chars=4813
[item 803/2000 | repeat 1] q_78835 skill=q_78835 topic=Mathematics -> Algebra -> Abstract Algebra ->...
  -> call 1605/4000: q=q_78835 k=1 prompt_chars=1810
  -> call 1606/4000: q=q_78835 k=2 prompt_chars=3309
[item 804/2000 | repeat 1] q_6750 skill=q_6750 topic=Mathematics -> Calculus -> Differential Calcu...
  -> call 1607/4000: q=q_6750 k=1 prompt_chars=2357
  -> call 1608/4000: q=q_6750 k=2 prompt_chars=4403
[item 805/2000 | repeat 1] q_51034 skill=q_51034 topic=Mathematics -> Geometry -> Differential Geome...
  -> call 1609/4000: q=q_51034 k=1 prompt_chars=2664
  -> call 1610/4000: q=q_51034 k=2 prompt_chars=5017
[item 806/2000 | repeat 1] q_6108 skill=q_6108 topic=Mathematics -> Number Theory -> Congruences
  -> call 1611/4000: q=q_6108 k=1 prompt_chars=2259
  -> call 1612/4000: q=q_6108 k=2 prompt_chars=4207
[item 807/2000 | repeat 1] q_47017 skill=q_47017 topic=Mathematics -> Algebra -> Abstract Algebra ->...
  -> call 1613/4000: q=q_47017 k=1 prompt_chars=2000
  -> call 1614/4000: q=q_47017 k=2 prompt_chars=3689
[item 808/2000 | repeat 1] q_71262 skill=q_71262 topic=Mathematics -> Other
  -> call 1615/4000: q=q_71262 k=1 prompt_chars=1461
  -> call 1616/4000: q=q_71262 k=2 prompt_chars=2611
[item 809/2000 | repeat 1] q_56951 skill=q_56951 topic=Mathematics -> Number Theory -> Congruences
  -> call 1617/4000: q=q_56951 k=1 prompt_chars=1844
  -> call 1618/4000: q=q_56951 k=2 prompt_chars=3377
[item 810/2000 | repeat 1] q_20841 skill=q_20841 topic=Mathematics -> Number Theory -> Congruences
  -> call 1619/4000: q=q_20841 k=1 prompt_chars=1892
  -> call 1620/4000: q=q_20841 k=2 prompt_chars=3473
[item 811/2000 | repeat 1] q_18730 skill=q_18730 topic=Mathematics -> Algebra -> Abstract Algebra ->...
  -> call 1621/4000: q=q_18730 k=1 prompt_chars=1995
  -> call 1622/4000: q=q_18730 k=2 prompt_chars=3679
[item 812/2000 | repeat 1] q_93956 skill=q_93956 topic=Mathematics -> Precalculus -> Trigonometric F...
  -> call 1623/4000: q=q_93956 k=1 prompt_chars=2473
  -> call 1624/4000: q=q_93956 k=2 prompt_chars=4635
[item 813/2000 | repeat 1] q_39767 skill=q_39767 topic=Mathematics -> Discrete Mathematics -> Combin...
  -> call 1625/4000: q=q_39767 k=1 prompt_chars=2272
  -> call 1626/4000: q=q_39767 k=2 prompt_chars=4233
[item 814/2000 | repeat 1] q_52201 skill=q_52201 topic=Mathematics -> Calculus -> Differential Calcu...
  -> call 1627/4000: q=q_52201 k=1 prompt_chars=2030
  -> call 1628/4000: q=q_52201 k=2 prompt_chars=3749
[item 815/2000 | repeat 1] q_93248 skill=q_93248 topic=Mathematics -> Geometry -> Plane Geometry -> ...
  -> call 1629/4000: q=q_93248 k=1 prompt_chars=2582
  -> call 1630/4000: q=q_93248 k=2 prompt_chars=4853
[item 816/2000 | repeat 1] q_24152 skill=q_24152 topic=Mathematics -> Calculus -> Integral Calculus ...
  -> call 1631/4000: q=q_24152 k=1 prompt_chars=1830
  -> call 1632/4000: q=q_24152 k=2 prompt_chars=3349
[item 817/2000 | repeat 1] q_63777 skill=q_63777 topic=Mathematics -> Algebra -> Abstract Algebra ->...
  -> call 1633/4000: q=q_63777 k=1 prompt_chars=1851
  -> call 1634/4000: q=q_63777 k=2 prompt_chars=3391
[item 818/2000 | repeat 1] q_95708 skill=q_95708 topic=Mathematics -> Calculus -> Differential Calcu...
  -> call 1635/4000: q=q_95708 k=1 prompt_chars=1771
  -> call 1636/4000: q=q_95708 k=2 prompt_chars=3231
[item 819/2000 | repeat 1] q_41572 skill=q_41572 topic=Mathematics -> Other
  -> call 1637/4000: q=q_41572 k=1 prompt_chars=2103
  -> call 1638/4000: q=q_41572 k=2 prompt_chars=3895
[item 820/2000 | repeat 1] q_120 skill=q_120 topic=Mathematics -> Applied Mathematics -> Statist...
  -> call 1639/4000: q=q_120 k=1 prompt_chars=1993
  -> call 1640/4000: q=q_120 k=2 prompt_chars=3675
[item 821/2000 | repeat 1] q_77151 skill=q_77151 topic=Mathematics -> Algebra -> Abstract Algebra ->...
  -> call 1641/4000: q=q_77151 k=1 prompt_chars=1574
  -> call 1642/4000: q=q_77151 k=2 prompt_chars=2837
[item 822/2000 | repeat 1] q_84612 skill=q_84612 topic=Mathematics -> Number Theory -> Other
  -> call 1643/4000: q=q_84612 k=1 prompt_chars=2302
  -> call 1644/4000: q=q_84612 k=2 prompt_chars=4293
[item 823/2000 | repeat 1] q_37543 skill=q_37543 topic=Mathematics -> Algebra -> Abstract Algebra ->...
  -> call 1645/4000: q=q_37543 k=1 prompt_chars=2105
  -> call 1646/4000: q=q_37543 k=2 prompt_chars=3899
[item 824/2000 | repeat 1] q_62035 skill=q_62035 topic=Mathematics -> Algebra -> Algebra -> Equation...
  -> call 1647/4000: q=q_62035 k=1 prompt_chars=1759
  -> call 1648/4000: q=q_62035 k=2 prompt_chars=3207
[item 825/2000 | repeat 1] q_9643 skill=q_9643 topic=Mathematics -> Algebra -> Abstract Algebra ->...
  -> call 1649/4000: q=q_9643 k=1 prompt_chars=2122
  -> call 1650/4000: q=q_9643 k=2 prompt_chars=3933
[item 826/2000 | repeat 1] q_92527 skill=q_92527 topic=Mathematics -> Algebra -> Intermediate Algebr...
  -> call 1651/4000: q=q_92527 k=1 prompt_chars=2149
  -> call 1652/4000: q=q_92527 k=2 prompt_chars=3987
[item 827/2000 | repeat 1] q_42742 skill=q_42742 topic=Mathematics -> Calculus -> Integral Calculus ...
  -> call 1653/4000: q=q_42742 k=1 prompt_chars=2226
  -> call 1654/4000: q=q_42742 k=2 prompt_chars=4141
[item 828/2000 | repeat 1] q_95713 skill=q_95713 topic=Mathematics -> Algebra -> Algebra -> Polynomi...
  -> call 1655/4000: q=q_95713 k=1 prompt_chars=1791
  -> call 1656/4000: q=q_95713 k=2 prompt_chars=3271
[item 829/2000 | repeat 1] q_32766 skill=q_32766 topic=Mathematics -> Algebra -> Linear Algebra -> V...
  -> call 1657/4000: q=q_32766 k=1 prompt_chars=2333
  -> call 1658/4000: q=q_32766 k=2 prompt_chars=4355
[item 830/2000 | repeat 1] q_13245 skill=q_13245 topic=Mathematics -> Calculus -> Integral Calculus ...
  -> call 1659/4000: q=q_13245 k=1 prompt_chars=2091
  -> call 1660/4000: q=q_13245 k=2 prompt_chars=3871
[item 831/2000 | repeat 1] q_8079 skill=q_8079 topic=Mathematics -> Applied Mathematics -> Statist...
  -> call 1661/4000: q=q_8079 k=1 prompt_chars=2284
  -> call 1662/4000: q=q_8079 k=2 prompt_chars=4257
[item 832/2000 | repeat 1] q_65276 skill=q_65276 topic=Mathematics -> Discrete Mathematics -> Combin...
  -> call 1663/4000: q=q_65276 k=1 prompt_chars=1914
  -> call 1664/4000: q=q_65276 k=2 prompt_chars=3517
[item 833/2000 | repeat 1] q_61737 skill=q_61737 topic=Mathematics -> Calculus -> Differential Calcu...
  -> call 1665/4000: q=q_61737 k=1 prompt_chars=2098
  -> call 1666/4000: q=q_61737 k=2 prompt_chars=3885
[item 834/2000 | repeat 1] q_41470 skill=q_41470 topic=Mathematics -> Calculus -> Differential Calcu...
  -> call 1667/4000: q=q_41470 k=1 prompt_chars=2154
  -> call 1668/4000: q=q_41470 k=2 prompt_chars=3997
[item 835/2000 | repeat 1] q_4061 skill=q_4061 topic=Mathematics -> Calculus -> Integral Calculus ...
  -> call 1669/4000: q=q_4061 k=1 prompt_chars=1851
  -> call 1670/4000: q=q_4061 k=2 prompt_chars=3391
[item 836/2000 | repeat 1] q_76195 skill=q_76195 topic=Mathematics -> Calculus -> Integral Calculus ...
  -> call 1671/4000: q=q_76195 k=1 prompt_chars=2357
  -> call 1672/4000: q=q_76195 k=2 prompt_chars=4403
[item 837/2000 | repeat 1] q_59429 skill=q_59429 topic=Mathematics -> Precalculus -> Limits
  -> call 1673/4000: q=q_59429 k=1 prompt_chars=1849
  -> call 1674/4000: q=q_59429 k=2 prompt_chars=3387
[item 838/2000 | repeat 1] q_15819 skill=q_15819 topic=Mathematics -> Differential Equations -> Other
  -> call 1675/4000: q=q_15819 k=1 prompt_chars=2296
  -> call 1676/4000: q=q_15819 k=2 prompt_chars=4281
[item 839/2000 | repeat 1] q_37619 skill=q_37619 topic=Mathematics -> Other
  -> call 1677/4000: q=q_37619 k=1 prompt_chars=2257
  -> call 1678/4000: q=q_37619 k=2 prompt_chars=4203
[item 840/2000 | repeat 1] q_11302 skill=q_11302 topic=Mathematics -> Algebra -> Abstract Algebra ->...
  -> call 1679/4000: q=q_11302 k=1 prompt_chars=2058
  -> call 1680/4000: q=q_11302 k=2 prompt_chars=3805
[item 841/2000 | repeat 1] q_97077 skill=q_97077 topic=Mathematics -> Algebra -> Intermediate Algebr...
  -> call 1681/4000: q=q_97077 k=1 prompt_chars=2530
  -> call 1682/4000: q=q_97077 k=2 prompt_chars=4749
[item 842/2000 | repeat 1] q_59572 skill=q_59572 topic=Mathematics -> Algebra -> Abstract Algebra ->...
  -> call 1683/4000: q=q_59572 k=1 prompt_chars=2201
  -> call 1684/4000: q=q_59572 k=2 prompt_chars=4091
[item 843/2000 | repeat 1] q_48103 skill=q_48103 topic=Mathematics -> Applied Mathematics -> Statist...
  -> call 1685/4000: q=q_48103 k=1 prompt_chars=2027
  -> call 1686/4000: q=q_48103 k=2 prompt_chars=3743
[item 844/2000 | repeat 1] q_71113 skill=q_71113 topic=Mathematics -> Algebra -> Intermediate Algebr...
  -> call 1687/4000: q=q_71113 k=1 prompt_chars=2181
  -> call 1688/4000: q=q_71113 k=2 prompt_chars=4051
[item 845/2000 | repeat 1] q_69121 skill=q_69121 topic=Mathematics -> Algebra -> Linear Algebra -> L...
  -> call 1689/4000: q=q_69121 k=1 prompt_chars=2120
  -> call 1690/4000: q=q_69121 k=2 prompt_chars=3929
[item 846/2000 | repeat 1] q_101829 skill=q_101829 topic=Mathematics -> Geometry -> Plane Geometry -> ...
  -> call 1691/4000: q=q_101829 k=1 prompt_chars=1826
  -> call 1692/4000: q=q_101829 k=2 prompt_chars=3341
[item 847/2000 | repeat 1] q_39335 skill=q_39335 topic=Mathematics -> Algebra -> Algebra -> Algebrai...
  -> call 1693/4000: q=q_39335 k=1 prompt_chars=1763
  -> call 1694/4000: q=q_39335 k=2 prompt_chars=3215
[item 848/2000 | repeat 1] q_48343 skill=q_48343 topic=Mathematics -> Calculus -> Differential Calcu...
  -> call 1695/4000: q=q_48343 k=1 prompt_chars=2227
  -> call 1696/4000: q=q_48343 k=2 prompt_chars=4143
[item 849/2000 | repeat 1] q_98984 skill=q_98984 topic=Mathematics -> Algebra -> Linear Algebra -> V...
  -> call 1697/4000: q=q_98984 k=1 prompt_chars=1869
  -> call 1698/4000: q=q_98984 k=2 prompt_chars=3427
[item 850/2000 | repeat 1] q_13821 skill=q_13821 topic=Mathematics -> Algebra -> Abstract Algebra ->...
  -> call 1699/4000: q=q_13821 k=1 prompt_chars=1934
  -> call 1700/4000: q=q_13821 k=2 prompt_chars=3557
[item 851/2000 | repeat 1] q_94949 skill=q_94949 topic=Mathematics -> Geometry -> Plane Geometry -> ...
  -> call 1701/4000: q=q_94949 k=1 prompt_chars=1465
  -> call 1702/4000: q=q_94949 k=2 prompt_chars=2619
[item 852/2000 | repeat 1] q_53289 skill=q_53289 topic=Mathematics -> Algebra -> Abstract Algebra ->...
  -> call 1703/4000: q=q_53289 k=1 prompt_chars=1987
  -> call 1704/4000: q=q_53289 k=2 prompt_chars=3663
[item 853/2000 | repeat 1] q_96682 skill=q_96682 topic=Mathematics -> Geometry -> Plane Geometry -> ...
  -> call 1705/4000: q=q_96682 k=1 prompt_chars=2233
  -> call 1706/4000: q=q_96682 k=2 prompt_chars=4155
[item 854/2000 | repeat 1] q_30040 skill=q_30040 topic=Mathematics -> Calculus -> Differential Calcu...
  -> call 1707/4000: q=q_30040 k=1 prompt_chars=2423
  -> call 1708/4000: q=q_30040 k=2 prompt_chars=4535
[item 855/2000 | repeat 1] q_95601 skill=q_95601 topic=Mathematics -> Applied Mathematics -> Math Wo...
  -> call 1709/4000: q=q_95601 k=1 prompt_chars=2472
  -> call 1710/4000: q=q_95601 k=2 prompt_chars=4633
[item 856/2000 | repeat 1] q_17232 skill=q_17232 topic=Mathematics -> Algebra -> Abstract Algebra ->...
  -> call 1711/4000: q=q_17232 k=1 prompt_chars=1955
  -> call 1712/4000: q=q_17232 k=2 prompt_chars=3599
[item 857/2000 | repeat 1] q_87361 skill=q_87361 topic=Mathematics -> Algebra -> Algebra -> Polynomi...
  -> call 1713/4000: q=q_87361 k=1 prompt_chars=2077
  -> call 1714/4000: q=q_87361 k=2 prompt_chars=3843
[item 858/2000 | repeat 1] q_99891 skill=q_99891 topic=Mathematics -> Applied Mathematics -> Statist...
  -> call 1715/4000: q=q_99891 k=1 prompt_chars=2796
  -> call 1716/4000: q=q_99891 k=2 prompt_chars=5281
[item 859/2000 | repeat 1] q_26447 skill=q_26447 topic=Mathematics -> Calculus -> Integral Calculus ...
  -> call 1717/4000: q=q_26447 k=1 prompt_chars=2176
  -> call 1718/4000: q=q_26447 k=2 prompt_chars=4041
[item 860/2000 | repeat 1] q_91759 skill=q_91759 topic=Mathematics -> Algebra -> Linear Algebra -> D...
  -> call 1719/4000: q=q_91759 k=1 prompt_chars=2257
  -> call 1720/4000: q=q_91759 k=2 prompt_chars=4203
[item 861/2000 | repeat 1] q_72071 skill=q_72071 topic=Mathematics -> Calculus -> Integral Calculus ...
  -> call 1721/4000: q=q_72071 k=1 prompt_chars=2057
  -> call 1722/4000: q=q_72071 k=2 prompt_chars=3803
[item 862/2000 | repeat 1] q_54993 skill=q_54993 topic=Mathematics -> Differential Equations -> Ordi...
  -> call 1723/4000: q=q_54993 k=1 prompt_chars=2405
  -> call 1724/4000: q=q_54993 k=2 prompt_chars=4499
[item 863/2000 | repeat 1] q_49782 skill=q_49782 topic=Mathematics -> Geometry -> Plane Geometry -> ...
  -> call 1725/4000: q=q_49782 k=1 prompt_chars=2106
  -> call 1726/4000: q=q_49782 k=2 prompt_chars=3901
[item 864/2000 | repeat 1] q_9898 skill=q_9898 topic=Mathematics -> Other
  -> call 1727/4000: q=q_9898 k=1 prompt_chars=2002
  -> call 1728/4000: q=q_9898 k=2 prompt_chars=3693
[item 865/2000 | repeat 1] q_94506 skill=q_94506 topic=Mathematics -> Algebra -> Intermediate Algebr...
  -> call 1729/4000: q=q_94506 k=1 prompt_chars=2001
  -> call 1730/4000: q=q_94506 k=2 prompt_chars=3691
[item 866/2000 | repeat 1] q_27983 skill=q_27983 topic=Mathematics -> Discrete Mathematics -> Combin...
  -> call 1731/4000: q=q_27983 k=1 prompt_chars=1835
  -> call 1732/4000: q=q_27983 k=2 prompt_chars=3359
[item 867/2000 | repeat 1] q_34627 skill=q_34627 topic=Mathematics -> Precalculus -> Limits
  -> call 1733/4000: q=q_34627 k=1 prompt_chars=1788
  -> call 1734/4000: q=q_34627 k=2 prompt_chars=3265
[item 868/2000 | repeat 1] q_48692 skill=q_48692 topic=Mathematics -> Algebra -> Abstract Algebra ->...
  -> call 1735/4000: q=q_48692 k=1 prompt_chars=2298
  -> call 1736/4000: q=q_48692 k=2 prompt_chars=4285
[item 869/2000 | repeat 1] q_63232 skill=q_63232 topic=Mathematics -> Algebra -> Algebra -> Polynomi...
  -> call 1737/4000: q=q_63232 k=1 prompt_chars=2189
  -> call 1738/4000: q=q_63232 k=2 prompt_chars=4067
[item 870/2000 | repeat 1] q_94083 skill=q_94083 topic=Mathematics -> Number Theory -> Congruences
  -> call 1739/4000: q=q_94083 k=1 prompt_chars=2287
  -> call 1740/4000: q=q_94083 k=2 prompt_chars=4263
[item 871/2000 | repeat 1] q_47207 skill=q_47207 topic=Mathematics -> Discrete Mathematics -> Logic
  -> call 1741/4000: q=q_47207 k=1 prompt_chars=1484
  -> call 1742/4000: q=q_47207 k=2 prompt_chars=2657
[item 872/2000 | repeat 1] q_61294 skill=q_61294 topic=Mathematics -> Number Theory -> Factorization
  -> call 1743/4000: q=q_61294 k=1 prompt_chars=2028
  -> call 1744/4000: q=q_61294 k=2 prompt_chars=3745
[item 873/2000 | repeat 1] q_45914 skill=q_45914 topic=Mathematics -> Geometry -> Differential Geome...
  -> call 1745/4000: q=q_45914 k=1 prompt_chars=2409
  -> call 1746/4000: q=q_45914 k=2 prompt_chars=4507
[item 874/2000 | repeat 1] q_37669 skill=q_37669 topic=Mathematics -> Algebra -> Abstract Algebra ->...
  -> call 1747/4000: q=q_37669 k=1 prompt_chars=2331
  -> call 1748/4000: q=q_37669 k=2 prompt_chars=4351
[item 875/2000 | repeat 1] q_76914 skill=q_76914 topic=Mathematics -> Algebra -> Abstract Algebra ->...
  -> call 1749/4000: q=q_76914 k=1 prompt_chars=2713
  -> call 1750/4000: q=q_76914 k=2 prompt_chars=5115
[item 876/2000 | repeat 1] q_80173 skill=q_80173 topic=Mathematics -> Algebra -> Other
  -> call 1751/4000: q=q_80173 k=1 prompt_chars=2339
  -> call 1752/4000: q=q_80173 k=2 prompt_chars=4367
[item 877/2000 | repeat 1] q_99979 skill=q_99979 topic=Mathematics -> Algebra -> Algebra -> Polynomi...
  -> call 1753/4000: q=q_99979 k=1 prompt_chars=1450
  -> call 1754/4000: q=q_99979 k=2 prompt_chars=2589
[item 878/2000 | repeat 1] q_32381 skill=q_32381 topic=Mathematics -> Calculus -> Integral Calculus ...
  -> call 1755/4000: q=q_32381 k=1 prompt_chars=2080
  -> call 1756/4000: q=q_32381 k=2 prompt_chars=3849
[item 879/2000 | repeat 1] q_77502 skill=q_77502 topic=Mathematics -> Calculus -> Differential Calcu...
  -> call 1757/4000: q=q_77502 k=1 prompt_chars=1920
  -> call 1758/4000: q=q_77502 k=2 prompt_chars=3529
[item 880/2000 | repeat 1] q_82270 skill=q_82270 topic=Mathematics -> Calculus -> Integral Calculus ...
  -> call 1759/4000: q=q_82270 k=1 prompt_chars=2378
  -> call 1760/4000: q=q_82270 k=2 prompt_chars=4445
[item 881/2000 | repeat 1] q_14204 skill=q_14204 topic=Mathematics -> Applied Mathematics -> Statist...
  -> call 1761/4000: q=q_14204 k=1 prompt_chars=1662
  -> call 1762/4000: q=q_14204 k=2 prompt_chars=3013
[item 882/2000 | repeat 1] q_71750 skill=q_71750 topic=Mathematics -> Number Theory -> Congruences
  -> call 1763/4000: q=q_71750 k=1 prompt_chars=2375
  -> call 1764/4000: q=q_71750 k=2 prompt_chars=4439
[item 883/2000 | repeat 1] q_54594 skill=q_54594 topic=Mathematics -> Algebra -> Abstract Algebra ->...
  -> call 1765/4000: q=q_54594 k=1 prompt_chars=2490
  -> call 1766/4000: q=q_54594 k=2 prompt_chars=4669
[item 884/2000 | repeat 1] q_15426 skill=q_15426 topic=Mathematics -> Algebra -> Abstract Algebra ->...
  -> call 1767/4000: q=q_15426 k=1 prompt_chars=2217
  -> call 1768/4000: q=q_15426 k=2 prompt_chars=4123
[item 885/2000 | repeat 1] q_47531 skill=q_47531 topic=Mathematics -> Calculus -> Integral Calculus ...
  -> call 1769/4000: q=q_47531 k=1 prompt_chars=2175
  -> call 1770/4000: q=q_47531 k=2 prompt_chars=4039
[item 886/2000 | repeat 1] q_11278 skill=q_11278 topic=Mathematics -> Other
  -> call 1771/4000: q=q_11278 k=1 prompt_chars=2325
  -> call 1772/4000: q=q_11278 k=2 prompt_chars=4339
[item 887/2000 | repeat 1] q_41529 skill=q_41529 topic=Mathematics -> Calculus -> Integral Calculus ...
  -> call 1773/4000: q=q_41529 k=1 prompt_chars=1630
  -> call 1774/4000: q=q_41529 k=2 prompt_chars=2949
[item 888/2000 | repeat 1] q_49163 skill=q_49163 topic=Mathematics -> Geometry -> Differential Geome...
  -> call 1775/4000: q=q_49163 k=1 prompt_chars=2335
  -> call 1776/4000: q=q_49163 k=2 prompt_chars=4359
[item 889/2000 | repeat 1] q_11877 skill=q_11877 topic=Mathematics -> Algebra -> Abstract Algebra ->...
  -> call 1777/4000: q=q_11877 k=1 prompt_chars=2347
  -> call 1778/4000: q=q_11877 k=2 prompt_chars=4383
[item 890/2000 | repeat 1] q_85934 skill=q_85934 topic=Mathematics -> Geometry -> Plane Geometry -> ...
  -> call 1779/4000: q=q_85934 k=1 prompt_chars=2261
  -> call 1780/4000: q=q_85934 k=2 prompt_chars=4211
[item 891/2000 | repeat 1] q_2209 skill=q_2209 topic=Mathematics -> Algebra -> Abstract Algebra ->...
  -> call 1781/4000: q=q_2209 k=1 prompt_chars=2168
  -> call 1782/4000: q=q_2209 k=2 prompt_chars=4025
[item 892/2000 | repeat 1] q_7266 skill=q_7266 topic=Mathematics -> Number Theory -> Factorization
  -> call 1783/4000: q=q_7266 k=1 prompt_chars=2386
  -> call 1784/4000: q=q_7266 k=2 prompt_chars=4461
[item 893/2000 | repeat 1] q_32027 skill=q_32027 topic=Mathematics -> Algebra -> Intermediate Algebr...
  -> call 1785/4000: q=q_32027 k=1 prompt_chars=2240
  -> call 1786/4000: q=q_32027 k=2 prompt_chars=4169
[item 894/2000 | repeat 1] q_97948 skill=q_97948 topic=Mathematics -> Algebra -> Intermediate Algebr...
  -> call 1787/4000: q=q_97948 k=1 prompt_chars=1797
  -> call 1788/4000: q=q_97948 k=2 prompt_chars=3283
[item 895/2000 | repeat 1] q_81936 skill=q_81936 topic=Mathematics -> Calculus -> Integral Calculus ...
  -> call 1789/4000: q=q_81936 k=1 prompt_chars=1793
  -> call 1790/4000: q=q_81936 k=2 prompt_chars=3275
[item 896/2000 | repeat 1] q_67220 skill=q_67220 topic=Mathematics -> Algebra -> Algebra -> Algebrai...
  -> call 1791/4000: q=q_67220 k=1 prompt_chars=1742
  -> call 1792/4000: q=q_67220 k=2 prompt_chars=3173
[item 897/2000 | repeat 1] q_4769 skill=q_4769 topic=Mathematics -> Algebra -> Intermediate Algebr...
  -> call 1793/4000: q=q_4769 k=1 prompt_chars=2184
  -> call 1794/4000: q=q_4769 k=2 prompt_chars=4057
[item 898/2000 | repeat 1] q_16098 skill=q_16098 topic=Mathematics -> Discrete Mathematics -> Combin...
  -> call 1795/4000: q=q_16098 k=1 prompt_chars=1916
  -> call 1796/4000: q=q_16098 k=2 prompt_chars=3521
[item 899/2000 | repeat 1] q_40215 skill=q_40215 topic=Mathematics -> Precalculus -> Limits
  -> call 1797/4000: q=q_40215 k=1 prompt_chars=1731
  -> call 1798/4000: q=q_40215 k=2 prompt_chars=3151
[item 900/2000 | repeat 1] q_47665 skill=q_47665 topic=Mathematics -> Discrete Mathematics -> Combin...
  -> call 1799/4000: q=q_47665 k=1 prompt_chars=2250
  -> call 1800/4000: q=q_47665 k=2 prompt_chars=4189
[item 901/2000 | repeat 1] q_100777 skill=q_100777 topic=Mathematics -> Applied Mathematics -> Statist...
  -> call 1801/4000: q=q_100777 k=1 prompt_chars=2006
  -> call 1802/4000: q=q_100777 k=2 prompt_chars=3701
[item 902/2000 | repeat 1] q_34127 skill=q_34127 topic=Mathematics -> Discrete Mathematics -> Combin...
  -> call 1803/4000: q=q_34127 k=1 prompt_chars=2667
  -> call 1804/4000: q=q_34127 k=2 prompt_chars=5023
[item 903/2000 | repeat 1] q_70616 skill=q_70616 topic=Mathematics -> Algebra -> Abstract Algebra ->...
  -> call 1805/4000: q=q_70616 k=1 prompt_chars=2605
  -> call 1806/4000: q=q_70616 k=2 prompt_chars=4899
[item 904/2000 | repeat 1] q_9058 skill=q_9058 topic=Mathematics -> Calculus -> Integral Calculus ...
  -> call 1807/4000: q=q_9058 k=1 prompt_chars=2233
  -> call 1808/4000: q=q_9058 k=2 prompt_chars=4155
[item 905/2000 | repeat 1] q_13939 skill=q_13939 topic=Mathematics -> Geometry -> Non-Euclidean Geom...
  -> call 1809/4000: q=q_13939 k=1 prompt_chars=1675
  -> call 1810/4000: q=q_13939 k=2 prompt_chars=3039
[item 906/2000 | repeat 1] q_91806 skill=q_91806 topic=Mathematics -> Number Theory -> Congruences
  -> call 1811/4000: q=q_91806 k=1 prompt_chars=1941
  -> call 1812/4000: q=q_91806 k=2 prompt_chars=3571
[item 907/2000 | repeat 1] q_81623 skill=q_81623 topic=Mathematics -> Algebra -> Abstract Algebra ->...
  -> call 1813/4000: q=q_81623 k=1 prompt_chars=2026
  -> call 1814/4000: q=q_81623 k=2 prompt_chars=3741
[item 908/2000 | repeat 1] q_18931 skill=q_18931 topic=Mathematics -> Calculus -> Differential Calcu...
  -> call 1815/4000: q=q_18931 k=1 prompt_chars=1641
  -> call 1816/4000: q=q_18931 k=2 prompt_chars=2971
[item 909/2000 | repeat 1] q_51039 skill=q_51039 topic=Mathematics -> Calculus -> Differential Calcu...
  -> call 1817/4000: q=q_51039 k=1 prompt_chars=2059
  -> call 1818/4000: q=q_51039 k=2 prompt_chars=3807
[item 910/2000 | repeat 1] q_89277 skill=q_89277 topic=Mathematics -> Geometry -> Plane Geometry -> ...
  -> call 1819/4000: q=q_89277 k=1 prompt_chars=2075
  -> call 1820/4000: q=q_89277 k=2 prompt_chars=3839
[item 911/2000 | repeat 1] q_100823 skill=q_100823 topic=Mathematics -> Geometry -> Solid Geometry -> ...
  -> call 1821/4000: q=q_100823 k=1 prompt_chars=2921
  -> call 1822/4000: q=q_100823 k=2 prompt_chars=5531
[item 912/2000 | repeat 1] q_88487 skill=q_88487 topic=Mathematics -> Number Theory -> Divisibility
  -> call 1823/4000: q=q_88487 k=1 prompt_chars=1875
  -> call 1824/4000: q=q_88487 k=2 prompt_chars=3439
[item 913/2000 | repeat 1] q_99277 skill=q_99277 topic=Mathematics -> Applied Mathematics -> Math Wo...
  -> call 1825/4000: q=q_99277 k=1 prompt_chars=1658
  -> call 1826/4000: q=q_99277 k=2 prompt_chars=3005
[item 914/2000 | repeat 1] q_48784 skill=q_48784 topic=Mathematics -> Calculus -> Differential Calcu...
  -> call 1827/4000: q=q_48784 k=1 prompt_chars=2193
  -> call 1828/4000: q=q_48784 k=2 prompt_chars=4075
[item 915/2000 | repeat 1] q_61890 skill=q_61890 topic=Mathematics -> Algebra -> Algebra -> Polynomi...
  -> call 1829/4000: q=q_61890 k=1 prompt_chars=2265
  -> call 1830/4000: q=q_61890 k=2 prompt_chars=4219
[item 916/2000 | repeat 1] q_65216 skill=q_65216 topic=Mathematics -> Algebra -> Algebra -> Polynomi...
  -> call 1831/4000: q=q_65216 k=1 prompt_chars=1865
  -> call 1832/4000: q=q_65216 k=2 prompt_chars=3419
[item 917/2000 | repeat 1] q_45371 skill=q_45371 topic=Mathematics -> Calculus -> Integral Calculus ...
  -> call 1833/4000: q=q_45371 k=1 prompt_chars=1829
  -> call 1834/4000: q=q_45371 k=2 prompt_chars=3347
[item 918/2000 | repeat 1] q_22252 skill=q_22252 topic=Mathematics -> Geometry -> Plane Geometry -> ...
  -> call 1835/4000: q=q_22252 k=1 prompt_chars=2021
  -> call 1836/4000: q=q_22252 k=2 prompt_chars=3731
[item 919/2000 | repeat 1] q_99278 skill=q_99278 topic=Mathematics -> Geometry -> Plane Geometry -> ...
  -> call 1837/4000: q=q_99278 k=1 prompt_chars=1924
  -> call 1838/4000: q=q_99278 k=2 prompt_chars=3537
[item 920/2000 | repeat 1] q_100663 skill=q_100663 topic=Mathematics -> Algebra -> Prealgebra -> Integers
  -> call 1839/4000: q=q_100663 k=1 prompt_chars=1885
  -> call 1840/4000: q=q_100663 k=2 prompt_chars=3459
[item 921/2000 | repeat 1] q_30817 skill=q_30817 topic=Mathematics -> Algebra -> Algebra -> Polynomi...
  -> call 1841/4000: q=q_30817 k=1 prompt_chars=2055
  -> call 1842/4000: q=q_30817 k=2 prompt_chars=3799
[item 922/2000 | repeat 1] q_94855 skill=q_94855 topic=Mathematics -> Geometry -> Plane Geometry -> ...
  -> call 1843/4000: q=q_94855 k=1 prompt_chars=1314
  -> call 1844/4000: q=q_94855 k=2 prompt_chars=2317
[item 923/2000 | repeat 1] q_56140 skill=q_56140 topic=Mathematics -> Precalculus -> Limits
  -> call 1845/4000: q=q_56140 k=1 prompt_chars=1865
  -> call 1846/4000: q=q_56140 k=2 prompt_chars=3419
[item 924/2000 | repeat 1] q_24638 skill=q_24638 topic=Mathematics -> Geometry -> Differential Geome...
  -> call 1847/4000: q=q_24638 k=1 prompt_chars=3306
  -> call 1848/4000: q=q_24638 k=2 prompt_chars=6301
[item 925/2000 | repeat 1] q_50149 skill=q_50149 topic=Mathematics -> Algebra -> Intermediate Algebr...
  -> call 1849/4000: q=q_50149 k=1 prompt_chars=2336
  -> call 1850/4000: q=q_50149 k=2 prompt_chars=4361
[item 926/2000 | repeat 1] q_36080 skill=q_36080 topic=Mathematics -> Algebra -> Abstract Algebra ->...
  -> call 1851/4000: q=q_36080 k=1 prompt_chars=1834
  -> call 1852/4000: q=q_36080 k=2 prompt_chars=3357
[item 927/2000 | repeat 1] q_27949 skill=q_27949 topic=Mathematics -> Calculus -> Integral Calculus ...
  -> call 1853/4000: q=q_27949 k=1 prompt_chars=1743
  -> call 1854/4000: q=q_27949 k=2 prompt_chars=3175
[item 928/2000 | repeat 1] q_90568 skill=q_90568 topic=Mathematics -> Algebra -> Algebra -> Equation...
  -> call 1855/4000: q=q_90568 k=1 prompt_chars=1941
  -> call 1856/4000: q=q_90568 k=2 prompt_chars=3571
[item 929/2000 | repeat 1] q_54192 skill=q_54192 topic=Mathematics -> Algebra -> Linear Algebra -> M...
  -> call 1857/4000: q=q_54192 k=1 prompt_chars=1992
  -> call 1858/4000: q=q_54192 k=2 prompt_chars=3673
[item 930/2000 | repeat 1] q_73494 skill=q_73494 topic=Mathematics -> Geometry -> Plane Geometry -> ...
  -> call 1859/4000: q=q_73494 k=1 prompt_chars=2079
  -> call 1860/4000: q=q_73494 k=2 prompt_chars=3847
[item 931/2000 | repeat 1] q_59840 skill=q_59840 topic=Mathematics -> Differential Equations -> Part...
  -> call 1861/4000: q=q_59840 k=1 prompt_chars=2532
  -> call 1862/4000: q=q_59840 k=2 prompt_chars=4753
[item 932/2000 | repeat 1] q_18982 skill=q_18982 topic=Mathematics -> Calculus -> Integral Calculus ...
  -> call 1863/4000: q=q_18982 k=1 prompt_chars=1803
  -> call 1864/4000: q=q_18982 k=2 prompt_chars=3295
[item 933/2000 | repeat 1] q_64860 skill=q_64860 topic=Mathematics -> Algebra -> Algebra -> Polynomi...
  -> call 1865/4000: q=q_64860 k=1 prompt_chars=1982
  -> call 1866/4000: q=q_64860 k=2 prompt_chars=3653
[item 934/2000 | repeat 1] q_71152 skill=q_71152 topic=Mathematics -> Discrete Mathematics -> Logic
  -> call 1867/4000: q=q_71152 k=1 prompt_chars=2110
  -> call 1868/4000: q=q_71152 k=2 prompt_chars=3909
[item 935/2000 | repeat 1] q_82714 skill=q_82714 topic=Mathematics -> Precalculus -> Limits
  -> call 1869/4000: q=q_82714 k=1 prompt_chars=2128
  -> call 1870/4000: q=q_82714 k=2 prompt_chars=3945
[item 936/2000 | repeat 1] q_26116 skill=q_26116 topic=Mathematics -> Algebra -> Intermediate Algebr...
  -> call 1871/4000: q=q_26116 k=1 prompt_chars=2122
  -> call 1872/4000: q=q_26116 k=2 prompt_chars=3933
[item 937/2000 | repeat 1] q_56738 skill=q_56738 topic=Mathematics -> Precalculus -> Limits
  -> call 1873/4000: q=q_56738 k=1 prompt_chars=2019
  -> call 1874/4000: q=q_56738 k=2 prompt_chars=3727
[item 938/2000 | repeat 1] q_102934 skill=q_102934 topic=Mathematics -> Algebra -> Prealgebra -> Integers
  -> call 1875/4000: q=q_102934 k=1 prompt_chars=2184
  -> call 1876/4000: q=q_102934 k=2 prompt_chars=4057
[item 939/2000 | repeat 1] q_42618 skill=q_42618 topic=Mathematics -> Other
  -> call 1877/4000: q=q_42618 k=1 prompt_chars=2157
  -> call 1878/4000: q=q_42618 k=2 prompt_chars=4003
[item 940/2000 | repeat 1] q_61780 skill=q_61780 topic=Mathematics -> Applied Mathematics -> Statist...
  -> call 1879/4000: q=q_61780 k=1 prompt_chars=2099
  -> call 1880/4000: q=q_61780 k=2 prompt_chars=3887
[item 941/2000 | repeat 1] q_47399 skill=q_47399 topic=Mathematics -> Algebra -> Abstract Algebra ->...
  -> call 1881/4000: q=q_47399 k=1 prompt_chars=1702
  -> call 1882/4000: q=q_47399 k=2 prompt_chars=3093
[item 942/2000 | repeat 1] q_100543 skill=q_100543 topic=Mathematics -> Geometry -> Plane Geometry -> ...
  -> call 1883/4000: q=q_100543 k=1 prompt_chars=2473
  -> call 1884/4000: q=q_100543 k=2 prompt_chars=4635
[item 943/2000 | repeat 1] q_2265 skill=q_2265 topic=Mathematics -> Calculus -> Integral Calculus ...
  -> call 1885/4000: q=q_2265 k=1 prompt_chars=2324
  -> call 1886/4000: q=q_2265 k=2 prompt_chars=4337
[item 944/2000 | repeat 1] q_23285 skill=q_23285 topic=Mathematics -> Geometry -> Differential Geome...
  -> call 1887/4000: q=q_23285 k=1 prompt_chars=2613
  -> call 1888/4000: q=q_23285 k=2 prompt_chars=4915
[item 945/2000 | repeat 1] q_73920 skill=q_73920 topic=Mathematics -> Calculus -> Differential Calcu...
  -> call 1889/4000: q=q_73920 k=1 prompt_chars=1779
  -> call 1890/4000: q=q_73920 k=2 prompt_chars=3247
[item 946/2000 | repeat 1] q_39541 skill=q_39541 topic=Mathematics -> Calculus -> Differential Calcu...
  -> call 1891/4000: q=q_39541 k=1 prompt_chars=1897
  -> call 1892/4000: q=q_39541 k=2 prompt_chars=3483
[item 947/2000 | repeat 1] q_36294 skill=q_36294 topic=Mathematics -> Calculus -> Differential Calcu...
  -> call 1893/4000: q=q_36294 k=1 prompt_chars=1918
  -> call 1894/4000: q=q_36294 k=2 prompt_chars=3525
[item 948/2000 | repeat 1] q_10114 skill=q_10114 topic=Mathematics -> Applied Mathematics -> Statist...
  -> call 1895/4000: q=q_10114 k=1 prompt_chars=2097
  -> call 1896/4000: q=q_10114 k=2 prompt_chars=3883
[item 949/2000 | repeat 1] q_65487 skill=q_65487 topic=Mathematics -> Applied Mathematics -> Statist...
  -> call 1897/4000: q=q_65487 k=1 prompt_chars=2190
  -> call 1898/4000: q=q_65487 k=2 prompt_chars=4069
[item 950/2000 | repeat 1] q_94953 skill=q_94953 topic=Mathematics -> Precalculus -> Trigonometric F...
  -> call 1899/4000: q=q_94953 k=1 prompt_chars=1706
  -> call 1900/4000: q=q_94953 k=2 prompt_chars=3101
[item 951/2000 | repeat 1] q_75025 skill=q_75025 topic=Mathematics -> Other
  -> call 1901/4000: q=q_75025 k=1 prompt_chars=2474
  -> call 1902/4000: q=q_75025 k=2 prompt_chars=4637
[item 952/2000 | repeat 1] q_33547 skill=q_33547 topic=Mathematics -> Calculus -> Integral Calculus ...
  -> call 1903/4000: q=q_33547 k=1 prompt_chars=2117
  -> call 1904/4000: q=q_33547 k=2 prompt_chars=3923
[item 953/2000 | repeat 1] q_40559 skill=q_40559 topic=Mathematics -> Algebra -> Linear Algebra -> M...
  -> call 1905/4000: q=q_40559 k=1 prompt_chars=2516
  -> call 1906/4000: q=q_40559 k=2 prompt_chars=4721
[item 954/2000 | repeat 1] q_96873 skill=q_96873 topic=Mathematics -> Algebra -> Prealgebra -> Integers
  -> call 1907/4000: q=q_96873 k=1 prompt_chars=2175
  -> call 1908/4000: q=q_96873 k=2 prompt_chars=4039
[item 955/2000 | repeat 1] q_44499 skill=q_44499 topic=Mathematics -> Other
  -> call 1909/4000: q=q_44499 k=1 prompt_chars=1862
  -> call 1910/4000: q=q_44499 k=2 prompt_chars=3413
[item 956/2000 | repeat 1] q_15400 skill=q_15400 topic=Mathematics -> Precalculus -> Limits
  -> call 1911/4000: q=q_15400 k=1 prompt_chars=1911
  -> call 1912/4000: q=q_15400 k=2 prompt_chars=3511
[item 957/2000 | repeat 1] q_15494 skill=q_15494 topic=Mathematics -> Calculus -> Differential Calcu...
  -> call 1913/4000: q=q_15494 k=1 prompt_chars=2152
  -> call 1914/4000: q=q_15494 k=2 prompt_chars=3993
[item 958/2000 | repeat 1] q_62914 skill=q_62914 topic=Mathematics -> Applied Mathematics -> Statist...
  -> call 1915/4000: q=q_62914 k=1 prompt_chars=2217
  -> call 1916/4000: q=q_62914 k=2 prompt_chars=4123
[item 959/2000 | repeat 1] q_23213 skill=q_23213 topic=Mathematics -> Calculus -> Integral Calculus ...
  -> call 1917/4000: q=q_23213 k=1 prompt_chars=2648
  -> call 1918/4000: q=q_23213 k=2 prompt_chars=4985
[item 960/2000 | repeat 1] q_45908 skill=q_45908 topic=Mathematics -> Algebra -> Algebra -> Polynomi...
  -> call 1919/4000: q=q_45908 k=1 prompt_chars=2542
  -> call 1920/4000: q=q_45908 k=2 prompt_chars=4773
[item 961/2000 | repeat 1] q_11124 skill=q_11124 topic=Mathematics -> Discrete Mathematics -> Combin...
  -> call 1921/4000: q=q_11124 k=1 prompt_chars=2483
  -> call 1922/4000: q=q_11124 k=2 prompt_chars=4655
[item 962/2000 | repeat 1] q_80775 skill=q_80775 topic=Mathematics -> Geometry -> Solid Geometry -> ...
  -> call 1923/4000: q=q_80775 k=1 prompt_chars=2077
  -> call 1924/4000: q=q_80775 k=2 prompt_chars=3843
[item 963/2000 | repeat 1] q_15035 skill=q_15035 topic=Mathematics -> Geometry -> Differential Geome...
  -> call 1925/4000: q=q_15035 k=1 prompt_chars=2271
  -> call 1926/4000: q=q_15035 k=2 prompt_chars=4231
[item 964/2000 | repeat 1] q_94764 skill=q_94764 topic=Mathematics -> Number Theory -> Prime Numbers
  -> call 1927/4000: q=q_94764 k=1 prompt_chars=1594
  -> call 1928/4000: q=q_94764 k=2 prompt_chars=2877
[item 965/2000 | repeat 1] q_28384 skill=q_28384 topic=Mathematics -> Calculus -> Integral Calculus ...
  -> call 1929/4000: q=q_28384 k=1 prompt_chars=2359
  -> call 1930/4000: q=q_28384 k=2 prompt_chars=4407
[item 966/2000 | repeat 1] q_138 skill=q_138 topic=Mathematics -> Geometry -> Differential Geome...
  -> call 1931/4000: q=q_138 k=1 prompt_chars=2310
  -> call 1932/4000: q=q_138 k=2 prompt_chars=4309
[item 967/2000 | repeat 1] q_69769 skill=q_69769 topic=Mathematics -> Calculus -> Differential Calcu...
  -> call 1933/4000: q=q_69769 k=1 prompt_chars=2026
  -> call 1934/4000: q=q_69769 k=2 prompt_chars=3741
[item 968/2000 | repeat 1] q_25754 skill=q_25754 topic=Mathematics -> Calculus -> Differential Calcu...
  -> call 1935/4000: q=q_25754 k=1 prompt_chars=2075
  -> call 1936/4000: q=q_25754 k=2 prompt_chars=3839
[item 969/2000 | repeat 1] q_97423 skill=q_97423 topic=Mathematics -> Geometry -> Plane Geometry -> ...
  -> call 1937/4000: q=q_97423 k=1 prompt_chars=1755
  -> call 1938/4000: q=q_97423 k=2 prompt_chars=3199
[item 970/2000 | repeat 1] q_20202 skill=q_20202 topic=Mathematics -> Calculus -> Integral Calculus ...
  -> call 1939/4000: q=q_20202 k=1 prompt_chars=2018
  -> call 1940/4000: q=q_20202 k=2 prompt_chars=3725
[item 971/2000 | repeat 1] q_2629 skill=q_2629 topic=Mathematics -> Discrete Mathematics -> Logic
  -> call 1941/4000: q=q_2629 k=1 prompt_chars=2289
  -> call 1942/4000: q=q_2629 k=2 prompt_chars=4267
[item 972/2000 | repeat 1] q_74207 skill=q_74207 topic=Mathematics -> Applied Mathematics -> Statist...
  -> call 1943/4000: q=q_74207 k=1 prompt_chars=2012
  -> call 1944/4000: q=q_74207 k=2 prompt_chars=3713
[item 973/2000 | repeat 1] q_14925 skill=q_14925 topic=Mathematics -> Calculus -> Differential Calcu...
  -> call 1945/4000: q=q_14925 k=1 prompt_chars=2327
  -> call 1946/4000: q=q_14925 k=2 prompt_chars=4343
[item 974/2000 | repeat 1] q_98339 skill=q_98339 topic=Mathematics -> Algebra -> Intermediate Algebr...
  -> call 1947/4000: q=q_98339 k=1 prompt_chars=1644
  -> call 1948/4000: q=q_98339 k=2 prompt_chars=2977
[item 975/2000 | repeat 1] q_18690 skill=q_18690 topic=Mathematics -> Algebra -> Intermediate Algebr...
  -> call 1949/4000: q=q_18690 k=1 prompt_chars=2068
  -> call 1950/4000: q=q_18690 k=2 prompt_chars=3825
[item 976/2000 | repeat 1] q_79933 skill=q_79933 topic=Mathematics -> Calculus -> Integral Calculus ...
  -> call 1951/4000: q=q_79933 k=1 prompt_chars=1826
  -> call 1952/4000: q=q_79933 k=2 prompt_chars=3341
[item 977/2000 | repeat 1] q_79476 skill=q_79476 topic=Mathematics -> Algebra -> Intermediate Algebr...
  -> call 1953/4000: q=q_79476 k=1 prompt_chars=2169
  -> call 1954/4000: q=q_79476 k=2 prompt_chars=4027
[item 978/2000 | repeat 1] q_15678 skill=q_15678 topic=Mathematics -> Number Theory -> Prime Numbers
  -> call 1955/4000: q=q_15678 k=1 prompt_chars=2161
  -> call 1956/4000: q=q_15678 k=2 prompt_chars=4011
[item 979/2000 | repeat 1] q_47447 skill=q_47447 topic=Mathematics -> Other
  -> call 1957/4000: q=q_47447 k=1 prompt_chars=2477
  -> call 1958/4000: q=q_47447 k=2 prompt_chars=4643
[item 980/2000 | repeat 1] q_7018 skill=q_7018 topic=Mathematics -> Calculus -> Integral Calculus ...
  -> call 1959/4000: q=q_7018 k=1 prompt_chars=2526
  -> call 1960/4000: q=q_7018 k=2 prompt_chars=4741
[item 981/2000 | repeat 1] q_31760 skill=q_31760 topic=Mathematics -> Precalculus -> Limits
  -> call 1961/4000: q=q_31760 k=1 prompt_chars=2273
  -> call 1962/4000: q=q_31760 k=2 prompt_chars=4235
[item 982/2000 | repeat 1] q_50702 skill=q_50702 topic=Mathematics -> Precalculus -> Limits
  -> call 1963/4000: q=q_50702 k=1 prompt_chars=1921
  -> call 1964/4000: q=q_50702 k=2 prompt_chars=3531
[item 983/2000 | repeat 1] q_58765 skill=q_58765 topic=Mathematics -> Number Theory -> Factorization
  -> call 1965/4000: q=q_58765 k=1 prompt_chars=2050
  -> call 1966/4000: q=q_58765 k=2 prompt_chars=3789
[item 984/2000 | repeat 1] q_52481 skill=q_52481 topic=Mathematics -> Algebra -> Linear Algebra -> M...
  -> call 1967/4000: q=q_52481 k=1 prompt_chars=2060
  -> call 1968/4000: q=q_52481 k=2 prompt_chars=3809
[item 985/2000 | repeat 1] q_40508 skill=q_40508 topic=Mathematics -> Algebra -> Linear Algebra -> M...
  -> call 1969/4000: q=q_40508 k=1 prompt_chars=1852
  -> call 1970/4000: q=q_40508 k=2 prompt_chars=3393
[item 986/2000 | repeat 1] q_71181 skill=q_71181 topic=Mathematics -> Algebra -> Algebra -> Equation...
  -> call 1971/4000: q=q_71181 k=1 prompt_chars=1751
  -> call 1972/4000: q=q_71181 k=2 prompt_chars=3191
[item 987/2000 | repeat 1] q_24777 skill=q_24777 topic=Mathematics -> Algebra -> Abstract Algebra ->...
  -> call 1973/4000: q=q_24777 k=1 prompt_chars=2112
  -> call 1974/4000: q=q_24777 k=2 prompt_chars=3913
[item 988/2000 | repeat 1] q_35531 skill=q_35531 topic=Mathematics -> Calculus -> Integral Calculus ...
  -> call 1975/4000: q=q_35531 k=1 prompt_chars=2272
  -> call 1976/4000: q=q_35531 k=2 prompt_chars=4233
[item 989/2000 | repeat 1] q_8817 skill=q_8817 topic=Mathematics -> Calculus -> Integral Calculus ...
  -> call 1977/4000: q=q_8817 k=1 prompt_chars=2180
  -> call 1978/4000: q=q_8817 k=2 prompt_chars=4049
[item 990/2000 | repeat 1] q_33449 skill=q_33449 topic=Mathematics -> Discrete Mathematics -> Combin...
  -> call 1979/4000: q=q_33449 k=1 prompt_chars=1940
  -> call 1980/4000: q=q_33449 k=2 prompt_chars=3569
[item 991/2000 | repeat 1] q_74716 skill=q_74716 topic=Mathematics -> Geometry -> Plane Geometry -> ...
  -> call 1981/4000: q=q_74716 k=1 prompt_chars=1812
  -> call 1982/4000: q=q_74716 k=2 prompt_chars=3313
[item 992/2000 | repeat 1] q_13817 skill=q_13817 topic=Mathematics -> Number Theory -> Prime Numbers
  -> call 1983/4000: q=q_13817 k=1 prompt_chars=2071
  -> call 1984/4000: q=q_13817 k=2 prompt_chars=3831
[item 993/2000 | repeat 1] q_43467 skill=q_43467 topic=Mathematics -> Discrete Mathematics -> Combin...
  -> call 1985/4000: q=q_43467 k=1 prompt_chars=1716
  -> call 1986/4000: q=q_43467 k=2 prompt_chars=3121
[item 994/2000 | repeat 1] q_89926 skill=q_89926 topic=Mathematics -> Algebra -> Algebra -> Equation...
  -> call 1987/4000: q=q_89926 k=1 prompt_chars=2292
  -> call 1988/4000: q=q_89926 k=2 prompt_chars=4273
[item 995/2000 | repeat 1] q_42314 skill=q_42314 topic=Mathematics -> Algebra -> Linear Algebra -> V...
  -> call 1989/4000: q=q_42314 k=1 prompt_chars=2532
  -> call 1990/4000: q=q_42314 k=2 prompt_chars=4753
[item 996/2000 | repeat 1] q_231 skill=q_231 topic=Mathematics -> Discrete Mathematics -> Combin...
  -> call 1991/4000: q=q_231 k=1 prompt_chars=2199
  -> call 1992/4000: q=q_231 k=2 prompt_chars=4087
[item 997/2000 | repeat 1] q_50309 skill=q_50309 topic=Mathematics -> Calculus -> Integral Calculus ...
  -> call 1993/4000: q=q_50309 k=1 prompt_chars=2688
  -> call 1994/4000: q=q_50309 k=2 prompt_chars=5065
[item 998/2000 | repeat 1] q_56600 skill=q_56600 topic=Mathematics -> Applied Mathematics -> Statist...
  -> call 1995/4000: q=q_56600 k=1 prompt_chars=2092
  -> call 1996/4000: q=q_56600 k=2 prompt_chars=3873
[item 999/2000 | repeat 1] q_56044 skill=q_56044 topic=Mathematics -> Algebra -> Abstract Algebra ->...
  -> call 1997/4000: q=q_56044 k=1 prompt_chars=2259
  -> call 1998/4000: q=q_56044 k=2 prompt_chars=4207
[item 1000/2000 | repeat 1] q_10009 skill=q_10009 topic=Mathematics -> Algebra -> Linear Algebra -> M...
  -> call 1999/4000: q=q_10009 k=1 prompt_chars=1700
  -> call 2000/4000: q=q_10009 k=2 prompt_chars=3089
[item 1001/2000 | repeat 1] q_93813 skill=q_93813 topic=Mathematics -> Geometry -> Solid Geometry -> ...
  -> call 2001/4000: q=q_93813 k=1 prompt_chars=2180
  -> call 2002/4000: q=q_93813 k=2 prompt_chars=4049
[item 1002/2000 | repeat 1] q_61940 skill=q_61940 topic=Mathematics -> Algebra -> Linear Algebra -> M...
  -> call 2003/4000: q=q_61940 k=1 prompt_chars=2403
  -> call 2004/4000: q=q_61940 k=2 prompt_chars=4495
[item 1003/2000 | repeat 1] q_4183 skill=q_4183 topic=Mathematics -> Algebra -> Linear Algebra -> O...
  -> call 2005/4000: q=q_4183 k=1 prompt_chars=2218
  -> call 2006/4000: q=q_4183 k=2 prompt_chars=4125
[item 1004/2000 | repeat 1] q_31167 skill=q_31167 topic=Mathematics -> Calculus -> Integral Calculus ...
  -> call 2007/4000: q=q_31167 k=1 prompt_chars=1850
  -> call 2008/4000: q=q_31167 k=2 prompt_chars=3389
[item 1005/2000 | repeat 1] q_57807 skill=q_57807 topic=Mathematics -> Applied Mathematics -> Statist...
  -> call 2009/4000: q=q_57807 k=1 prompt_chars=2421
  -> call 2010/4000: q=q_57807 k=2 prompt_chars=4531
[item 1006/2000 | repeat 1] q_89175 skill=q_89175 topic=Mathematics -> Geometry -> Plane Geometry -> ...
  -> call 2011/4000: q=q_89175 k=1 prompt_chars=2386
  -> call 2012/4000: q=q_89175 k=2 prompt_chars=4461
[item 1007/2000 | repeat 1] q_48272 skill=q_48272 topic=Mathematics -> Algebra -> Abstract Algebra ->...
  -> call 2013/4000: q=q_48272 k=1 prompt_chars=1767
  -> call 2014/4000: q=q_48272 k=2 prompt_chars=3223
[item 1008/2000 | repeat 1] q_42937 skill=q_42937 topic=Mathematics -> Calculus -> Differential Calcu...
  -> call 2015/4000: q=q_42937 k=1 prompt_chars=2291
  -> call 2016/4000: q=q_42937 k=2 prompt_chars=4271
[item 1009/2000 | repeat 1] q_34735 skill=q_34735 topic=Mathematics -> Geometry -> Plane Geometry -> ...
  -> call 2017/4000: q=q_34735 k=1 prompt_chars=2079
  -> call 2018/4000: q=q_34735 k=2 prompt_chars=3847
[item 1010/2000 | repeat 1] q_55789 skill=q_55789 topic=Mathematics -> Algebra -> Abstract Algebra ->...
  -> call 2019/4000: q=q_55789 k=1 prompt_chars=2009
  -> call 2020/4000: q=q_55789 k=2 prompt_chars=3707
[item 1011/2000 | repeat 1] q_84699 skill=q_84699 topic=Mathematics -> Precalculus -> Limits
  -> call 2021/4000: q=q_84699 k=1 prompt_chars=2011
  -> call 2022/4000: q=q_84699 k=2 prompt_chars=3711
[item 1012/2000 | repeat 1] q_2078 skill=q_2078 topic=Mathematics -> Calculus -> Differential Calcu...
  -> call 2023/4000: q=q_2078 k=1 prompt_chars=1862
  -> call 2024/4000: q=q_2078 k=2 prompt_chars=3413
[item 1013/2000 | repeat 1] q_16890 skill=q_16890 topic=Mathematics -> Calculus -> Differential Calcu...
  -> call 2025/4000: q=q_16890 k=1 prompt_chars=2562
  -> call 2026/4000: q=q_16890 k=2 prompt_chars=4813
[item 1014/2000 | repeat 1] q_62842 skill=q_62842 topic=Mathematics -> Algebra -> Linear Algebra -> M...
  -> call 2027/4000: q=q_62842 k=1 prompt_chars=1936
  -> call 2028/4000: q=q_62842 k=2 prompt_chars=3561
[item 1015/2000 | repeat 1] q_8772 skill=q_8772 topic=Mathematics -> Calculus -> Integral Calculus ...
  -> call 2029/4000: q=q_8772 k=1 prompt_chars=2097
  -> call 2030/4000: q=q_8772 k=2 prompt_chars=3883
[item 1016/2000 | repeat 1] q_48977 skill=q_48977 topic=Mathematics -> Calculus -> Integral Calculus ...
  -> call 2031/4000: q=q_48977 k=1 prompt_chars=1974
  -> call 2032/4000: q=q_48977 k=2 prompt_chars=3637
[item 1017/2000 | repeat 1] q_22089 skill=q_22089 topic=Mathematics -> Algebra -> Linear Algebra -> O...
  -> call 2033/4000: q=q_22089 k=1 prompt_chars=2017
  -> call 2034/4000: q=q_22089 k=2 prompt_chars=3723
[item 1018/2000 | repeat 1] q_100490 skill=q_100490 topic=Mathematics -> Applied Mathematics -> Math Wo...
  -> call 2035/4000: q=q_100490 k=1 prompt_chars=1792
  -> call 2036/4000: q=q_100490 k=2 prompt_chars=3273
[item 1019/2000 | repeat 1] q_69366 skill=q_69366 topic=Mathematics -> Algebra -> Intermediate Algebr...
  -> call 2037/4000: q=q_69366 k=1 prompt_chars=2014
  -> call 2038/4000: q=q_69366 k=2 prompt_chars=3717
[item 1020/2000 | repeat 1] q_35587 skill=q_35587 topic=Mathematics -> Calculus -> Integral Calculus ...
  -> call 2039/4000: q=q_35587 k=1 prompt_chars=2288
  -> call 2040/4000: q=q_35587 k=2 prompt_chars=4265
[item 1021/2000 | repeat 1] q_19974 skill=q_19974 topic=Mathematics -> Other
  -> call 2041/4000: q=q_19974 k=1 prompt_chars=2242
  -> call 2042/4000: q=q_19974 k=2 prompt_chars=4173
[item 1022/2000 | repeat 1] q_54680 skill=q_54680 topic=Mathematics -> Algebra -> Abstract Algebra ->...
  -> call 2043/4000: q=q_54680 k=1 prompt_chars=1282
  -> call 2044/4000: q=q_54680 k=2 prompt_chars=2253
[item 1023/2000 | repeat 1] q_79389 skill=q_79389 topic=Mathematics -> Calculus -> Differential Calcu...
  -> call 2045/4000: q=q_79389 k=1 prompt_chars=1936
  -> call 2046/4000: q=q_79389 k=2 prompt_chars=3561
[item 1024/2000 | repeat 1] q_27077 skill=q_27077 topic=Mathematics -> Precalculus -> Limits
  -> call 2047/4000: q=q_27077 k=1 prompt_chars=1983
  -> call 2048/4000: q=q_27077 k=2 prompt_chars=3655
[item 1025/2000 | repeat 1] q_73559 skill=q_73559 topic=Mathematics -> Other
  -> call 2049/4000: q=q_73559 k=1 prompt_chars=1890
  -> call 2050/4000: q=q_73559 k=2 prompt_chars=3469
[item 1026/2000 | repeat 1] q_85993 skill=q_85993 topic=Mathematics -> Geometry -> Plane Geometry -> ...
  -> call 2051/4000: q=q_85993 k=1 prompt_chars=1845
  -> call 2052/4000: q=q_85993 k=2 prompt_chars=3379
[item 1027/2000 | repeat 1] q_29085 skill=q_29085 topic=Mathematics -> Discrete Mathematics -> Combin...
  -> call 2053/4000: q=q_29085 k=1 prompt_chars=2336
  -> call 2054/4000: q=q_29085 k=2 prompt_chars=4361
[item 1028/2000 | repeat 1] q_81197 skill=q_81197 topic=Mathematics -> Algebra -> Algebra -> Equation...
  -> call 2055/4000: q=q_81197 k=1 prompt_chars=1797
  -> call 2056/4000: q=q_81197 k=2 prompt_chars=3283
[item 1029/2000 | repeat 1] q_77035 skill=q_77035 topic=Mathematics -> Calculus -> Integral Calculus ...
  -> call 2057/4000: q=q_77035 k=1 prompt_chars=1791
  -> call 2058/4000: q=q_77035 k=2 prompt_chars=3271
[item 1030/2000 | repeat 1] q_99343 skill=q_99343 topic=Mathematics -> Geometry -> Plane Geometry -> ...
  -> call 2059/4000: q=q_99343 k=1 prompt_chars=2092
  -> call 2060/4000: q=q_99343 k=2 prompt_chars=3873
[item 1031/2000 | repeat 1] q_49315 skill=q_49315 topic=Mathematics -> Discrete Mathematics -> Combin...
  -> call 2061/4000: q=q_49315 k=1 prompt_chars=1985
  -> call 2062/4000: q=q_49315 k=2 prompt_chars=3659
[item 1032/2000 | repeat 1] q_18386 skill=q_18386 topic=Mathematics -> Applied Mathematics -> Statist...
  -> call 2063/4000: q=q_18386 k=1 prompt_chars=2320
  -> call 2064/4000: q=q_18386 k=2 prompt_chars=4329
[item 1033/2000 | repeat 1] q_49894 skill=q_49894 topic=Mathematics -> Calculus -> Integral Calculus ...
  -> call 2065/4000: q=q_49894 k=1 prompt_chars=2384
  -> call 2066/4000: q=q_49894 k=2 prompt_chars=4457
[item 1034/2000 | repeat 1] q_25575 skill=q_25575 topic=Mathematics -> Applied Mathematics -> Statist...
  -> call 2067/4000: q=q_25575 k=1 prompt_chars=1905
  -> call 2068/4000: q=q_25575 k=2 prompt_chars=3499
[item 1035/2000 | repeat 1] q_60641 skill=q_60641 topic=Mathematics -> Differential Equations -> Ordi...
  -> call 2069/4000: q=q_60641 k=1 prompt_chars=1675
  -> call 2070/4000: q=q_60641 k=2 prompt_chars=3039
[item 1036/2000 | repeat 1] q_69684 skill=q_69684 topic=Mathematics -> Algebra -> Abstract Algebra ->...
  -> call 2071/4000: q=q_69684 k=1 prompt_chars=2759
  -> call 2072/4000: q=q_69684 k=2 prompt_chars=5207
[item 1037/2000 | repeat 1] q_61406 skill=q_61406 topic=Mathematics -> Applied Mathematics -> Statist...
  -> call 2073/4000: q=q_61406 k=1 prompt_chars=2009
  -> call 2074/4000: q=q_61406 k=2 prompt_chars=3707
[item 1038/2000 | repeat 1] q_5734 skill=q_5734 topic=Mathematics -> Calculus -> Integral Calculus ...
  -> call 2075/4000: q=q_5734 k=1 prompt_chars=2106
  -> call 2076/4000: q=q_5734 k=2 prompt_chars=3901
[item 1039/2000 | repeat 1] q_3069 skill=q_3069 topic=Mathematics -> Other
  -> call 2077/4000: q=q_3069 k=1 prompt_chars=2156
  -> call 2078/4000: q=q_3069 k=2 prompt_chars=4001
[item 1040/2000 | repeat 1] q_58257 skill=q_58257 topic=Mathematics -> Algebra -> Intermediate Algebr...
  -> call 2079/4000: q=q_58257 k=1 prompt_chars=1904
  -> call 2080/4000: q=q_58257 k=2 prompt_chars=3497
[item 1041/2000 | repeat 1] q_100860 skill=q_100860 topic=Mathematics -> Algebra -> Intermediate Algebr...
  -> call 2081/4000: q=q_100860 k=1 prompt_chars=1993
  -> call 2082/4000: q=q_100860 k=2 prompt_chars=3675
[item 1042/2000 | repeat 1] q_52394 skill=q_52394 topic=Mathematics -> Calculus -> Integral Calculus ...
  -> call 2083/4000: q=q_52394 k=1 prompt_chars=2256
  -> call 2084/4000: q=q_52394 k=2 prompt_chars=4201
[item 1043/2000 | repeat 1] q_49598 skill=q_49598 topic=Mathematics -> Calculus -> Integral Calculus ...
  -> call 2085/4000: q=q_49598 k=1 prompt_chars=2139
  -> call 2086/4000: q=q_49598 k=2 prompt_chars=3967
[item 1044/2000 | repeat 1] q_91599 skill=q_91599 topic=Mathematics -> Algebra -> Prealgebra -> Integers
  -> call 2087/4000: q=q_91599 k=1 prompt_chars=1971
  -> call 2088/4000: q=q_91599 k=2 prompt_chars=3631
[item 1045/2000 | repeat 1] q_99259 skill=q_99259 topic=Mathematics -> Algebra -> Prealgebra -> Integers
  -> call 2089/4000: q=q_99259 k=1 prompt_chars=2257
  -> call 2090/4000: q=q_99259 k=2 prompt_chars=4203
[item 1046/2000 | repeat 1] q_11410 skill=q_11410 topic=Mathematics -> Geometry -> Differential Geome...
  -> call 2091/4000: q=q_11410 k=1 prompt_chars=1677
  -> call 2092/4000: q=q_11410 k=2 prompt_chars=3043
[item 1047/2000 | repeat 1] q_23164 skill=q_23164 topic=Mathematics -> Algebra -> Abstract Algebra ->...
  -> call 2093/4000: q=q_23164 k=1 prompt_chars=2095
  -> call 2094/4000: q=q_23164 k=2 prompt_chars=3879
[item 1048/2000 | repeat 1] q_17114 skill=q_17114 topic=Mathematics -> Algebra -> Abstract Algebra ->...
  -> call 2095/4000: q=q_17114 k=1 prompt_chars=1922
  -> call 2096/4000: q=q_17114 k=2 prompt_chars=3533
[item 1049/2000 | repeat 1] q_12901 skill=q_12901 topic=Mathematics -> Algebra -> Intermediate Algebr...
  -> call 2097/4000: q=q_12901 k=1 prompt_chars=2134
  -> call 2098/4000: q=q_12901 k=2 prompt_chars=3957
[item 1050/2000 | repeat 1] q_75061 skill=q_75061 topic=Mathematics -> Calculus -> Differential Calcu...
  -> call 2099/4000: q=q_75061 k=1 prompt_chars=2079
  -> call 2100/4000: q=q_75061 k=2 prompt_chars=3847
[item 1051/2000 | repeat 1] q_93442 skill=q_93442 topic=Mathematics -> Calculus -> Differential Calcu...
  -> call 2101/4000: q=q_93442 k=1 prompt_chars=2368
  -> call 2102/4000: q=q_93442 k=2 prompt_chars=4425
[item 1052/2000 | repeat 1] q_91812 skill=q_91812 topic=Mathematics -> Algebra -> Intermediate Algebr...
  -> call 2103/4000: q=q_91812 k=1 prompt_chars=2043
  -> call 2104/4000: q=q_91812 k=2 prompt_chars=3775
[item 1053/2000 | repeat 1] q_25787 skill=q_25787 topic=Mathematics -> Calculus -> Integral Calculus ...
  -> call 2105/4000: q=q_25787 k=1 prompt_chars=2365
  -> call 2106/4000: q=q_25787 k=2 prompt_chars=4419
[item 1054/2000 | repeat 1] q_65332 skill=q_65332 topic=Mathematics -> Algebra -> Abstract Algebra ->...
  -> call 2107/4000: q=q_65332 k=1 prompt_chars=1923
  -> call 2108/4000: q=q_65332 k=2 prompt_chars=3535
[item 1055/2000 | repeat 1] q_86117 skill=q_86117 topic=Mathematics -> Precalculus -> Limits
  -> call 2109/4000: q=q_86117 k=1 prompt_chars=1780
  -> call 2110/4000: q=q_86117 k=2 prompt_chars=3249
[item 1056/2000 | repeat 1] q_63195 skill=q_63195 topic=Mathematics -> Algebra -> Abstract Algebra ->...
  -> call 2111/4000: q=q_63195 k=1 prompt_chars=2206
  -> call 2112/4000: q=q_63195 k=2 prompt_chars=4101
[item 1057/2000 | repeat 1] q_49689 skill=q_49689 topic=Mathematics -> Calculus -> Differential Calcu...
  -> call 2113/4000: q=q_49689 k=1 prompt_chars=2055
  -> call 2114/4000: q=q_49689 k=2 prompt_chars=3799
[item 1058/2000 | repeat 1] q_76284 skill=q_76284 topic=Mathematics -> Applied Mathematics -> Statist...
  -> call 2115/4000: q=q_76284 k=1 prompt_chars=2138
  -> call 2116/4000: q=q_76284 k=2 prompt_chars=3965
[item 1059/2000 | repeat 1] q_6192 skill=q_6192 topic=Mathematics -> Number Theory -> Factorization
  -> call 2117/4000: q=q_6192 k=1 prompt_chars=1946
  -> call 2118/4000: q=q_6192 k=2 prompt_chars=3581
[item 1060/2000 | repeat 1] q_32837 skill=q_32837 topic=Mathematics -> Calculus -> Differential Calcu...
  -> call 2119/4000: q=q_32837 k=1 prompt_chars=2183
  -> call 2120/4000: q=q_32837 k=2 prompt_chars=4055
[item 1061/2000 | repeat 1] q_100672 skill=q_100672 topic=Mathematics -> Number Theory -> Prime Numbers
  -> call 2121/4000: q=q_100672 k=1 prompt_chars=1736
  -> call 2122/4000: q=q_100672 k=2 prompt_chars=3161
[item 1062/2000 | repeat 1] q_42907 skill=q_42907 topic=Mathematics -> Calculus -> Integral Calculus ...
  -> call 2123/4000: q=q_42907 k=1 prompt_chars=2251
  -> call 2124/4000: q=q_42907 k=2 prompt_chars=4191
[item 1063/2000 | repeat 1] q_38456 skill=q_38456 topic=Mathematics -> Calculus -> Integral Calculus ...
  -> call 2125/4000: q=q_38456 k=1 prompt_chars=2034
  -> call 2126/4000: q=q_38456 k=2 prompt_chars=3757
[item 1064/2000 | repeat 1] q_72516 skill=q_72516 topic=Mathematics -> Discrete Mathematics -> Graph ...
  -> call 2127/4000: q=q_72516 k=1 prompt_chars=2273
  -> call 2128/4000: q=q_72516 k=2 prompt_chars=4235
[item 1065/2000 | repeat 1] q_43444 skill=q_43444 topic=Mathematics -> Calculus -> Differential Calcu...
  -> call 2129/4000: q=q_43444 k=1 prompt_chars=2174
  -> call 2130/4000: q=q_43444 k=2 prompt_chars=4037
[item 1066/2000 | repeat 1] q_102321 skill=q_102321 topic=Mathematics -> Number Theory -> Greatest Comm...
  -> call 2131/4000: q=q_102321 k=1 prompt_chars=2338
  -> call 2132/4000: q=q_102321 k=2 prompt_chars=4365
[item 1067/2000 | repeat 1] q_31128 skill=q_31128 topic=Mathematics -> Algebra -> Linear Algebra -> M...
  -> call 2133/4000: q=q_31128 k=1 prompt_chars=2146
  -> call 2134/4000: q=q_31128 k=2 prompt_chars=3981
[item 1068/2000 | repeat 1] q_49197 skill=q_49197 topic=Mathematics -> Calculus -> Integral Calculus ...
  -> call 2135/4000: q=q_49197 k=1 prompt_chars=1878
  -> call 2136/4000: q=q_49197 k=2 prompt_chars=3445
[item 1069/2000 | repeat 1] q_2699 skill=q_2699 topic=Mathematics -> Calculus -> Differential Calcu...
  -> call 2137/4000: q=q_2699 k=1 prompt_chars=1557
  -> call 2138/4000: q=q_2699 k=2 prompt_chars=2803
[item 1070/2000 | repeat 1] q_92429 skill=q_92429 topic=Mathematics -> Geometry -> Solid Geometry -> ...
  -> call 2139/4000: q=q_92429 k=1 prompt_chars=1832
  -> call 2140/4000: q=q_92429 k=2 prompt_chars=3353
[item 1071/2000 | repeat 1] q_40143 skill=q_40143 topic=Mathematics -> Algebra -> Intermediate Algebr...
  -> call 2141/4000: q=q_40143 k=1 prompt_chars=1915
  -> call 2142/4000: q=q_40143 k=2 prompt_chars=3519
[item 1072/2000 | repeat 1] q_26885 skill=q_26885 topic=Mathematics -> Applied Mathematics -> Statist...
  -> call 2143/4000: q=q_26885 k=1 prompt_chars=2055
  -> call 2144/4000: q=q_26885 k=2 prompt_chars=3799
[item 1073/2000 | repeat 1] q_28551 skill=q_28551 topic=Mathematics -> Precalculus -> Trigonometric F...
  -> call 2145/4000: q=q_28551 k=1 prompt_chars=1809
  -> call 2146/4000: q=q_28551 k=2 prompt_chars=3307
[item 1074/2000 | repeat 1] q_101138 skill=q_101138 topic=Mathematics -> Algebra -> Prealgebra -> Integers
  -> call 2147/4000: q=q_101138 k=1 prompt_chars=1723
  -> call 2148/4000: q=q_101138 k=2 prompt_chars=3135
[item 1075/2000 | repeat 1] q_95057 skill=q_95057 topic=Mathematics -> Applied Mathematics -> Math Wo...
  -> call 2149/4000: q=q_95057 k=1 prompt_chars=1973
  -> call 2150/4000: q=q_95057 k=2 prompt_chars=3635
[item 1076/2000 | repeat 1] q_20056 skill=q_20056 topic=Mathematics -> Algebra -> Linear Algebra -> L...
  -> call 2151/4000: q=q_20056 k=1 prompt_chars=2114
  -> call 2152/4000: q=q_20056 k=2 prompt_chars=3917
[item 1077/2000 | repeat 1] q_81580 skill=q_81580 topic=Mathematics -> Precalculus -> Limits
  -> call 2153/4000: q=q_81580 k=1 prompt_chars=1981
  -> call 2154/4000: q=q_81580 k=2 prompt_chars=3651
[item 1078/2000 | repeat 1] q_5328 skill=q_5328 topic=Mathematics -> Applied Mathematics -> Math Wo...
  -> call 2155/4000: q=q_5328 k=1 prompt_chars=2501
  -> call 2156/4000: q=q_5328 k=2 prompt_chars=4691
[item 1079/2000 | repeat 1] q_1635 skill=q_1635 topic=Mathematics -> Calculus -> Integral Calculus ...
  -> call 2157/4000: q=q_1635 k=1 prompt_chars=1833
  -> call 2158/4000: q=q_1635 k=2 prompt_chars=3355
[item 1080/2000 | repeat 1] q_37503 skill=q_37503 topic=Mathematics -> Geometry -> Differential Geome...
  -> call 2159/4000: q=q_37503 k=1 prompt_chars=2578
  -> call 2160/4000: q=q_37503 k=2 prompt_chars=4845
[item 1081/2000 | repeat 1] q_100629 skill=q_100629 topic=Mathematics -> Geometry -> Solid Geometry -> ...
  -> call 2161/4000: q=q_100629 k=1 prompt_chars=2260
  -> call 2162/4000: q=q_100629 k=2 prompt_chars=4209
[item 1082/2000 | repeat 1] q_42840 skill=q_42840 topic=Mathematics -> Algebra -> Linear Algebra -> M...
  -> call 2163/4000: q=q_42840 k=1 prompt_chars=2124
  -> call 2164/4000: q=q_42840 k=2 prompt_chars=3937
[item 1083/2000 | repeat 1] q_44219 skill=q_44219 topic=Mathematics -> Algebra -> Intermediate Algebr...
  -> call 2165/4000: q=q_44219 k=1 prompt_chars=1949
  -> call 2166/4000: q=q_44219 k=2 prompt_chars=3587
[item 1084/2000 | repeat 1] q_37460 skill=q_37460 topic=Mathematics -> Geometry -> Plane Geometry -> ...
  -> call 2167/4000: q=q_37460 k=1 prompt_chars=2060
  -> call 2168/4000: q=q_37460 k=2 prompt_chars=3809
[item 1085/2000 | repeat 1] q_37469 skill=q_37469 topic=Mathematics -> Algebra -> Algebra -> Algebrai...
  -> call 2169/4000: q=q_37469 k=1 prompt_chars=1969
  -> call 2170/4000: q=q_37469 k=2 prompt_chars=3627
[item 1086/2000 | repeat 1] q_36103 skill=q_36103 topic=Mathematics -> Calculus -> Integral Calculus ...
  -> call 2171/4000: q=q_36103 k=1 prompt_chars=1555
  -> call 2172/4000: q=q_36103 k=2 prompt_chars=2799
[item 1087/2000 | repeat 1] q_60275 skill=q_60275 topic=Mathematics -> Algebra -> Linear Algebra -> M...
  -> call 2173/4000: q=q_60275 k=1 prompt_chars=1966
  -> call 2174/4000: q=q_60275 k=2 prompt_chars=3621
[item 1088/2000 | repeat 1] q_30425 skill=q_30425 topic=Mathematics -> Applied Mathematics -> Other
  -> call 2175/4000: q=q_30425 k=1 prompt_chars=1614
  -> call 2176/4000: q=q_30425 k=2 prompt_chars=2917
[item 1089/2000 | repeat 1] q_74021 skill=q_74021 topic=Mathematics -> Algebra -> Abstract Algebra ->...
  -> call 2177/4000: q=q_74021 k=1 prompt_chars=2116
  -> call 2178/4000: q=q_74021 k=2 prompt_chars=3921
[item 1090/2000 | repeat 1] q_23909 skill=q_23909 topic=Mathematics -> Algebra -> Algebra -> Polynomi...
  -> call 2179/4000: q=q_23909 k=1 prompt_chars=2120
  -> call 2180/4000: q=q_23909 k=2 prompt_chars=3929
[item 1091/2000 | repeat 1] q_910 skill=q_910 topic=Mathematics -> Calculus -> Integral Calculus ...
  -> call 2181/4000: q=q_910 k=1 prompt_chars=1572
  -> call 2182/4000: q=q_910 k=2 prompt_chars=2833
[item 1092/2000 | repeat 1] q_83475 skill=q_83475 topic=Mathematics -> Algebra -> Algebra -> Polynomi...
  -> call 2183/4000: q=q_83475 k=1 prompt_chars=2109
  -> call 2184/4000: q=q_83475 k=2 prompt_chars=3907
[item 1093/2000 | repeat 1] q_101239 skill=q_101239 topic=Mathematics -> Geometry -> Plane Geometry -> ...
  -> call 2185/4000: q=q_101239 k=1 prompt_chars=2199
  -> call 2186/4000: q=q_101239 k=2 prompt_chars=4087
[item 1094/2000 | repeat 1] q_55075 skill=q_55075 topic=Mathematics -> Applied Mathematics -> Statist...
  -> call 2187/4000: q=q_55075 k=1 prompt_chars=2264
  -> call 2188/4000: q=q_55075 k=2 prompt_chars=4217
[item 1095/2000 | repeat 1] q_7894 skill=q_7894 topic=Mathematics -> Calculus -> Integral Calculus ...
  -> call 2189/4000: q=q_7894 k=1 prompt_chars=2142
  -> call 2190/4000: q=q_7894 k=2 prompt_chars=3973
[item 1096/2000 | repeat 1] q_98295 skill=q_98295 topic=Mathematics -> Algebra -> Intermediate Algebr...
  -> call 2191/4000: q=q_98295 k=1 prompt_chars=2119
  -> call 2192/4000: q=q_98295 k=2 prompt_chars=3927
[item 1097/2000 | repeat 1] q_69784 skill=q_69784 topic=Mathematics -> Calculus -> Differential Calcu...
  -> call 2193/4000: q=q_69784 k=1 prompt_chars=2118
  -> call 2194/4000: q=q_69784 k=2 prompt_chars=3925
[item 1098/2000 | repeat 1] q_64913 skill=q_64913 topic=Mathematics -> Calculus -> Integral Calculus ...
  -> call 2195/4000: q=q_64913 k=1 prompt_chars=2016
  -> call 2196/4000: q=q_64913 k=2 prompt_chars=3721
[item 1099/2000 | repeat 1] q_80466 skill=q_80466 topic=Mathematics -> Calculus -> Differential Calcu...
  -> call 2197/4000: q=q_80466 k=1 prompt_chars=2013
  -> call 2198/4000: q=q_80466 k=2 prompt_chars=3715
[item 1100/2000 | repeat 1] q_74904 skill=q_74904 topic=Mathematics -> Algebra -> Abstract Algebra ->...
  -> call 2199/4000: q=q_74904 k=1 prompt_chars=2018
  -> call 2200/4000: q=q_74904 k=2 prompt_chars=3725
[item 1101/2000 | repeat 1] q_28484 skill=q_28484 topic=Mathematics -> Calculus -> Differential Calcu...
  -> call 2201/4000: q=q_28484 k=1 prompt_chars=2027
  -> call 2202/4000: q=q_28484 k=2 prompt_chars=3743
[item 1102/2000 | repeat 1] q_80633 skill=q_80633 topic=Mathematics -> Precalculus -> Functions
  -> call 2203/4000: q=q_80633 k=1 prompt_chars=2597
  -> call 2204/4000: q=q_80633 k=2 prompt_chars=4883
[item 1103/2000 | repeat 1] q_53682 skill=q_53682 topic=Mathematics -> Calculus -> Differential Calcu...
  -> call 2205/4000: q=q_53682 k=1 prompt_chars=2446
  -> call 2206/4000: q=q_53682 k=2 prompt_chars=4581
[item 1104/2000 | repeat 1] q_31340 skill=q_31340 topic=Mathematics -> Number Theory -> Congruences
  -> call 2207/4000: q=q_31340 k=1 prompt_chars=2302
  -> call 2208/4000: q=q_31340 k=2 prompt_chars=4293
[item 1105/2000 | repeat 1] q_82117 skill=q_82117 topic=Mathematics -> Calculus -> Integral Calculus ...
  -> call 2209/4000: q=q_82117 k=1 prompt_chars=1527
  -> call 2210/4000: q=q_82117 k=2 prompt_chars=2743
[item 1106/2000 | repeat 1] q_79318 skill=q_79318 topic=Mathematics -> Number Theory -> Least Common ...
  -> call 2211/4000: q=q_79318 k=1 prompt_chars=2276
  -> call 2212/4000: q=q_79318 k=2 prompt_chars=4241
[item 1107/2000 | repeat 1] q_38336 skill=q_38336 topic=Mathematics -> Geometry -> Plane Geometry -> ...
  -> call 2213/4000: q=q_38336 k=1 prompt_chars=2475
  -> call 2214/4000: q=q_38336 k=2 prompt_chars=4639
[item 1108/2000 | repeat 1] q_24819 skill=q_24819 topic=Mathematics -> Precalculus -> Limits
  -> call 2215/4000: q=q_24819 k=1 prompt_chars=2171
  -> call 2216/4000: q=q_24819 k=2 prompt_chars=4031
[item 1109/2000 | repeat 1] q_50522 skill=q_50522 topic=Mathematics -> Algebra -> Abstract Algebra ->...
  -> call 2217/4000: q=q_50522 k=1 prompt_chars=1959
  -> call 2218/4000: q=q_50522 k=2 prompt_chars=3607
[item 1110/2000 | repeat 1] q_4874 skill=q_4874 topic=Mathematics -> Algebra -> Linear Algebra -> M...
  -> call 2219/4000: q=q_4874 k=1 prompt_chars=2263
  -> call 2220/4000: q=q_4874 k=2 prompt_chars=4215
[item 1111/2000 | repeat 1] q_25395 skill=q_25395 topic=Mathematics -> Calculus -> Differential Calcu...
  -> call 2221/4000: q=q_25395 k=1 prompt_chars=1763
  -> call 2222/4000: q=q_25395 k=2 prompt_chars=3215
[item 1112/2000 | repeat 1] q_51695 skill=q_51695 topic=Mathematics -> Calculus -> Differential Calcu...
  -> call 2223/4000: q=q_51695 k=1 prompt_chars=1926
  -> call 2224/4000: q=q_51695 k=2 prompt_chars=3541
[item 1113/2000 | repeat 1] q_84455 skill=q_84455 topic=Mathematics -> Algebra -> Linear Algebra -> M...
  -> call 2225/4000: q=q_84455 k=1 prompt_chars=2055
  -> call 2226/4000: q=q_84455 k=2 prompt_chars=3799
[item 1114/2000 | repeat 1] q_80263 skill=q_80263 topic=Mathematics -> Calculus -> Integral Calculus ...
  -> call 2227/4000: q=q_80263 k=1 prompt_chars=2574
  -> call 2228/4000: q=q_80263 k=2 prompt_chars=4837
[item 1115/2000 | repeat 1] q_44509 skill=q_44509 topic=Mathematics -> Algebra -> Abstract Algebra ->...
  -> call 2229/4000: q=q_44509 k=1 prompt_chars=2192
  -> call 2230/4000: q=q_44509 k=2 prompt_chars=4073
[item 1116/2000 | repeat 1] q_64025 skill=q_64025 topic=Mathematics -> Algebra -> Abstract Algebra ->...
  -> call 2231/4000: q=q_64025 k=1 prompt_chars=2210
  -> call 2232/4000: q=q_64025 k=2 prompt_chars=4109
[item 1117/2000 | repeat 1] q_58561 skill=q_58561 topic=Mathematics -> Algebra -> Abstract Algebra ->...
  -> call 2233/4000: q=q_58561 k=1 prompt_chars=2334
  -> call 2234/4000: q=q_58561 k=2 prompt_chars=4357
[item 1118/2000 | repeat 1] q_80925 skill=q_80925 topic=Mathematics -> Applied Mathematics -> Statist...
  -> call 2235/4000: q=q_80925 k=1 prompt_chars=1590
  -> call 2236/4000: q=q_80925 k=2 prompt_chars=2869
[item 1119/2000 | repeat 1] q_11860 skill=q_11860 topic=Mathematics -> Calculus -> Integral Calculus ...
  -> call 2237/4000: q=q_11860 k=1 prompt_chars=2111
  -> call 2238/4000: q=q_11860 k=2 prompt_chars=3911
[item 1120/2000 | repeat 1] q_32278 skill=q_32278 topic=Mathematics -> Calculus -> Integral Calculus ...
  -> call 2239/4000: q=q_32278 k=1 prompt_chars=1748
  -> call 2240/4000: q=q_32278 k=2 prompt_chars=3185
[item 1121/2000 | repeat 1] q_85734 skill=q_85734 topic=Mathematics -> Discrete Mathematics -> Logic
  -> call 2241/4000: q=q_85734 k=1 prompt_chars=2405
  -> call 2242/4000: q=q_85734 k=2 prompt_chars=4499
[item 1122/2000 | repeat 1] q_8362 skill=q_8362 topic=Mathematics -> Calculus -> Integral Calculus ...
  -> call 2243/4000: q=q_8362 k=1 prompt_chars=2055
  -> call 2244/4000: q=q_8362 k=2 prompt_chars=3799
[item 1123/2000 | repeat 1] q_19174 skill=q_19174 topic=Mathematics -> Calculus -> Differential Calcu...
  -> call 2245/4000: q=q_19174 k=1 prompt_chars=1900
  -> call 2246/4000: q=q_19174 k=2 prompt_chars=3489
[item 1124/2000 | repeat 1] q_62976 skill=q_62976 topic=Mathematics -> Precalculus -> Limits
  -> call 2247/4000: q=q_62976 k=1 prompt_chars=2462
  -> call 2248/4000: q=q_62976 k=2 prompt_chars=4613
[item 1125/2000 | repeat 1] q_17729 skill=q_17729 topic=Mathematics -> Algebra -> Linear Algebra -> M...
  -> call 2249/4000: q=q_17729 k=1 prompt_chars=1970
  -> call 2250/4000: q=q_17729 k=2 prompt_chars=3629
[item 1126/2000 | repeat 1] q_76917 skill=q_76917 topic=Mathematics -> Algebra -> Algebra -> Polynomi...
  -> call 2251/4000: q=q_76917 k=1 prompt_chars=2584
  -> call 2252/4000: q=q_76917 k=2 prompt_chars=4857
[item 1127/2000 | repeat 1] q_34667 skill=q_34667 topic=Mathematics -> Number Theory -> Congruences
  -> call 2253/4000: q=q_34667 k=1 prompt_chars=2047
  -> call 2254/4000: q=q_34667 k=2 prompt_chars=3783
[item 1128/2000 | repeat 1] q_95937 skill=q_95937 topic=Mathematics -> Algebra -> Prealgebra -> Integers
  -> call 2255/4000: q=q_95937 k=1 prompt_chars=1649
  -> call 2256/4000: q=q_95937 k=2 prompt_chars=2987
[item 1129/2000 | repeat 1] q_100626 skill=q_100626 topic=Mathematics -> Applied Mathematics -> Math Wo...
  -> call 2257/4000: q=q_100626 k=1 prompt_chars=1718
  -> call 2258/4000: q=q_100626 k=2 prompt_chars=3125
[item 1130/2000 | repeat 1] q_20923 skill=q_20923 topic=Mathematics -> Algebra -> Abstract Algebra ->...
  -> call 2259/4000: q=q_20923 k=1 prompt_chars=2040
  -> call 2260/4000: q=q_20923 k=2 prompt_chars=3769
[item 1131/2000 | repeat 1] q_2605 skill=q_2605 topic=Mathematics -> Calculus -> Integral Calculus ...
  -> call 2261/4000: q=q_2605 k=1 prompt_chars=2345
  -> call 2262/4000: q=q_2605 k=2 prompt_chars=4379
[item 1132/2000 | repeat 1] q_43007 skill=q_43007 topic=Mathematics -> Calculus -> Integral Calculus ...
  -> call 2263/4000: q=q_43007 k=1 prompt_chars=1728
  -> call 2264/4000: q=q_43007 k=2 prompt_chars=3145
[item 1133/2000 | repeat 1] q_20555 skill=q_20555 topic=Mathematics -> Discrete Mathematics -> Graph ...
  -> call 2265/4000: q=q_20555 k=1 prompt_chars=2317
  -> call 2266/4000: q=q_20555 k=2 prompt_chars=4323
[item 1134/2000 | repeat 1] q_19802 skill=q_19802 topic=Mathematics -> Algebra -> Abstract Algebra ->...
  -> call 2267/4000: q=q_19802 k=1 prompt_chars=2602
  -> call 2268/4000: q=q_19802 k=2 prompt_chars=4893
[item 1135/2000 | repeat 1] q_669 skill=q_669 topic=Mathematics -> Other
  -> call 2269/4000: q=q_669 k=1 prompt_chars=1850
  -> call 2270/4000: q=q_669 k=2 prompt_chars=3389
[item 1136/2000 | repeat 1] q_83391 skill=q_83391 topic=Mathematics -> Calculus -> Integral Calculus ...
  -> call 2271/4000: q=q_83391 k=1 prompt_chars=2555
  -> call 2272/4000: q=q_83391 k=2 prompt_chars=4799
[item 1137/2000 | repeat 1] q_4635 skill=q_4635 topic=Mathematics -> Applied Mathematics -> Statist...
  -> call 2273/4000: q=q_4635 k=1 prompt_chars=2154
  -> call 2274/4000: q=q_4635 k=2 prompt_chars=3997
[item 1138/2000 | repeat 1] q_47115 skill=q_47115 topic=Mathematics -> Number Theory -> Congruences
  -> call 2275/4000: q=q_47115 k=1 prompt_chars=1925
  -> call 2276/4000: q=q_47115 k=2 prompt_chars=3539
[item 1139/2000 | repeat 1] q_43858 skill=q_43858 topic=Mathematics -> Calculus -> Integral Calculus ...
  -> call 2277/4000: q=q_43858 k=1 prompt_chars=2092
  -> call 2278/4000: q=q_43858 k=2 prompt_chars=3873
[item 1140/2000 | repeat 1] q_43991 skill=q_43991 topic=Mathematics -> Algebra -> Abstract Algebra ->...
  -> call 2279/4000: q=q_43991 k=1 prompt_chars=2104
  -> call 2280/4000: q=q_43991 k=2 prompt_chars=3897
[item 1141/2000 | repeat 1] q_42877 skill=q_42877 topic=Mathematics -> Algebra -> Abstract Algebra ->...
  -> call 2281/4000: q=q_42877 k=1 prompt_chars=2256
  -> call 2282/4000: q=q_42877 k=2 prompt_chars=4201
[item 1142/2000 | repeat 1] q_78886 skill=q_78886 topic=Mathematics -> Geometry -> Solid Geometry -> ...
  -> call 2283/4000: q=q_78886 k=1 prompt_chars=2040
  -> call 2284/4000: q=q_78886 k=2 prompt_chars=3769
[item 1143/2000 | repeat 1] q_94897 skill=q_94897 topic=Mathematics -> Geometry -> Solid Geometry -> ...
  -> call 2285/4000: q=q_94897 k=1 prompt_chars=2976
  -> call 2286/4000: q=q_94897 k=2 prompt_chars=5641
[item 1144/2000 | repeat 1] q_34295 skill=q_34295 topic=Mathematics -> Applied Mathematics -> Statist...
  -> call 2287/4000: q=q_34295 k=1 prompt_chars=2451
  -> call 2288/4000: q=q_34295 k=2 prompt_chars=4591
[item 1145/2000 | repeat 1] q_43465 skill=q_43465 topic=Mathematics -> Algebra -> Abstract Algebra ->...
  -> call 2289/4000: q=q_43465 k=1 prompt_chars=2127
  -> call 2290/4000: q=q_43465 k=2 prompt_chars=3943
[item 1146/2000 | repeat 1] q_96155 skill=q_96155 topic=Mathematics -> Algebra -> Intermediate Algebr...
  -> call 2291/4000: q=q_96155 k=1 prompt_chars=1815
  -> call 2292/4000: q=q_96155 k=2 prompt_chars=3319
[item 1147/2000 | repeat 1] q_27080 skill=q_27080 topic=Mathematics -> Precalculus -> Limits
  -> call 2293/4000: q=q_27080 k=1 prompt_chars=2384
  -> call 2294/4000: q=q_27080 k=2 prompt_chars=4457
[item 1148/2000 | repeat 1] q_65963 skill=q_65963 topic=Mathematics -> Calculus -> Integral Calculus ...
  -> call 2295/4000: q=q_65963 k=1 prompt_chars=2102
  -> call 2296/4000: q=q_65963 k=2 prompt_chars=3893
[item 1149/2000 | repeat 1] q_102790 skill=q_102790 topic=Mathematics -> Applied Mathematics -> Statist...
  -> call 2297/4000: q=q_102790 k=1 prompt_chars=2081
  -> call 2298/4000: q=q_102790 k=2 prompt_chars=3851
[item 1150/2000 | repeat 1] q_96556 skill=q_96556 topic=Mathematics -> Algebra -> Algebra -> Polynomi...
  -> call 2299/4000: q=q_96556 k=1 prompt_chars=1637
  -> call 2300/4000: q=q_96556 k=2 prompt_chars=2963
[item 1151/2000 | repeat 1] q_58343 skill=q_58343 topic=Mathematics -> Algebra -> Abstract Algebra ->...
  -> call 2301/4000: q=q_58343 k=1 prompt_chars=2603
  -> call 2302/4000: q=q_58343 k=2 prompt_chars=4895
[item 1152/2000 | repeat 1] q_101291 skill=q_101291 topic=Mathematics -> Algebra -> Intermediate Algebr...
  -> call 2303/4000: q=q_101291 k=1 prompt_chars=1959
  -> call 2304/4000: q=q_101291 k=2 prompt_chars=3607
[item 1153/2000 | repeat 1] q_95346 skill=q_95346 topic=Mathematics -> Algebra -> Intermediate Algebr...
  -> call 2305/4000: q=q_95346 k=1 prompt_chars=1860
  -> call 2306/4000: q=q_95346 k=2 prompt_chars=3409
[item 1154/2000 | repeat 1] q_80479 skill=q_80479 topic=Mathematics -> Calculus -> Integral Calculus ...
  -> call 2307/4000: q=q_80479 k=1 prompt_chars=2416
  -> call 2308/4000: q=q_80479 k=2 prompt_chars=4521
[item 1155/2000 | repeat 1] q_98219 skill=q_98219 topic=Mathematics -> Geometry -> Plane Geometry -> ...
  -> call 2309/4000: q=q_98219 k=1 prompt_chars=2106
  -> call 2310/4000: q=q_98219 k=2 prompt_chars=3901
[item 1156/2000 | repeat 1] q_26046 skill=q_26046 topic=Mathematics -> Algebra -> Abstract Algebra ->...
  -> call 2311/4000: q=q_26046 k=1 prompt_chars=2087
  -> call 2312/4000: q=q_26046 k=2 prompt_chars=3863
[item 1157/2000 | repeat 1] q_65311 skill=q_65311 topic=Mathematics -> Algebra -> Linear Algebra -> M...
  -> call 2313/4000: q=q_65311 k=1 prompt_chars=1808
  -> call 2314/4000: q=q_65311 k=2 prompt_chars=3305
[item 1158/2000 | repeat 1] q_81212 skill=q_81212 topic=Mathematics -> Precalculus -> Limits
  -> call 2315/4000: q=q_81212 k=1 prompt_chars=2173
  -> call 2316/4000: q=q_81212 k=2 prompt_chars=4035
[item 1159/2000 | repeat 1] q_74384 skill=q_74384 topic=Mathematics -> Algebra -> Linear Algebra -> M...
  -> call 2317/4000: q=q_74384 k=1 prompt_chars=2166
  -> call 2318/4000: q=q_74384 k=2 prompt_chars=4021
[item 1160/2000 | repeat 1] q_96396 skill=q_96396 topic=Mathematics -> Algebra -> Prealgebra -> Integers
  -> call 2319/4000: q=q_96396 k=1 prompt_chars=1782
  -> call 2320/4000: q=q_96396 k=2 prompt_chars=3253
[item 1161/2000 | repeat 1] q_100961 skill=q_100961 topic=Mathematics -> Calculus -> Integral Calculus ...
  -> call 2321/4000: q=q_100961 k=1 prompt_chars=2107
  -> call 2322/4000: q=q_100961 k=2 prompt_chars=3903
[item 1162/2000 | repeat 1] q_48652 skill=q_48652 topic=Mathematics -> Precalculus -> Functions
  -> call 2323/4000: q=q_48652 k=1 prompt_chars=2240
  -> call 2324/4000: q=q_48652 k=2 prompt_chars=4169
[item 1163/2000 | repeat 1] q_3208 skill=q_3208 topic=Mathematics -> Number Theory -> Congruences
  -> call 2325/4000: q=q_3208 k=1 prompt_chars=2109
  -> call 2326/4000: q=q_3208 k=2 prompt_chars=3907
[item 1164/2000 | repeat 1] q_63531 skill=q_63531 topic=Mathematics -> Algebra -> Linear Algebra -> L...
  -> call 2327/4000: q=q_63531 k=1 prompt_chars=1626
  -> call 2328/4000: q=q_63531 k=2 prompt_chars=2941
[item 1165/2000 | repeat 1] q_9277 skill=q_9277 topic=Mathematics -> Algebra -> Abstract Algebra ->...
  -> call 2329/4000: q=q_9277 k=1 prompt_chars=2600
  -> call 2330/4000: q=q_9277 k=2 prompt_chars=4889
[item 1166/2000 | repeat 1] q_7187 skill=q_7187 topic=Mathematics -> Number Theory -> Other
  -> call 2331/4000: q=q_7187 k=1 prompt_chars=2158
  -> call 2332/4000: q=q_7187 k=2 prompt_chars=4005
[item 1167/2000 | repeat 1] q_99367 skill=q_99367 topic=Mathematics -> Applied Mathematics -> Math Wo...
  -> call 2333/4000: q=q_99367 k=1 prompt_chars=1772
  -> call 2334/4000: q=q_99367 k=2 prompt_chars=3233
[item 1168/2000 | repeat 1] q_33663 skill=q_33663 topic=Mathematics -> Number Theory -> Factorization
  -> call 2335/4000: q=q_33663 k=1 prompt_chars=2177
  -> call 2336/4000: q=q_33663 k=2 prompt_chars=4043
[item 1169/2000 | repeat 1] q_31292 skill=q_31292 topic=Mathematics -> Precalculus -> Limits
  -> call 2337/4000: q=q_31292 k=1 prompt_chars=2059
  -> call 2338/4000: q=q_31292 k=2 prompt_chars=3807
[item 1170/2000 | repeat 1] q_69958 skill=q_69958 topic=Mathematics -> Calculus -> Integral Calculus ...
  -> call 2339/4000: q=q_69958 k=1 prompt_chars=1785
  -> call 2340/4000: q=q_69958 k=2 prompt_chars=3259
[item 1171/2000 | repeat 1] q_8136 skill=q_8136 topic=Mathematics -> Algebra -> Abstract Algebra ->...
  -> call 2341/4000: q=q_8136 k=1 prompt_chars=2009
  -> call 2342/4000: q=q_8136 k=2 prompt_chars=3707
[item 1172/2000 | repeat 1] q_99250 skill=q_99250 topic=Mathematics -> Algebra -> Prealgebra -> Simpl...
  -> call 2343/4000: q=q_99250 k=1 prompt_chars=2254
  -> call 2344/4000: q=q_99250 k=2 prompt_chars=4197
[item 1173/2000 | repeat 1] q_13653 skill=q_13653 topic=Mathematics -> Calculus -> Differential Calcu...
  -> call 2345/4000: q=q_13653 k=1 prompt_chars=2436
  -> call 2346/4000: q=q_13653 k=2 prompt_chars=4561
[item 1174/2000 | repeat 1] q_37357 skill=q_37357 topic=Mathematics -> Calculus -> Integral Calculus ...
  -> call 2347/4000: q=q_37357 k=1 prompt_chars=2414
  -> call 2348/4000: q=q_37357 k=2 prompt_chars=4517
[item 1175/2000 | repeat 1] q_39745 skill=q_39745 topic=Mathematics -> Algebra -> Abstract Algebra ->...
  -> call 2349/4000: q=q_39745 k=1 prompt_chars=1958
  -> call 2350/4000: q=q_39745 k=2 prompt_chars=3605
[item 1176/2000 | repeat 1] q_6175 skill=q_6175 topic=Mathematics -> Calculus -> Differential Calcu...
  -> call 2351/4000: q=q_6175 k=1 prompt_chars=2098
  -> call 2352/4000: q=q_6175 k=2 prompt_chars=3885
[item 1177/2000 | repeat 1] q_50621 skill=q_50621 topic=Mathematics -> Other
  -> call 2353/4000: q=q_50621 k=1 prompt_chars=1937
  -> call 2354/4000: q=q_50621 k=2 prompt_chars=3563
[item 1178/2000 | repeat 1] q_61167 skill=q_61167 topic=Mathematics -> Algebra -> Intermediate Algebr...
  -> call 2355/4000: q=q_61167 k=1 prompt_chars=2319
  -> call 2356/4000: q=q_61167 k=2 prompt_chars=4327
[item 1179/2000 | repeat 1] q_3151 skill=q_3151 topic=Mathematics -> Calculus -> Integral Calculus ...
  -> call 2357/4000: q=q_3151 k=1 prompt_chars=2104
  -> call 2358/4000: q=q_3151 k=2 prompt_chars=3897
[item 1180/2000 | repeat 1] q_101354 skill=q_101354 topic=Mathematics -> Precalculus -> Trigonometric F...
  -> call 2359/4000: q=q_101354 k=1 prompt_chars=1837
  -> call 2360/4000: q=q_101354 k=2 prompt_chars=3363
[item 1181/2000 | repeat 1] q_63486 skill=q_63486 topic=Mathematics -> Calculus -> Integral Calculus ...
  -> call 2361/4000: q=q_63486 k=1 prompt_chars=2088
  -> call 2362/4000: q=q_63486 k=2 prompt_chars=3865
[item 1182/2000 | repeat 1] q_34730 skill=q_34730 topic=Mathematics -> Discrete Mathematics -> Logic
  -> call 2363/4000: q=q_34730 k=1 prompt_chars=1657
  -> call 2364/4000: q=q_34730 k=2 prompt_chars=3003
[item 1183/2000 | repeat 1] q_29178 skill=q_29178 topic=Mathematics -> Algebra -> Abstract Algebra ->...
  -> call 2365/4000: q=q_29178 k=1 prompt_chars=2205
  -> call 2366/4000: q=q_29178 k=2 prompt_chars=4099
[item 1184/2000 | repeat 1] q_66321 skill=q_66321 topic=Mathematics -> Calculus -> Integral Calculus ...
  -> call 2367/4000: q=q_66321 k=1 prompt_chars=2315
  -> call 2368/4000: q=q_66321 k=2 prompt_chars=4319
[item 1185/2000 | repeat 1] q_73528 skill=q_73528 topic=Mathematics -> Algebra -> Algebra -> Equation...
  -> call 2369/4000: q=q_73528 k=1 prompt_chars=2414
  -> call 2370/4000: q=q_73528 k=2 prompt_chars=4517
[item 1186/2000 | repeat 1] q_9225 skill=q_9225 topic=Mathematics -> Precalculus -> Limits
  -> call 2371/4000: q=q_9225 k=1 prompt_chars=1800
  -> call 2372/4000: q=q_9225 k=2 prompt_chars=3289
[item 1187/2000 | repeat 1] q_4702 skill=q_4702 topic=Mathematics -> Calculus -> Integral Calculus ...
  -> call 2373/4000: q=q_4702 k=1 prompt_chars=2566
  -> call 2374/4000: q=q_4702 k=2 prompt_chars=4821
[item 1188/2000 | repeat 1] q_101969 skill=q_101969 topic=Mathematics -> Discrete Mathematics -> Combin...
  -> call 2375/4000: q=q_101969 k=1 prompt_chars=1921
  -> call 2376/4000: q=q_101969 k=2 prompt_chars=3531
[item 1189/2000 | repeat 1] q_36173 skill=q_36173 topic=Mathematics -> Calculus -> Differential Calcu...
  -> call 2377/4000: q=q_36173 k=1 prompt_chars=2258
  -> call 2378/4000: q=q_36173 k=2 prompt_chars=4205
[item 1190/2000 | repeat 1] q_95924 skill=q_95924 topic=Mathematics -> Applied Mathematics -> Statist...
  -> call 2379/4000: q=q_95924 k=1 prompt_chars=2985
  -> call 2380/4000: q=q_95924 k=2 prompt_chars=5659
[item 1191/2000 | repeat 1] q_8761 skill=q_8761 topic=Mathematics -> Applied Mathematics -> Statist...
  -> call 2381/4000: q=q_8761 k=1 prompt_chars=2523
  -> call 2382/4000: q=q_8761 k=2 prompt_chars=4735
[item 1192/2000 | repeat 1] q_77198 skill=q_77198 topic=Mathematics -> Calculus -> Differential Calcu...
  -> call 2383/4000: q=q_77198 k=1 prompt_chars=2193
  -> call 2384/4000: q=q_77198 k=2 prompt_chars=4075
[item 1193/2000 | repeat 1] q_96974 skill=q_96974 topic=Mathematics -> Algebra -> Intermediate Algebr...
  -> call 2385/4000: q=q_96974 k=1 prompt_chars=1649
  -> call 2386/4000: q=q_96974 k=2 prompt_chars=2987
[item 1194/2000 | repeat 1] q_84748 skill=q_84748 topic=Mathematics -> Calculus -> Integral Calculus ...
  -> call 2387/4000: q=q_84748 k=1 prompt_chars=1892
  -> call 2388/4000: q=q_84748 k=2 prompt_chars=3473
[item 1195/2000 | repeat 1] q_96960 skill=q_96960 topic=Mathematics -> Applied Mathematics -> Math Wo...
  -> call 2389/4000: q=q_96960 k=1 prompt_chars=2370
  -> call 2390/4000: q=q_96960 k=2 prompt_chars=4429
[item 1196/2000 | repeat 1] q_24692 skill=q_24692 topic=Mathematics -> Calculus -> Integral Calculus ...
  -> call 2391/4000: q=q_24692 k=1 prompt_chars=2111
  -> call 2392/4000: q=q_24692 k=2 prompt_chars=3911
[item 1197/2000 | repeat 1] q_27282 skill=q_27282 topic=Mathematics -> Discrete Mathematics -> Graph ...
  -> call 2393/4000: q=q_27282 k=1 prompt_chars=2153
  -> call 2394/4000: q=q_27282 k=2 prompt_chars=3995
[item 1198/2000 | repeat 1] q_76464 skill=q_76464 topic=Mathematics -> Calculus -> Integral Calculus ...
  -> call 2395/4000: q=q_76464 k=1 prompt_chars=2295
  -> call 2396/4000: q=q_76464 k=2 prompt_chars=4279
[item 1199/2000 | repeat 1] q_48226 skill=q_48226 topic=Mathematics -> Discrete Mathematics -> Algori...
  -> call 2397/4000: q=q_48226 k=1 prompt_chars=2050
  -> call 2398/4000: q=q_48226 k=2 prompt_chars=3789
[item 1200/2000 | repeat 1] q_6948 skill=q_6948 topic=Mathematics -> Calculus -> Differential Calcu...
  -> call 2399/4000: q=q_6948 k=1 prompt_chars=2009
  -> call 2400/4000: q=q_6948 k=2 prompt_chars=3707
[item 1201/2000 | repeat 1] q_60302 skill=q_60302 topic=Mathematics -> Calculus -> Integral Calculus ...
  -> call 2401/4000: q=q_60302 k=1 prompt_chars=1723
  -> call 2402/4000: q=q_60302 k=2 prompt_chars=3135
[item 1202/2000 | repeat 1] q_10612 skill=q_10612 topic=Mathematics -> Calculus -> Other
  -> call 2403/4000: q=q_10612 k=1 prompt_chars=2408
  -> call 2404/4000: q=q_10612 k=2 prompt_chars=4505
[item 1203/2000 | repeat 1] q_7993 skill=q_7993 topic=Mathematics -> Other
  -> call 2405/4000: q=q_7993 k=1 prompt_chars=2150
  -> call 2406/4000: q=q_7993 k=2 prompt_chars=3989
[item 1204/2000 | repeat 1] q_10140 skill=q_10140 topic=Mathematics -> Other
  -> call 2407/4000: q=q_10140 k=1 prompt_chars=2023
  -> call 2408/4000: q=q_10140 k=2 prompt_chars=3735
[item 1205/2000 | repeat 1] q_54941 skill=q_54941 topic=Mathematics -> Algebra -> Linear Algebra -> V...
  -> call 2409/4000: q=q_54941 k=1 prompt_chars=1893
  -> call 2410/4000: q=q_54941 k=2 prompt_chars=3475
[item 1206/2000 | repeat 1] q_77144 skill=q_77144 topic=Mathematics -> Other
  -> call 2411/4000: q=q_77144 k=1 prompt_chars=1462
  -> call 2412/4000: q=q_77144 k=2 prompt_chars=2613
[item 1207/2000 | repeat 1] q_77124 skill=q_77124 topic=Mathematics -> Number Theory -> Congruences
  -> call 2413/4000: q=q_77124 k=1 prompt_chars=1881
  -> call 2414/4000: q=q_77124 k=2 prompt_chars=3451
[item 1208/2000 | repeat 1] q_97533 skill=q_97533 topic=Mathematics -> Applied Mathematics -> Statist...
  -> call 2415/4000: q=q_97533 k=1 prompt_chars=2462
  -> call 2416/4000: q=q_97533 k=2 prompt_chars=4613
[item 1209/2000 | repeat 1] q_23643 skill=q_23643 topic=Mathematics -> Applied Mathematics -> Statist...
  -> call 2417/4000: q=q_23643 k=1 prompt_chars=2218
  -> call 2418/4000: q=q_23643 k=2 prompt_chars=4125
[item 1210/2000 | repeat 1] q_40377 skill=q_40377 topic=Mathematics -> Calculus -> Integral Calculus ...
  -> call 2419/4000: q=q_40377 k=1 prompt_chars=1957
  -> call 2420/4000: q=q_40377 k=2 prompt_chars=3603
[item 1211/2000 | repeat 1] q_70037 skill=q_70037 topic=Mathematics -> Calculus -> Integral Calculus ...
  -> call 2421/4000: q=q_70037 k=1 prompt_chars=1998
  -> call 2422/4000: q=q_70037 k=2 prompt_chars=3685
[item 1212/2000 | repeat 1] q_36069 skill=q_36069 topic=Mathematics -> Calculus -> Integral Calculus ...
  -> call 2423/4000: q=q_36069 k=1 prompt_chars=1972
  -> call 2424/4000: q=q_36069 k=2 prompt_chars=3633
[item 1213/2000 | repeat 1] q_77987 skill=q_77987 topic=Mathematics -> Calculus -> Integral Calculus ...
  -> call 2425/4000: q=q_77987 k=1 prompt_chars=1884
  -> call 2426/4000: q=q_77987 k=2 prompt_chars=3457
[item 1214/2000 | repeat 1] q_75854 skill=q_75854 topic=Mathematics -> Discrete Mathematics -> Logic
  -> call 2427/4000: q=q_75854 k=1 prompt_chars=2254
  -> call 2428/4000: q=q_75854 k=2 prompt_chars=4197
[item 1215/2000 | repeat 1] q_30293 skill=q_30293 topic=Mathematics -> Algebra -> Abstract Algebra ->...
  -> call 2429/4000: q=q_30293 k=1 prompt_chars=1478
  -> call 2430/4000: q=q_30293 k=2 prompt_chars=2645
[item 1216/2000 | repeat 1] q_28538 skill=q_28538 topic=Mathematics -> Calculus -> Integral Calculus ...
  -> call 2431/4000: q=q_28538 k=1 prompt_chars=2660
  -> call 2432/4000: q=q_28538 k=2 prompt_chars=5009
[item 1217/2000 | repeat 1] q_99987 skill=q_99987 topic=Mathematics -> Applied Mathematics -> Math Wo...
  -> call 2433/4000: q=q_99987 k=1 prompt_chars=2131
  -> call 2434/4000: q=q_99987 k=2 prompt_chars=3951
[item 1218/2000 | repeat 1] q_8096 skill=q_8096 topic=Mathematics -> Applied Mathematics -> Statist...
  -> call 2435/4000: q=q_8096 k=1 prompt_chars=2346
  -> call 2436/4000: q=q_8096 k=2 prompt_chars=4381
[item 1219/2000 | repeat 1] q_7100 skill=q_7100 topic=Mathematics -> Calculus -> Integral Calculus ...
  -> call 2437/4000: q=q_7100 k=1 prompt_chars=2052
  -> call 2438/4000: q=q_7100 k=2 prompt_chars=3793
[item 1220/2000 | repeat 1] q_50899 skill=q_50899 topic=Mathematics -> Calculus -> Integral Calculus ...
  -> call 2439/4000: q=q_50899 k=1 prompt_chars=2037
  -> call 2440/4000: q=q_50899 k=2 prompt_chars=3763
[item 1221/2000 | repeat 1] q_34411 skill=q_34411 topic=Mathematics -> Precalculus -> Limits
  -> call 2441/4000: q=q_34411 k=1 prompt_chars=2056
  -> call 2442/4000: q=q_34411 k=2 prompt_chars=3801
[item 1222/2000 | repeat 1] q_57356 skill=q_57356 topic=Mathematics -> Discrete Mathematics -> Combin...
  -> call 2443/4000: q=q_57356 k=1 prompt_chars=2193
  -> call 2444/4000: q=q_57356 k=2 prompt_chars=4075
[item 1223/2000 | repeat 1] q_72526 skill=q_72526 topic=Mathematics -> Algebra -> Abstract Algebra ->...
  -> call 2445/4000: q=q_72526 k=1 prompt_chars=2072
  -> call 2446/4000: q=q_72526 k=2 prompt_chars=3833
[item 1224/2000 | repeat 1] q_74886 skill=q_74886 topic=Mathematics -> Algebra -> Intermediate Algebr...
  -> call 2447/4000: q=q_74886 k=1 prompt_chars=2296
  -> call 2448/4000: q=q_74886 k=2 prompt_chars=4281
[item 1225/2000 | repeat 1] q_66125 skill=q_66125 topic=Mathematics -> Algebra -> Linear Algebra -> M...
  -> call 2449/4000: q=q_66125 k=1 prompt_chars=2244
  -> call 2450/4000: q=q_66125 k=2 prompt_chars=4177
[item 1226/2000 | repeat 1] q_64689 skill=q_64689 topic=Mathematics -> Algebra -> Algebra -> Equation...
  -> call 2451/4000: q=q_64689 k=1 prompt_chars=2207
  -> call 2452/4000: q=q_64689 k=2 prompt_chars=4103
[item 1227/2000 | repeat 1] q_33898 skill=q_33898 topic=Mathematics -> Algebra -> Intermediate Algebr...
  -> call 2453/4000: q=q_33898 k=1 prompt_chars=2624
  -> call 2454/4000: q=q_33898 k=2 prompt_chars=4937
[item 1228/2000 | repeat 1] q_12287 skill=q_12287 topic=Mathematics -> Precalculus -> Limits
  -> call 2455/4000: q=q_12287 k=1 prompt_chars=1678
  -> call 2456/4000: q=q_12287 k=2 prompt_chars=3045
[item 1229/2000 | repeat 1] q_57850 skill=q_57850 topic=Mathematics -> Discrete Mathematics -> Combin...
  -> call 2457/4000: q=q_57850 k=1 prompt_chars=1882
  -> call 2458/4000: q=q_57850 k=2 prompt_chars=3453
[item 1230/2000 | repeat 1] q_43955 skill=q_43955 topic=Mathematics -> Precalculus -> Functions
  -> call 2459/4000: q=q_43955 k=1 prompt_chars=2608
  -> call 2460/4000: q=q_43955 k=2 prompt_chars=4905
[item 1231/2000 | repeat 1] q_77918 skill=q_77918 topic=Mathematics -> Number Theory -> Factorization
  -> call 2461/4000: q=q_77918 k=1 prompt_chars=2251
  -> call 2462/4000: q=q_77918 k=2 prompt_chars=4191
[item 1232/2000 | repeat 1] q_77508 skill=q_77508 topic=Mathematics -> Algebra -> Abstract Algebra ->...
  -> call 2463/4000: q=q_77508 k=1 prompt_chars=1871
  -> call 2464/4000: q=q_77508 k=2 prompt_chars=3431
[item 1233/2000 | repeat 1] q_63748 skill=q_63748 topic=Mathematics -> Precalculus -> Limits
  -> call 2465/4000: q=q_63748 k=1 prompt_chars=2266
  -> call 2466/4000: q=q_63748 k=2 prompt_chars=4221
[item 1234/2000 | repeat 1] q_43132 skill=q_43132 topic=Mathematics -> Precalculus -> Limits
  -> call 2467/4000: q=q_43132 k=1 prompt_chars=2025
  -> call 2468/4000: q=q_43132 k=2 prompt_chars=3739
[item 1235/2000 | repeat 1] q_20270 skill=q_20270 topic=Mathematics -> Algebra -> Algebra -> Polynomi...
  -> call 2469/4000: q=q_20270 k=1 prompt_chars=2030
  -> call 2470/4000: q=q_20270 k=2 prompt_chars=3749
[item 1236/2000 | repeat 1] q_29159 skill=q_29159 topic=Mathematics -> Precalculus -> Limits
  -> call 2471/4000: q=q_29159 k=1 prompt_chars=1920
  -> call 2472/4000: q=q_29159 k=2 prompt_chars=3529
[item 1237/2000 | repeat 1] q_52923 skill=q_52923 topic=Mathematics -> Discrete Mathematics -> Combin...
  -> call 2473/4000: q=q_52923 k=1 prompt_chars=2367
  -> call 2474/4000: q=q_52923 k=2 prompt_chars=4423
[item 1238/2000 | repeat 1] q_28459 skill=q_28459 topic=Mathematics -> Algebra -> Abstract Algebra ->...
  -> call 2475/4000: q=q_28459 k=1 prompt_chars=2296
  -> call 2476/4000: q=q_28459 k=2 prompt_chars=4281
[item 1239/2000 | repeat 1] q_30339 skill=q_30339 topic=Mathematics -> Applied Mathematics -> Statist...
  -> call 2477/4000: q=q_30339 k=1 prompt_chars=2148
  -> call 2478/4000: q=q_30339 k=2 prompt_chars=3985
[item 1240/2000 | repeat 1] q_7880 skill=q_7880 topic=Mathematics -> Precalculus -> Limits
  -> call 2479/4000: q=q_7880 k=1 prompt_chars=1819
  -> call 2480/4000: q=q_7880 k=2 prompt_chars=3327
[item 1241/2000 | repeat 1] q_51194 skill=q_51194 topic=Mathematics -> Applied Mathematics -> Statist...
  -> call 2481/4000: q=q_51194 k=1 prompt_chars=2095
  -> call 2482/4000: q=q_51194 k=2 prompt_chars=3879
[item 1242/2000 | repeat 1] q_82655 skill=q_82655 topic=Mathematics -> Calculus -> Integral Calculus ...
  -> call 2483/4000: q=q_82655 k=1 prompt_chars=2018
  -> call 2484/4000: q=q_82655 k=2 prompt_chars=3725
[item 1243/2000 | repeat 1] q_45317 skill=q_45317 topic=Mathematics -> Algebra -> Abstract Algebra ->...
  -> call 2485/4000: q=q_45317 k=1 prompt_chars=2378
  -> call 2486/4000: q=q_45317 k=2 prompt_chars=4445
[item 1244/2000 | repeat 1] q_63740 skill=q_63740 topic=Mathematics -> Calculus -> Integral Calculus ...
  -> call 2487/4000: q=q_63740 k=1 prompt_chars=1845
  -> call 2488/4000: q=q_63740 k=2 prompt_chars=3379
[item 1245/2000 | repeat 1] q_25588 skill=q_25588 topic=Mathematics -> Calculus -> Integral Calculus ...
  -> call 2489/4000: q=q_25588 k=1 prompt_chars=2336
  -> call 2490/4000: q=q_25588 k=2 prompt_chars=4361
[item 1246/2000 | repeat 1] q_95160 skill=q_95160 topic=Mathematics -> Algebra -> Intermediate Algebr...
  -> call 2491/4000: q=q_95160 k=1 prompt_chars=1736
  -> call 2492/4000: q=q_95160 k=2 prompt_chars=3161
[item 1247/2000 | repeat 1] q_48079 skill=q_48079 topic=Mathematics -> Calculus -> Integral Calculus ...
  -> call 2493/4000: q=q_48079 k=1 prompt_chars=1890
  -> call 2494/4000: q=q_48079 k=2 prompt_chars=3469
[item 1248/2000 | repeat 1] q_31324 skill=q_31324 topic=Mathematics -> Applied Mathematics -> Statist...
  -> call 2495/4000: q=q_31324 k=1 prompt_chars=2825
  -> call 2496/4000: q=q_31324 k=2 prompt_chars=5339
[item 1249/2000 | repeat 1] q_1860 skill=q_1860 topic=Mathematics -> Algebra -> Algebra -> Polynomi...
  -> call 2497/4000: q=q_1860 k=1 prompt_chars=1764
  -> call 2498/4000: q=q_1860 k=2 prompt_chars=3217
[item 1250/2000 | repeat 1] q_45634 skill=q_45634 topic=Mathematics -> Algebra -> Abstract Algebra ->...
  -> call 2499/4000: q=q_45634 k=1 prompt_chars=1591
  -> call 2500/4000: q=q_45634 k=2 prompt_chars=2871
[item 1251/2000 | repeat 1] q_10054 skill=q_10054 topic=Mathematics -> Geometry -> Plane Geometry -> ...
  -> call 2501/4000: q=q_10054 k=1 prompt_chars=1927
  -> call 2502/4000: q=q_10054 k=2 prompt_chars=3543
[item 1252/2000 | repeat 1] q_30273 skill=q_30273 topic=Mathematics -> Algebra -> Abstract Algebra ->...
  -> call 2503/4000: q=q_30273 k=1 prompt_chars=2269
  -> call 2504/4000: q=q_30273 k=2 prompt_chars=4227
[item 1253/2000 | repeat 1] q_37304 skill=q_37304 topic=Mathematics -> Differential Equations -> Part...
  -> call 2505/4000: q=q_37304 k=1 prompt_chars=2222
  -> call 2506/4000: q=q_37304 k=2 prompt_chars=4133
[item 1254/2000 | repeat 1] q_97203 skill=q_97203 topic=Mathematics -> Geometry -> Plane Geometry -> ...
  -> call 2507/4000: q=q_97203 k=1 prompt_chars=2544
  -> call 2508/4000: q=q_97203 k=2 prompt_chars=4777
[item 1255/2000 | repeat 1] q_28446 skill=q_28446 topic=Mathematics -> Calculus -> Differential Calcu...
  -> call 2509/4000: q=q_28446 k=1 prompt_chars=2184
  -> call 2510/4000: q=q_28446 k=2 prompt_chars=4057
[item 1256/2000 | repeat 1] q_64518 skill=q_64518 topic=Mathematics -> Geometry -> Plane Geometry -> ...
  -> call 2511/4000: q=q_64518 k=1 prompt_chars=1998
  -> call 2512/4000: q=q_64518 k=2 prompt_chars=3685
[item 1257/2000 | repeat 1] q_39884 skill=q_39884 topic=Mathematics -> Applied Mathematics -> Statist...
  -> call 2513/4000: q=q_39884 k=1 prompt_chars=1944
  -> call 2514/4000: q=q_39884 k=2 prompt_chars=3577
[item 1258/2000 | repeat 1] q_53046 skill=q_53046 topic=Mathematics -> Algebra -> Linear Algebra -> L...
  -> call 2515/4000: q=q_53046 k=1 prompt_chars=2106
  -> call 2516/4000: q=q_53046 k=2 prompt_chars=3901
[item 1259/2000 | repeat 1] q_79848 skill=q_79848 topic=Mathematics -> Calculus -> Integral Calculus ...
  -> call 2517/4000: q=q_79848 k=1 prompt_chars=1444
  -> call 2518/4000: q=q_79848 k=2 prompt_chars=2577
[item 1260/2000 | repeat 1] q_98674 skill=q_98674 topic=Mathematics -> Algebra -> Intermediate Algebr...
  -> call 2519/4000: q=q_98674 k=1 prompt_chars=2177
  -> call 2520/4000: q=q_98674 k=2 prompt_chars=4043
[item 1261/2000 | repeat 1] q_48336 skill=q_48336 topic=Mathematics -> Other
  -> call 2521/4000: q=q_48336 k=1 prompt_chars=2071
  -> call 2522/4000: q=q_48336 k=2 prompt_chars=3831
[item 1262/2000 | repeat 1] q_57404 skill=q_57404 topic=Mathematics -> Algebra -> Algebra -> Equation...
  -> call 2523/4000: q=q_57404 k=1 prompt_chars=1991
  -> call 2524/4000: q=q_57404 k=2 prompt_chars=3671
[item 1263/2000 | repeat 1] q_92700 skill=q_92700 topic=Mathematics -> Geometry -> Plane Geometry -> ...
  -> call 2525/4000: q=q_92700 k=1 prompt_chars=2045
  -> call 2526/4000: q=q_92700 k=2 prompt_chars=3779
[item 1264/2000 | repeat 1] q_26891 skill=q_26891 topic=Mathematics -> Applied Mathematics -> Statist...
  -> call 2527/4000: q=q_26891 k=1 prompt_chars=2032
  -> call 2528/4000: q=q_26891 k=2 prompt_chars=3753
[item 1265/2000 | repeat 1] q_26551 skill=q_26551 topic=Mathematics -> Geometry -> Differential Geome...
  -> call 2529/4000: q=q_26551 k=1 prompt_chars=2374
  -> call 2530/4000: q=q_26551 k=2 prompt_chars=4437
[item 1266/2000 | repeat 1] q_20884 skill=q_20884 topic=Mathematics -> Number Theory -> Congruences
  -> call 2531/4000: q=q_20884 k=1 prompt_chars=1970
  -> call 2532/4000: q=q_20884 k=2 prompt_chars=3629
[item 1267/2000 | repeat 1] q_19548 skill=q_19548 topic=Mathematics -> Other
  -> call 2533/4000: q=q_19548 k=1 prompt_chars=2060
  -> call 2534/4000: q=q_19548 k=2 prompt_chars=3809
[item 1268/2000 | repeat 1] q_44058 skill=q_44058 topic=Mathematics -> Calculus -> Integral Calculus ...
  -> call 2535/4000: q=q_44058 k=1 prompt_chars=2478
  -> call 2536/4000: q=q_44058 k=2 prompt_chars=4645
[item 1269/2000 | repeat 1] q_4237 skill=q_4237 topic=Mathematics -> Calculus -> Integral Calculus ...
  -> call 2537/4000: q=q_4237 k=1 prompt_chars=2075
  -> call 2538/4000: q=q_4237 k=2 prompt_chars=3839
[item 1270/2000 | repeat 1] q_4587 skill=q_4587 topic=Mathematics -> Applied Mathematics -> Statist...
  -> call 2539/4000: q=q_4587 k=1 prompt_chars=2855
  -> call 2540/4000: q=q_4587 k=2 prompt_chars=5399
[item 1271/2000 | repeat 1] q_38449 skill=q_38449 topic=Mathematics -> Calculus -> Differential Calcu...
  -> call 2541/4000: q=q_38449 k=1 prompt_chars=2173
  -> call 2542/4000: q=q_38449 k=2 prompt_chars=4035
[item 1272/2000 | repeat 1] q_96018 skill=q_96018 topic=Mathematics -> Number Theory -> Factorization
  -> call 2543/4000: q=q_96018 k=1 prompt_chars=2496
  -> call 2544/4000: q=q_96018 k=2 prompt_chars=4681
[item 1273/2000 | repeat 1] q_49790 skill=q_49790 topic=Mathematics -> Other
  -> call 2545/4000: q=q_49790 k=1 prompt_chars=2583
  -> call 2546/4000: q=q_49790 k=2 prompt_chars=4855
[item 1274/2000 | repeat 1] q_15642 skill=q_15642 topic=Mathematics -> Calculus -> Integral Calculus ...
  -> call 2547/4000: q=q_15642 k=1 prompt_chars=2030
  -> call 2548/4000: q=q_15642 k=2 prompt_chars=3749
[item 1275/2000 | repeat 1] q_10951 skill=q_10951 topic=Mathematics -> Number Theory -> Congruences
  -> call 2549/4000: q=q_10951 k=1 prompt_chars=2045
  -> call 2550/4000: q=q_10951 k=2 prompt_chars=3779
[item 1276/2000 | repeat 1] q_3635 skill=q_3635 topic=Mathematics -> Calculus -> Integral Calculus ...
  -> call 2551/4000: q=q_3635 k=1 prompt_chars=2212
  -> call 2552/4000: q=q_3635 k=2 prompt_chars=4113
[item 1277/2000 | repeat 1] q_43975 skill=q_43975 topic=Mathematics -> Geometry -> Plane Geometry -> ...
  -> call 2553/4000: q=q_43975 k=1 prompt_chars=2308
  -> call 2554/4000: q=q_43975 k=2 prompt_chars=4305
[item 1278/2000 | repeat 1] q_40895 skill=q_40895 topic=Mathematics -> Calculus -> Integral Calculus ...
  -> call 2555/4000: q=q_40895 k=1 prompt_chars=2323
  -> call 2556/4000: q=q_40895 k=2 prompt_chars=4335
[item 1279/2000 | repeat 1] q_95392 skill=q_95392 topic=Mathematics -> Geometry -> Plane Geometry -> ...
  -> call 2557/4000: q=q_95392 k=1 prompt_chars=2442
  -> call 2558/4000: q=q_95392 k=2 prompt_chars=4573
[item 1280/2000 | repeat 1] q_4 skill=q_4 topic=Mathematics -> Precalculus -> Limits
  -> call 2559/4000: q=q_4 k=1 prompt_chars=1905
  -> call 2560/4000: q=q_4 k=2 prompt_chars=3499
[item 1281/2000 | repeat 1] q_1322 skill=q_1322 topic=Mathematics -> Calculus -> Integral Calculus ...
  -> call 2561/4000: q=q_1322 k=1 prompt_chars=2165
  -> call 2562/4000: q=q_1322 k=2 prompt_chars=4019
[item 1282/2000 | repeat 1] q_83467 skill=q_83467 topic=Mathematics -> Calculus -> Differential Calcu...
  -> call 2563/4000: q=q_83467 k=1 prompt_chars=2513
  -> call 2564/4000: q=q_83467 k=2 prompt_chars=4715
[item 1283/2000 | repeat 1] q_83474 skill=q_83474 topic=Mathematics -> Differential Equations -> Part...
  -> call 2565/4000: q=q_83474 k=1 prompt_chars=2197
  -> call 2566/4000: q=q_83474 k=2 prompt_chars=4083
[item 1284/2000 | repeat 1] q_96902 skill=q_96902 topic=Mathematics -> Number Theory -> Congruences
  -> call 2567/4000: q=q_96902 k=1 prompt_chars=2009
  -> call 2568/4000: q=q_96902 k=2 prompt_chars=3707
[item 1285/2000 | repeat 1] q_6181 skill=q_6181 topic=Mathematics -> Number Theory -> Factorization
  -> call 2569/4000: q=q_6181 k=1 prompt_chars=1906
  -> call 2570/4000: q=q_6181 k=2 prompt_chars=3501
[item 1286/2000 | repeat 1] q_71287 skill=q_71287 topic=Mathematics -> Calculus -> Integral Calculus ...
  -> call 2571/4000: q=q_71287 k=1 prompt_chars=2478
  -> call 2572/4000: q=q_71287 k=2 prompt_chars=4645
[item 1287/2000 | repeat 1] q_53933 skill=q_53933 topic=Mathematics -> Algebra -> Intermediate Algebr...
  -> call 2573/4000: q=q_53933 k=1 prompt_chars=1642
  -> call 2574/4000: q=q_53933 k=2 prompt_chars=2973
[item 1288/2000 | repeat 1] q_84165 skill=q_84165 topic=Mathematics -> Calculus -> Integral Calculus ...
  -> call 2575/4000: q=q_84165 k=1 prompt_chars=1931
  -> call 2576/4000: q=q_84165 k=2 prompt_chars=3551
[item 1289/2000 | repeat 1] q_73871 skill=q_73871 topic=Mathematics -> Number Theory -> Prime Numbers
  -> call 2577/4000: q=q_73871 k=1 prompt_chars=2024
  -> call 2578/4000: q=q_73871 k=2 prompt_chars=3737
[item 1290/2000 | repeat 1] q_59682 skill=q_59682 topic=Mathematics -> Algebra -> Linear Algebra -> L...
  -> call 2579/4000: q=q_59682 k=1 prompt_chars=2220
  -> call 2580/4000: q=q_59682 k=2 prompt_chars=4129
[item 1291/2000 | repeat 1] q_100129 skill=q_100129 topic=Mathematics -> Algebra -> Intermediate Algebr...
  -> call 2581/4000: q=q_100129 k=1 prompt_chars=1977
  -> call 2582/4000: q=q_100129 k=2 prompt_chars=3643
[item 1292/2000 | repeat 1] q_457 skill=q_457 topic=Mathematics -> Algebra -> Intermediate Algebr...
  -> call 2583/4000: q=q_457 k=1 prompt_chars=2002
  -> call 2584/4000: q=q_457 k=2 prompt_chars=3693
[item 1293/2000 | repeat 1] q_92463 skill=q_92463 topic=Mathematics -> Algebra -> Intermediate Algebr...
  -> call 2585/4000: q=q_92463 k=1 prompt_chars=2180
  -> call 2586/4000: q=q_92463 k=2 prompt_chars=4049
[item 1294/2000 | repeat 1] q_83267 skill=q_83267 topic=Mathematics -> Geometry -> Plane Geometry -> ...
  -> call 2587/4000: q=q_83267 k=1 prompt_chars=1870
  -> call 2588/4000: q=q_83267 k=2 prompt_chars=3429
[item 1295/2000 | repeat 1] q_63852 skill=q_63852 topic=Mathematics -> Precalculus -> Limits
  -> call 2589/4000: q=q_63852 k=1 prompt_chars=2320
  -> call 2590/4000: q=q_63852 k=2 prompt_chars=4329
[item 1296/2000 | repeat 1] q_4214 skill=q_4214 topic=Mathematics -> Calculus -> Differential Calcu...
  -> call 2591/4000: q=q_4214 k=1 prompt_chars=2405
  -> call 2592/4000: q=q_4214 k=2 prompt_chars=4499
[item 1297/2000 | repeat 1] q_45972 skill=q_45972 topic=Mathematics -> Discrete Mathematics -> Logic
  -> call 2593/4000: q=q_45972 k=1 prompt_chars=2611
  -> call 2594/4000: q=q_45972 k=2 prompt_chars=4911
[item 1298/2000 | repeat 1] q_5488 skill=q_5488 topic=Mathematics -> Algebra -> Intermediate Algebr...
  -> call 2595/4000: q=q_5488 k=1 prompt_chars=2635
  -> call 2596/4000: q=q_5488 k=2 prompt_chars=4959
[item 1299/2000 | repeat 1] q_94538 skill=q_94538 topic=Mathematics -> Discrete Mathematics -> Graph ...
  -> call 2597/4000: q=q_94538 k=1 prompt_chars=2017
  -> call 2598/4000: q=q_94538 k=2 prompt_chars=3723
[item 1300/2000 | repeat 1] q_72924 skill=q_72924 topic=Mathematics -> Algebra -> Abstract Algebra ->...
  -> call 2599/4000: q=q_72924 k=1 prompt_chars=1962
  -> call 2600/4000: q=q_72924 k=2 prompt_chars=3613
[item 1301/2000 | repeat 1] q_64235 skill=q_64235 topic=Mathematics -> Discrete Mathematics -> Logic
  -> call 2601/4000: q=q_64235 k=1 prompt_chars=1636
  -> call 2602/4000: q=q_64235 k=2 prompt_chars=2961
[item 1302/2000 | repeat 1] q_69318 skill=q_69318 topic=Mathematics -> Number Theory -> Congruences
  -> call 2603/4000: q=q_69318 k=1 prompt_chars=1857
  -> call 2604/4000: q=q_69318 k=2 prompt_chars=3403
[item 1303/2000 | repeat 1] q_45585 skill=q_45585 topic=Mathematics -> Calculus -> Integral Calculus ...
  -> call 2605/4000: q=q_45585 k=1 prompt_chars=1913
  -> call 2606/4000: q=q_45585 k=2 prompt_chars=3515
[item 1304/2000 | repeat 1] q_85612 skill=q_85612 topic=Mathematics -> Algebra -> Algebra -> Equation...
  -> call 2607/4000: q=q_85612 k=1 prompt_chars=2113
  -> call 2608/4000: q=q_85612 k=2 prompt_chars=3915
[item 1305/2000 | repeat 1] q_96621 skill=q_96621 topic=Mathematics -> Geometry -> Plane Geometry -> ...
  -> call 2609/4000: q=q_96621 k=1 prompt_chars=2303
  -> call 2610/4000: q=q_96621 k=2 prompt_chars=4295
[item 1306/2000 | repeat 1] q_95189 skill=q_95189 topic=Mathematics -> Algebra -> Prealgebra -> Integers
  -> call 2611/4000: q=q_95189 k=1 prompt_chars=2227
  -> call 2612/4000: q=q_95189 k=2 prompt_chars=4143
[item 1307/2000 | repeat 1] q_63643 skill=q_63643 topic=Mathematics -> Algebra -> Abstract Algebra ->...
  -> call 2613/4000: q=q_63643 k=1 prompt_chars=2116
  -> call 2614/4000: q=q_63643 k=2 prompt_chars=3921
[item 1308/2000 | repeat 1] q_21500 skill=q_21500 topic=Mathematics -> Algebra -> Linear Algebra -> M...
  -> call 2615/4000: q=q_21500 k=1 prompt_chars=2137
  -> call 2616/4000: q=q_21500 k=2 prompt_chars=3963
[item 1309/2000 | repeat 1] q_86625 skill=q_86625 topic=Mathematics -> Discrete Mathematics -> Combin...
  -> call 2617/4000: q=q_86625 k=1 prompt_chars=2183
  -> call 2618/4000: q=q_86625 k=2 prompt_chars=4055
[item 1310/2000 | repeat 1] q_43703 skill=q_43703 topic=Mathematics -> Number Theory -> Congruences
  -> call 2619/4000: q=q_43703 k=1 prompt_chars=1791
  -> call 2620/4000: q=q_43703 k=2 prompt_chars=3271
[item 1311/2000 | repeat 1] q_13021 skill=q_13021 topic=Mathematics -> Geometry -> Plane Geometry -> ...
  -> call 2621/4000: q=q_13021 k=1 prompt_chars=2534
  -> call 2622/4000: q=q_13021 k=2 prompt_chars=4757
[item 1312/2000 | repeat 1] q_62769 skill=q_62769 topic=Mathematics -> Algebra -> Algebra -> Equation...
  -> call 2623/4000: q=q_62769 k=1 prompt_chars=2010
  -> call 2624/4000: q=q_62769 k=2 prompt_chars=3709
[item 1313/2000 | repeat 1] q_41780 skill=q_41780 topic=Mathematics -> Calculus -> Integral Calculus ...
  -> call 2625/4000: q=q_41780 k=1 prompt_chars=1512
  -> call 2626/4000: q=q_41780 k=2 prompt_chars=2713
[item 1314/2000 | repeat 1] q_37993 skill=q_37993 topic=Mathematics -> Geometry -> Differential Geome...
  -> call 2627/4000: q=q_37993 k=1 prompt_chars=2067
  -> call 2628/4000: q=q_37993 k=2 prompt_chars=3823
[item 1315/2000 | repeat 1] q_101561 skill=q_101561 topic=Mathematics -> Algebra -> Intermediate Algebr...
  -> call 2629/4000: q=q_101561 k=1 prompt_chars=1636
  -> call 2630/4000: q=q_101561 k=2 prompt_chars=2961
[item 1316/2000 | repeat 1] q_50272 skill=q_50272 topic=Mathematics -> Algebra -> Intermediate Algebr...
  -> call 2631/4000: q=q_50272 k=1 prompt_chars=2006
  -> call 2632/4000: q=q_50272 k=2 prompt_chars=3701
[item 1317/2000 | repeat 1] q_54821 skill=q_54821 topic=Mathematics -> Calculus -> Integral Calculus ...
  -> call 2633/4000: q=q_54821 k=1 prompt_chars=2087
  -> call 2634/4000: q=q_54821 k=2 prompt_chars=3863
[item 1318/2000 | repeat 1] q_36781 skill=q_36781 topic=Mathematics -> Calculus -> Integral Calculus ...
  -> call 2635/4000: q=q_36781 k=1 prompt_chars=2418
  -> call 2636/4000: q=q_36781 k=2 prompt_chars=4525
[item 1319/2000 | repeat 1] q_59837 skill=q_59837 topic=Mathematics -> Algebra -> Linear Algebra -> L...
  -> call 2637/4000: q=q_59837 k=1 prompt_chars=2333
  -> call 2638/4000: q=q_59837 k=2 prompt_chars=4355
[item 1320/2000 | repeat 1] q_70248 skill=q_70248 topic=Mathematics -> Applied Mathematics -> Statist...
  -> call 2639/4000: q=q_70248 k=1 prompt_chars=2390
  -> call 2640/4000: q=q_70248 k=2 prompt_chars=4469
[item 1321/2000 | repeat 1] q_67061 skill=q_67061 topic=Mathematics -> Differential Equations -> Part...
  -> call 2641/4000: q=q_67061 k=1 prompt_chars=2383
  -> call 2642/4000: q=q_67061 k=2 prompt_chars=4455
[item 1322/2000 | repeat 1] q_84807 skill=q_84807 topic=Mathematics -> Algebra -> Algebra -> Polynomi...
  -> call 2643/4000: q=q_84807 k=1 prompt_chars=1873
  -> call 2644/4000: q=q_84807 k=2 prompt_chars=3435
[item 1323/2000 | repeat 1] q_77148 skill=q_77148 topic=Mathematics -> Applied Mathematics -> Statist...
  -> call 2645/4000: q=q_77148 k=1 prompt_chars=2066
  -> call 2646/4000: q=q_77148 k=2 prompt_chars=3821
[item 1324/2000 | repeat 1] q_43778 skill=q_43778 topic=Mathematics -> Algebra -> Intermediate Algebr...
  -> call 2647/4000: q=q_43778 k=1 prompt_chars=2185
  -> call 2648/4000: q=q_43778 k=2 prompt_chars=4059
[item 1325/2000 | repeat 1] q_18929 skill=q_18929 topic=Mathematics -> Precalculus -> Trigonometric F...
  -> call 2649/4000: q=q_18929 k=1 prompt_chars=2293
  -> call 2650/4000: q=q_18929 k=2 prompt_chars=4275
[item 1326/2000 | repeat 1] q_62497 skill=q_62497 topic=Mathematics -> Calculus -> Differential Calcu...
  -> call 2651/4000: q=q_62497 k=1 prompt_chars=2377
  -> call 2652/4000: q=q_62497 k=2 prompt_chars=4443
[item 1327/2000 | repeat 1] q_14031 skill=q_14031 topic=Mathematics -> Calculus -> Differential Calcu...
  -> call 2653/4000: q=q_14031 k=1 prompt_chars=2234
  -> call 2654/4000: q=q_14031 k=2 prompt_chars=4157
[item 1328/2000 | repeat 1] q_5094 skill=q_5094 topic=Mathematics -> Algebra -> Linear Algebra -> L...
  -> call 2655/4000: q=q_5094 k=1 prompt_chars=1983
  -> call 2656/4000: q=q_5094 k=2 prompt_chars=3655
[item 1329/2000 | repeat 1] q_58183 skill=q_58183 topic=Mathematics -> Algebra -> Algebra -> Equation...
  -> call 2657/4000: q=q_58183 k=1 prompt_chars=2144
  -> call 2658/4000: q=q_58183 k=2 prompt_chars=3977
[item 1330/2000 | repeat 1] q_78017 skill=q_78017 topic=Mathematics -> Number Theory -> Congruences
  -> call 2659/4000: q=q_78017 k=1 prompt_chars=2104
  -> call 2660/4000: q=q_78017 k=2 prompt_chars=3897
[item 1331/2000 | repeat 1] q_66161 skill=q_66161 topic=Mathematics -> Applied Mathematics -> Statist...
  -> call 2661/4000: q=q_66161 k=1 prompt_chars=2015
  -> call 2662/4000: q=q_66161 k=2 prompt_chars=3719
[item 1332/2000 | repeat 1] q_40137 skill=q_40137 topic=Mathematics -> Geometry -> Differential Geome...
  -> call 2663/4000: q=q_40137 k=1 prompt_chars=1254
  -> call 2664/4000: q=q_40137 k=2 prompt_chars=2197
[item 1333/2000 | repeat 1] q_1930 skill=q_1930 topic=Mathematics -> Applied Mathematics -> Math Wo...
  -> call 2665/4000: q=q_1930 k=1 prompt_chars=2131
  -> call 2666/4000: q=q_1930 k=2 prompt_chars=3951
[item 1334/2000 | repeat 1] q_77920 skill=q_77920 topic=Mathematics -> Algebra -> Intermediate Algebr...
  -> call 2667/4000: q=q_77920 k=1 prompt_chars=1461
  -> call 2668/4000: q=q_77920 k=2 prompt_chars=2611
[item 1335/2000 | repeat 1] q_82038 skill=q_82038 topic=Mathematics -> Calculus -> Integral Calculus ...
  -> call 2669/4000: q=q_82038 k=1 prompt_chars=2045
  -> call 2670/4000: q=q_82038 k=2 prompt_chars=3779
[item 1336/2000 | repeat 1] q_48315 skill=q_48315 topic=Mathematics -> Calculus -> Integral Calculus ...
  -> call 2671/4000: q=q_48315 k=1 prompt_chars=1730
  -> call 2672/4000: q=q_48315 k=2 prompt_chars=3149
[item 1337/2000 | repeat 1] q_8562 skill=q_8562 topic=Mathematics -> Algebra -> Intermediate Algebr...
  -> call 2673/4000: q=q_8562 k=1 prompt_chars=2452
  -> call 2674/4000: q=q_8562 k=2 prompt_chars=4593
[item 1338/2000 | repeat 1] q_88050 skill=q_88050 topic=Mathematics -> Number Theory -> Greatest Comm...
  -> call 2675/4000: q=q_88050 k=1 prompt_chars=1794
  -> call 2676/4000: q=q_88050 k=2 prompt_chars=3277
[item 1339/2000 | repeat 1] q_101717 skill=q_101717 topic=Mathematics -> Geometry -> Plane Geometry -> ...
  -> call 2677/4000: q=q_101717 k=1 prompt_chars=1892
  -> call 2678/4000: q=q_101717 k=2 prompt_chars=3473
[item 1340/2000 | repeat 1] q_7907 skill=q_7907 topic=Mathematics -> Calculus -> Integral Calculus ...
  -> call 2679/4000: q=q_7907 k=1 prompt_chars=2042
  -> call 2680/4000: q=q_7907 k=2 prompt_chars=3773
[item 1341/2000 | repeat 1] q_99032 skill=q_99032 topic=Mathematics -> Algebra -> Algebra -> Equation...
  -> call 2681/4000: q=q_99032 k=1 prompt_chars=2085
  -> call 2682/4000: q=q_99032 k=2 prompt_chars=3859
[item 1342/2000 | repeat 1] q_100892 skill=q_100892 topic=Mathematics -> Geometry -> Plane Geometry -> ...
  -> call 2683/4000: q=q_100892 k=1 prompt_chars=2426
  -> call 2684/4000: q=q_100892 k=2 prompt_chars=4541
[item 1343/2000 | repeat 1] q_53392 skill=q_53392 topic=Mathematics -> Calculus -> Integral Calculus ...
  -> call 2685/4000: q=q_53392 k=1 prompt_chars=1956
  -> call 2686/4000: q=q_53392 k=2 prompt_chars=3601
[item 1344/2000 | repeat 1] q_13479 skill=q_13479 topic=Mathematics -> Geometry -> Differential Geome...
  -> call 2687/4000: q=q_13479 k=1 prompt_chars=2062
  -> call 2688/4000: q=q_13479 k=2 prompt_chars=3813
[item 1345/2000 | repeat 1] q_64761 skill=q_64761 topic=Mathematics -> Algebra -> Linear Algebra -> L...
  -> call 2689/4000: q=q_64761 k=1 prompt_chars=2194
  -> call 2690/4000: q=q_64761 k=2 prompt_chars=4077
[item 1346/2000 | repeat 1] q_99928 skill=q_99928 topic=Mathematics -> Algebra -> Intermediate Algebr...
  -> call 2691/4000: q=q_99928 k=1 prompt_chars=2088
  -> call 2692/4000: q=q_99928 k=2 prompt_chars=3865
[item 1347/2000 | repeat 1] q_15740 skill=q_15740 topic=Mathematics -> Calculus -> Differential Calcu...
  -> call 2693/4000: q=q_15740 k=1 prompt_chars=1976
  -> call 2694/4000: q=q_15740 k=2 prompt_chars=3641
[item 1348/2000 | repeat 1] q_76632 skill=q_76632 topic=Mathematics -> Calculus -> Integral Calculus ...
  -> call 2695/4000: q=q_76632 k=1 prompt_chars=1881
  -> call 2696/4000: q=q_76632 k=2 prompt_chars=3451
[item 1349/2000 | repeat 1] q_6525 skill=q_6525 topic=Mathematics -> Precalculus -> Limits
  -> call 2697/4000: q=q_6525 k=1 prompt_chars=2148
  -> call 2698/4000: q=q_6525 k=2 prompt_chars=3985
[item 1350/2000 | repeat 1] q_74506 skill=q_74506 topic=Mathematics -> Number Theory -> Prime Numbers
  -> call 2699/4000: q=q_74506 k=1 prompt_chars=2433
  -> call 2700/4000: q=q_74506 k=2 prompt_chars=4555
[item 1351/2000 | repeat 1] q_3818 skill=q_3818 topic=Mathematics -> Discrete Mathematics -> Graph ...
  -> call 2701/4000: q=q_3818 k=1 prompt_chars=2207
  -> call 2702/4000: q=q_3818 k=2 prompt_chars=4103
[item 1352/2000 | repeat 1] q_62061 skill=q_62061 topic=Mathematics -> Algebra -> Linear Algebra -> V...
  -> call 2703/4000: q=q_62061 k=1 prompt_chars=2039
  -> call 2704/4000: q=q_62061 k=2 prompt_chars=3767
[item 1353/2000 | repeat 1] q_74199 skill=q_74199 topic=Mathematics -> Algebra -> Linear Algebra -> M...
  -> call 2705/4000: q=q_74199 k=1 prompt_chars=1924
  -> call 2706/4000: q=q_74199 k=2 prompt_chars=3537
[item 1354/2000 | repeat 1] q_86431 skill=q_86431 topic=Mathematics -> Algebra -> Intermediate Algebr...
  -> call 2707/4000: q=q_86431 k=1 prompt_chars=2266
  -> call 2708/4000: q=q_86431 k=2 prompt_chars=4221
[item 1355/2000 | repeat 1] q_62206 skill=q_62206 topic=Mathematics -> Precalculus -> Limits
  -> call 2709/4000: q=q_62206 k=1 prompt_chars=2134
  -> call 2710/4000: q=q_62206 k=2 prompt_chars=3957
[item 1356/2000 | repeat 1] q_70985 skill=q_70985 topic=Mathematics -> Algebra -> Other
  -> call 2711/4000: q=q_70985 k=1 prompt_chars=2262
  -> call 2712/4000: q=q_70985 k=2 prompt_chars=4213
[item 1357/2000 | repeat 1] q_16990 skill=q_16990 topic=Mathematics -> Calculus -> Differential Calcu...
  -> call 2713/4000: q=q_16990 k=1 prompt_chars=2045
  -> call 2714/4000: q=q_16990 k=2 prompt_chars=3779
[item 1358/2000 | repeat 1] q_89259 skill=q_89259 topic=Mathematics -> Geometry -> Solid Geometry -> ...
  -> call 2715/4000: q=q_89259 k=1 prompt_chars=2405
  -> call 2716/4000: q=q_89259 k=2 prompt_chars=4499
[item 1359/2000 | repeat 1] q_34139 skill=q_34139 topic=Mathematics -> Algebra -> Linear Algebra -> M...
  -> call 2717/4000: q=q_34139 k=1 prompt_chars=2690
  -> call 2718/4000: q=q_34139 k=2 prompt_chars=5069
[item 1360/2000 | repeat 1] q_101965 skill=q_101965 topic=Mathematics -> Algebra -> Intermediate Algebr...
  -> call 2719/4000: q=q_101965 k=1 prompt_chars=2043
  -> call 2720/4000: q=q_101965 k=2 prompt_chars=3775
[item 1361/2000 | repeat 1] q_93190 skill=q_93190 topic=Mathematics -> Algebra -> Algebra -> Polynomi...
  -> call 2721/4000: q=q_93190 k=1 prompt_chars=1991
  -> call 2722/4000: q=q_93190 k=2 prompt_chars=3671
[item 1362/2000 | repeat 1] q_11384 skill=q_11384 topic=Mathematics -> Calculus -> Integral Calculus ...
  -> call 2723/4000: q=q_11384 k=1 prompt_chars=1836
  -> call 2724/4000: q=q_11384 k=2 prompt_chars=3361
[item 1363/2000 | repeat 1] q_3780 skill=q_3780 topic=Mathematics -> Algebra -> Abstract Algebra ->...
  -> call 2725/4000: q=q_3780 k=1 prompt_chars=1852
  -> call 2726/4000: q=q_3780 k=2 prompt_chars=3393
[item 1364/2000 | repeat 1] q_72454 skill=q_72454 topic=Mathematics -> Calculus -> Differential Calcu...
  -> call 2727/4000: q=q_72454 k=1 prompt_chars=1812
  -> call 2728/4000: q=q_72454 k=2 prompt_chars=3313
[item 1365/2000 | repeat 1] q_41087 skill=q_41087 topic=Mathematics -> Algebra -> Intermediate Algebr...
  -> call 2729/4000: q=q_41087 k=1 prompt_chars=1830
  -> call 2730/4000: q=q_41087 k=2 prompt_chars=3349
[item 1366/2000 | repeat 1] q_51451 skill=q_51451 topic=Mathematics -> Algebra -> Abstract Algebra ->...
  -> call 2731/4000: q=q_51451 k=1 prompt_chars=2762
  -> call 2732/4000: q=q_51451 k=2 prompt_chars=5213
[item 1367/2000 | repeat 1] q_64387 skill=q_64387 topic=Mathematics -> Calculus -> Differential Calcu...
  -> call 2733/4000: q=q_64387 k=1 prompt_chars=2035
  -> call 2734/4000: q=q_64387 k=2 prompt_chars=3759
[item 1368/2000 | repeat 1] q_91012 skill=q_91012 topic=Mathematics -> Geometry -> Plane Geometry -> ...
  -> call 2735/4000: q=q_91012 k=1 prompt_chars=2106
  -> call 2736/4000: q=q_91012 k=2 prompt_chars=3901
[item 1369/2000 | repeat 1] q_78362 skill=q_78362 topic=Mathematics -> Geometry -> Plane Geometry -> ...
  -> call 2737/4000: q=q_78362 k=1 prompt_chars=2458
  -> call 2738/4000: q=q_78362 k=2 prompt_chars=4605
[item 1370/2000 | repeat 1] q_8907 skill=q_8907 topic=Mathematics -> Calculus -> Integral Calculus ...
  -> call 2739/4000: q=q_8907 k=1 prompt_chars=1929
  -> call 2740/4000: q=q_8907 k=2 prompt_chars=3547
[item 1371/2000 | repeat 1] q_80757 skill=q_80757 topic=Mathematics -> Algebra -> Abstract Algebra ->...
  -> call 2741/4000: q=q_80757 k=1 prompt_chars=2492
  -> call 2742/4000: q=q_80757 k=2 prompt_chars=4673
[item 1372/2000 | repeat 1] q_51341 skill=q_51341 topic=Mathematics -> Calculus -> Integral Calculus ...
  -> call 2743/4000: q=q_51341 k=1 prompt_chars=2198
  -> call 2744/4000: q=q_51341 k=2 prompt_chars=4085
[item 1373/2000 | repeat 1] q_74682 skill=q_74682 topic=Mathematics -> Algebra -> Algebra -> Algebrai...
  -> call 2745/4000: q=q_74682 k=1 prompt_chars=1788
  -> call 2746/4000: q=q_74682 k=2 prompt_chars=3265
[item 1374/2000 | repeat 1] q_59234 skill=q_59234 topic=Mathematics -> Calculus -> Integral Calculus ...
  -> call 2747/4000: q=q_59234 k=1 prompt_chars=2432
  -> call 2748/4000: q=q_59234 k=2 prompt_chars=4553
[item 1375/2000 | repeat 1] q_56599 skill=q_56599 topic=Mathematics -> Precalculus -> Limits
  -> call 2749/4000: q=q_56599 k=1 prompt_chars=2261
  -> call 2750/4000: q=q_56599 k=2 prompt_chars=4211
[item 1376/2000 | repeat 1] q_24434 skill=q_24434 topic=Mathematics -> Calculus -> Integral Calculus ...
  -> call 2751/4000: q=q_24434 k=1 prompt_chars=2258
  -> call 2752/4000: q=q_24434 k=2 prompt_chars=4205
[item 1377/2000 | repeat 1] q_36577 skill=q_36577 topic=Mathematics -> Calculus -> Integral Calculus ...
  -> call 2753/4000: q=q_36577 k=1 prompt_chars=2261
  -> call 2754/4000: q=q_36577 k=2 prompt_chars=4211
[item 1378/2000 | repeat 1] q_56295 skill=q_56295 topic=Mathematics -> Algebra -> Algebra -> Polynomi...
  -> call 2755/4000: q=q_56295 k=1 prompt_chars=2092
  -> call 2756/4000: q=q_56295 k=2 prompt_chars=3873
[item 1379/2000 | repeat 1] q_3604 skill=q_3604 topic=Mathematics -> Calculus -> Differential Calcu...
  -> call 2757/4000: q=q_3604 k=1 prompt_chars=2252
  -> call 2758/4000: q=q_3604 k=2 prompt_chars=4193
[item 1380/2000 | repeat 1] q_100647 skill=q_100647 topic=Mathematics -> Geometry -> Plane Geometry -> ...
  -> call 2759/4000: q=q_100647 k=1 prompt_chars=2314
  -> call 2760/4000: q=q_100647 k=2 prompt_chars=4317
[item 1381/2000 | repeat 1] q_20471 skill=q_20471 topic=Mathematics -> Discrete Mathematics -> Logic
  -> call 2761/4000: q=q_20471 k=1 prompt_chars=1723
  -> call 2762/4000: q=q_20471 k=2 prompt_chars=3135
[item 1382/2000 | repeat 1] q_86557 skill=q_86557 topic=Mathematics -> Algebra -> Algebra -> Equation...
  -> call 2763/4000: q=q_86557 k=1 prompt_chars=2100
  -> call 2764/4000: q=q_86557 k=2 prompt_chars=3889
[item 1383/2000 | repeat 1] q_7367 skill=q_7367 topic=Mathematics -> Algebra -> Algebra -> Equation...
  -> call 2765/4000: q=q_7367 k=1 prompt_chars=2484
  -> call 2766/4000: q=q_7367 k=2 prompt_chars=4657
[item 1384/2000 | repeat 1] q_52258 skill=q_52258 topic=Mathematics -> Other
  -> call 2767/4000: q=q_52258 k=1 prompt_chars=2970
  -> call 2768/4000: q=q_52258 k=2 prompt_chars=5629
[item 1385/2000 | repeat 1] q_75880 skill=q_75880 topic=Mathematics -> Algebra -> Intermediate Algebr...
  -> call 2769/4000: q=q_75880 k=1 prompt_chars=2190
  -> call 2770/4000: q=q_75880 k=2 prompt_chars=4069
[item 1386/2000 | repeat 1] q_39097 skill=q_39097 topic=Mathematics -> Calculus -> Integral Calculus ...
  -> call 2771/4000: q=q_39097 k=1 prompt_chars=1876
  -> call 2772/4000: q=q_39097 k=2 prompt_chars=3441
[item 1387/2000 | repeat 1] q_85982 skill=q_85982 topic=Mathematics -> Algebra -> Algebra -> Equation...
  -> call 2773/4000: q=q_85982 k=1 prompt_chars=2035
  -> call 2774/4000: q=q_85982 k=2 prompt_chars=3759
[item 1388/2000 | repeat 1] q_24183 skill=q_24183 topic=Mathematics -> Calculus -> Integral Calculus ...
  -> call 2775/4000: q=q_24183 k=1 prompt_chars=1792
  -> call 2776/4000: q=q_24183 k=2 prompt_chars=3273
[item 1389/2000 | repeat 1] q_37443 skill=q_37443 topic=Mathematics -> Calculus -> Differential Calcu...
  -> call 2777/4000: q=q_37443 k=1 prompt_chars=2222
  -> call 2778/4000: q=q_37443 k=2 prompt_chars=4133
[item 1390/2000 | repeat 1] q_66935 skill=q_66935 topic=Mathematics -> Geometry -> Differential Geome...
  -> call 2779/4000: q=q_66935 k=1 prompt_chars=2595
  -> call 2780/4000: q=q_66935 k=2 prompt_chars=4879
[item 1391/2000 | repeat 1] q_52690 skill=q_52690 topic=Mathematics -> Other
  -> call 2781/4000: q=q_52690 k=1 prompt_chars=2227
  -> call 2782/4000: q=q_52690 k=2 prompt_chars=4143
[item 1392/2000 | repeat 1] q_2882 skill=q_2882 topic=Mathematics -> Applied Mathematics -> Statist...
  -> call 2783/4000: q=q_2882 k=1 prompt_chars=2039
  -> call 2784/4000: q=q_2882 k=2 prompt_chars=3767
[item 1393/2000 | repeat 1] q_87643 skill=q_87643 topic=Mathematics -> Algebra -> Prealgebra -> Integers
  -> call 2785/4000: q=q_87643 k=1 prompt_chars=1874
  -> call 2786/4000: q=q_87643 k=2 prompt_chars=3437
[item 1394/2000 | repeat 1] q_81959 skill=q_81959 topic=Mathematics -> Other
  -> call 2787/4000: q=q_81959 k=1 prompt_chars=2748
  -> call 2788/4000: q=q_81959 k=2 prompt_chars=5185
[item 1395/2000 | repeat 1] q_67750 skill=q_67750 topic=Mathematics -> Algebra -> Abstract Algebra ->...
  -> call 2789/4000: q=q_67750 k=1 prompt_chars=2131
  -> call 2790/4000: q=q_67750 k=2 prompt_chars=3951
[item 1396/2000 | repeat 1] q_17073 skill=q_17073 topic=Mathematics -> Calculus -> Differential Calcu...
  -> call 2791/4000: q=q_17073 k=1 prompt_chars=1974
  -> call 2792/4000: q=q_17073 k=2 prompt_chars=3637
[item 1397/2000 | repeat 1] q_28639 skill=q_28639 topic=Mathematics -> Applied Mathematics -> Statist...
  -> call 2793/4000: q=q_28639 k=1 prompt_chars=2140
  -> call 2794/4000: q=q_28639 k=2 prompt_chars=3969
[item 1398/2000 | repeat 1] q_17657 skill=q_17657 topic=Mathematics -> Calculus -> Other
  -> call 2795/4000: q=q_17657 k=1 prompt_chars=1812
  -> call 2796/4000: q=q_17657 k=2 prompt_chars=3313
[item 1399/2000 | repeat 1] q_90501 skill=q_90501 topic=Mathematics -> Geometry -> Plane Geometry -> ...
  -> call 2797/4000: q=q_90501 k=1 prompt_chars=2585
  -> call 2798/4000: q=q_90501 k=2 prompt_chars=4859
[item 1400/2000 | repeat 1] q_94934 skill=q_94934 topic=Mathematics -> Discrete Mathematics -> Combin...
  -> call 2799/4000: q=q_94934 k=1 prompt_chars=2471
  -> call 2800/4000: q=q_94934 k=2 prompt_chars=4631
[item 1401/2000 | repeat 1] q_13447 skill=q_13447 topic=Mathematics -> Applied Mathematics -> Statist...
  -> call 2801/4000: q=q_13447 k=1 prompt_chars=2471
  -> call 2802/4000: q=q_13447 k=2 prompt_chars=4631
[item 1402/2000 | repeat 1] q_16216 skill=q_16216 topic=Mathematics -> Geometry -> Solid Geometry -> ...
  -> call 2803/4000: q=q_16216 k=1 prompt_chars=2767
  -> call 2804/4000: q=q_16216 k=2 prompt_chars=5223
[item 1403/2000 | repeat 1] q_9054 skill=q_9054 topic=Mathematics -> Geometry -> Plane Geometry -> ...
  -> call 2805/4000: q=q_9054 k=1 prompt_chars=1939
  -> call 2806/4000: q=q_9054 k=2 prompt_chars=3567
[item 1404/2000 | repeat 1] q_95338 skill=q_95338 topic=Mathematics -> Applied Mathematics -> Math Wo...
  -> call 2807/4000: q=q_95338 k=1 prompt_chars=1858
  -> call 2808/4000: q=q_95338 k=2 prompt_chars=3405
[item 1405/2000 | repeat 1] q_14996 skill=q_14996 topic=Mathematics -> Applied Mathematics -> Statist...
  -> call 2809/4000: q=q_14996 k=1 prompt_chars=1752
  -> call 2810/4000: q=q_14996 k=2 prompt_chars=3193
[item 1406/2000 | repeat 1] q_28106 skill=q_28106 topic=Mathematics -> Other
  -> call 2811/4000: q=q_28106 k=1 prompt_chars=2068
  -> call 2812/4000: q=q_28106 k=2 prompt_chars=3825
[item 1407/2000 | repeat 1] q_13450 skill=q_13450 topic=Mathematics -> Algebra -> Abstract Algebra ->...
  -> call 2813/4000: q=q_13450 k=1 prompt_chars=2024
  -> call 2814/4000: q=q_13450 k=2 prompt_chars=3737
[item 1408/2000 | repeat 1] q_81266 skill=q_81266 topic=Mathematics -> Differential Equations -> Ordi...
  -> call 2815/4000: q=q_81266 k=1 prompt_chars=1993
  -> call 2816/4000: q=q_81266 k=2 prompt_chars=3675
[item 1409/2000 | repeat 1] q_51278 skill=q_51278 topic=Mathematics -> Number Theory -> Prime Numbers
  -> call 2817/4000: q=q_51278 k=1 prompt_chars=2000
  -> call 2818/4000: q=q_51278 k=2 prompt_chars=3689
[item 1410/2000 | repeat 1] q_16109 skill=q_16109 topic=Mathematics -> Geometry -> Plane Geometry -> ...
  -> call 2819/4000: q=q_16109 k=1 prompt_chars=2047
  -> call 2820/4000: q=q_16109 k=2 prompt_chars=3783
[item 1411/2000 | repeat 1] q_100317 skill=q_100317 topic=Mathematics -> Geometry -> Plane Geometry -> ...
  -> call 2821/4000: q=q_100317 k=1 prompt_chars=2704
  -> call 2822/4000: q=q_100317 k=2 prompt_chars=5097
[item 1412/2000 | repeat 1] q_101997 skill=q_101997 topic=Mathematics -> Geometry -> Solid Geometry -> ...
  -> call 2823/4000: q=q_101997 k=1 prompt_chars=1907
  -> call 2824/4000: q=q_101997 k=2 prompt_chars=3503
[item 1413/2000 | repeat 1] q_59711 skill=q_59711 topic=Mathematics -> Algebra -> Other
  -> call 2825/4000: q=q_59711 k=1 prompt_chars=1908
  -> call 2826/4000: q=q_59711 k=2 prompt_chars=3505
[item 1414/2000 | repeat 1] q_96829 skill=q_96829 topic=Mathematics -> Algebra -> Intermediate Algebr...
  -> call 2827/4000: q=q_96829 k=1 prompt_chars=1617
  -> call 2828/4000: q=q_96829 k=2 prompt_chars=2923
[item 1415/2000 | repeat 1] q_54033 skill=q_54033 topic=Mathematics -> Calculus -> Integral Calculus ...
  -> call 2829/4000: q=q_54033 k=1 prompt_chars=2479
  -> call 2830/4000: q=q_54033 k=2 prompt_chars=4647
[item 1416/2000 | repeat 1] q_18198 skill=q_18198 topic=Mathematics -> Number Theory -> Prime Numbers
  -> call 2831/4000: q=q_18198 k=1 prompt_chars=2008
  -> call 2832/4000: q=q_18198 k=2 prompt_chars=3705
[item 1417/2000 | repeat 1] q_68455 skill=q_68455 topic=Mathematics -> Algebra -> Abstract Algebra ->...
  -> call 2833/4000: q=q_68455 k=1 prompt_chars=2328
  -> call 2834/4000: q=q_68455 k=2 prompt_chars=4345
[item 1418/2000 | repeat 1] q_58615 skill=q_58615 topic=Mathematics -> Discrete Mathematics -> Logic
  -> call 2835/4000: q=q_58615 k=1 prompt_chars=1770
  -> call 2836/4000: q=q_58615 k=2 prompt_chars=3229
[item 1419/2000 | repeat 1] q_22754 skill=q_22754 topic=Mathematics -> Calculus -> Differential Calcu...
  -> call 2837/4000: q=q_22754 k=1 prompt_chars=1835
  -> call 2838/4000: q=q_22754 k=2 prompt_chars=3359
[item 1420/2000 | repeat 1] q_5867 skill=q_5867 topic=Mathematics -> Precalculus -> Limits
  -> call 2839/4000: q=q_5867 k=1 prompt_chars=1805
  -> call 2840/4000: q=q_5867 k=2 prompt_chars=3299
[item 1421/2000 | repeat 1] q_34024 skill=q_34024 topic=Mathematics -> Calculus -> Differential Calcu...
  -> call 2841/4000: q=q_34024 k=1 prompt_chars=1823
  -> call 2842/4000: q=q_34024 k=2 prompt_chars=3335
[item 1422/2000 | repeat 1] q_79068 skill=q_79068 topic=Mathematics -> Precalculus -> Limits
  -> call 2843/4000: q=q_79068 k=1 prompt_chars=2151
  -> call 2844/4000: q=q_79068 k=2 prompt_chars=3991
[item 1423/2000 | repeat 1] q_48383 skill=q_48383 topic=Mathematics -> Precalculus -> Limits
  -> call 2845/4000: q=q_48383 k=1 prompt_chars=2115
  -> call 2846/4000: q=q_48383 k=2 prompt_chars=3919
[item 1424/2000 | repeat 1] q_101112 skill=q_101112 topic=Mathematics -> Precalculus -> Trigonometric F...
  -> call 2847/4000: q=q_101112 k=1 prompt_chars=1960
  -> call 2848/4000: q=q_101112 k=2 prompt_chars=3609
[item 1425/2000 | repeat 1] q_40089 skill=q_40089 topic=Mathematics -> Calculus -> Differential Calcu...
  -> call 2849/4000: q=q_40089 k=1 prompt_chars=1805
  -> call 2850/4000: q=q_40089 k=2 prompt_chars=3299
[item 1426/2000 | repeat 1] q_98709 skill=q_98709 topic=Mathematics -> Algebra -> Prealgebra -> Integers
  -> call 2851/4000: q=q_98709 k=1 prompt_chars=1875
  -> call 2852/4000: q=q_98709 k=2 prompt_chars=3439
[item 1427/2000 | repeat 1] q_89333 skill=q_89333 topic=Mathematics -> Discrete Mathematics -> Combin...
  -> call 2853/4000: q=q_89333 k=1 prompt_chars=1757
  -> call 2854/4000: q=q_89333 k=2 prompt_chars=3203
[item 1428/2000 | repeat 1] q_49533 skill=q_49533 topic=Mathematics -> Other
  -> call 2855/4000: q=q_49533 k=1 prompt_chars=2176
  -> call 2856/4000: q=q_49533 k=2 prompt_chars=4041
[item 1429/2000 | repeat 1] q_52238 skill=q_52238 topic=Mathematics -> Precalculus -> Trigonometric F...
  -> call 2857/4000: q=q_52238 k=1 prompt_chars=2085
  -> call 2858/4000: q=q_52238 k=2 prompt_chars=3859
[item 1430/2000 | repeat 1] q_38593 skill=q_38593 topic=Mathematics -> Number Theory -> Congruences
  -> call 2859/4000: q=q_38593 k=1 prompt_chars=2134
  -> call 2860/4000: q=q_38593 k=2 prompt_chars=3957
[item 1431/2000 | repeat 1] q_9939 skill=q_9939 topic=Mathematics -> Differential Equations -> Ordi...
  -> call 2861/4000: q=q_9939 k=1 prompt_chars=2237
  -> call 2862/4000: q=q_9939 k=2 prompt_chars=4163
[item 1432/2000 | repeat 1] q_63181 skill=q_63181 topic=Mathematics -> Precalculus -> Limits
  -> call 2863/4000: q=q_63181 k=1 prompt_chars=1810
  -> call 2864/4000: q=q_63181 k=2 prompt_chars=3309
[item 1433/2000 | repeat 1] q_41248 skill=q_41248 topic=Mathematics -> Algebra -> Linear Algebra -> M...
  -> call 2865/4000: q=q_41248 k=1 prompt_chars=2144
  -> call 2866/4000: q=q_41248 k=2 prompt_chars=3977
[item 1434/2000 | repeat 1] q_39286 skill=q_39286 topic=Mathematics -> Algebra -> Linear Algebra -> M...
  -> call 2867/4000: q=q_39286 k=1 prompt_chars=2277
  -> call 2868/4000: q=q_39286 k=2 prompt_chars=4243
[item 1435/2000 | repeat 1] q_92766 skill=q_92766 topic=Mathematics -> Geometry -> Solid Geometry -> ...
  -> call 2869/4000: q=q_92766 k=1 prompt_chars=2239
  -> call 2870/4000: q=q_92766 k=2 prompt_chars=4167
[item 1436/2000 | repeat 1] q_75265 skill=q_75265 topic=Mathematics -> Calculus -> Differential Calcu...
  -> call 2871/4000: q=q_75265 k=1 prompt_chars=1591
  -> call 2872/4000: q=q_75265 k=2 prompt_chars=2871
[item 1437/2000 | repeat 1] q_16010 skill=q_16010 topic=Mathematics -> Algebra -> Intermediate Algebr...
  -> call 2873/4000: q=q_16010 k=1 prompt_chars=1639
  -> call 2874/4000: q=q_16010 k=2 prompt_chars=2967
[item 1438/2000 | repeat 1] q_40068 skill=q_40068 topic=Mathematics -> Precalculus -> Limits
  -> call 2875/4000: q=q_40068 k=1 prompt_chars=2323
  -> call 2876/4000: q=q_40068 k=2 prompt_chars=4335
[item 1439/2000 | repeat 1] q_9173 skill=q_9173 topic=Mathematics -> Calculus -> Integral Calculus ...
  -> call 2877/4000: q=q_9173 k=1 prompt_chars=2209
  -> call 2878/4000: q=q_9173 k=2 prompt_chars=4107
[item 1440/2000 | repeat 1] q_95033 skill=q_95033 topic=Mathematics -> Algebra -> Linear Algebra -> V...
  -> call 2879/4000: q=q_95033 k=1 prompt_chars=1957
  -> call 2880/4000: q=q_95033 k=2 prompt_chars=3603
[item 1441/2000 | repeat 1] q_43608 skill=q_43608 topic=Mathematics -> Algebra -> Algebra -> Equation...
  -> call 2881/4000: q=q_43608 k=1 prompt_chars=2220
  -> call 2882/4000: q=q_43608 k=2 prompt_chars=4129
[item 1442/2000 | repeat 1] q_74922 skill=q_74922 topic=Mathematics -> Algebra -> Linear Algebra -> M...
  -> call 2883/4000: q=q_74922 k=1 prompt_chars=1964
  -> call 2884/4000: q=q_74922 k=2 prompt_chars=3617
[item 1443/2000 | repeat 1] q_100643 skill=q_100643 topic=Mathematics -> Discrete Mathematics -> Combin...
  -> call 2885/4000: q=q_100643 k=1 prompt_chars=2509
  -> call 2886/4000: q=q_100643 k=2 prompt_chars=4707
[item 1444/2000 | repeat 1] q_100124 skill=q_100124 topic=Mathematics -> Algebra -> Intermediate Algebr...
  -> call 2887/4000: q=q_100124 k=1 prompt_chars=2264
  -> call 2888/4000: q=q_100124 k=2 prompt_chars=4217
[item 1445/2000 | repeat 1] q_44490 skill=q_44490 topic=Mathematics -> Algebra -> Algebra -> Polynomi...
  -> call 2889/4000: q=q_44490 k=1 prompt_chars=2016
  -> call 2890/4000: q=q_44490 k=2 prompt_chars=3721
[item 1446/2000 | repeat 1] q_30983 skill=q_30983 topic=Mathematics -> Discrete Mathematics -> Combin...
  -> call 2891/4000: q=q_30983 k=1 prompt_chars=2261
  -> call 2892/4000: q=q_30983 k=2 prompt_chars=4211
[item 1447/2000 | repeat 1] q_29806 skill=q_29806 topic=Mathematics -> Number Theory -> Congruences
  -> call 2893/4000: q=q_29806 k=1 prompt_chars=2031
  -> call 2894/4000: q=q_29806 k=2 prompt_chars=3751
[item 1448/2000 | repeat 1] q_71696 skill=q_71696 topic=Mathematics -> Algebra -> Abstract Algebra ->...
  -> call 2895/4000: q=q_71696 k=1 prompt_chars=2575
  -> call 2896/4000: q=q_71696 k=2 prompt_chars=4839
[item 1449/2000 | repeat 1] q_101210 skill=q_101210 topic=Mathematics -> Geometry -> Solid Geometry -> ...
  -> call 2897/4000: q=q_101210 k=1 prompt_chars=2057
  -> call 2898/4000: q=q_101210 k=2 prompt_chars=3803
[item 1450/2000 | repeat 1] q_15777 skill=q_15777 topic=Mathematics -> Algebra -> Intermediate Algebr...
  -> call 2899/4000: q=q_15777 k=1 prompt_chars=1976
  -> call 2900/4000: q=q_15777 k=2 prompt_chars=3641
[item 1451/2000 | repeat 1] q_70953 skill=q_70953 topic=Mathematics -> Calculus -> Differential Calcu...
  -> call 2901/4000: q=q_70953 k=1 prompt_chars=2066
  -> call 2902/4000: q=q_70953 k=2 prompt_chars=3821
[item 1452/2000 | repeat 1] q_69081 skill=q_69081 topic=Mathematics -> Other
  -> call 2903/4000: q=q_69081 k=1 prompt_chars=2322
  -> call 2904/4000: q=q_69081 k=2 prompt_chars=4333
[item 1453/2000 | repeat 1] q_29268 skill=q_29268 topic=Mathematics -> Calculus -> Integral Calculus ...
  -> call 2905/4000: q=q_29268 k=1 prompt_chars=2620
  -> call 2906/4000: q=q_29268 k=2 prompt_chars=4929
[item 1454/2000 | repeat 1] q_87780 skill=q_87780 topic=Mathematics -> Algebra -> Algebra -> Equation...
  -> call 2907/4000: q=q_87780 k=1 prompt_chars=2436
  -> call 2908/4000: q=q_87780 k=2 prompt_chars=4561
[item 1455/2000 | repeat 1] q_71600 skill=q_71600 topic=Mathematics -> Applied Mathematics -> Statist...
  -> call 2909/4000: q=q_71600 k=1 prompt_chars=1753
  -> call 2910/4000: q=q_71600 k=2 prompt_chars=3195
[item 1456/2000 | repeat 1] q_14902 skill=q_14902 topic=Mathematics -> Calculus -> Integral Calculus ...
  -> call 2911/4000: q=q_14902 k=1 prompt_chars=2006
  -> call 2912/4000: q=q_14902 k=2 prompt_chars=3701
[item 1457/2000 | repeat 1] q_41182 skill=q_41182 topic=Mathematics -> Discrete Mathematics -> Combin...
  -> call 2913/4000: q=q_41182 k=1 prompt_chars=2099
  -> call 2914/4000: q=q_41182 k=2 prompt_chars=3887
[item 1458/2000 | repeat 1] q_15903 skill=q_15903 topic=Mathematics -> Calculus -> Integral Calculus ...
  -> call 2915/4000: q=q_15903 k=1 prompt_chars=1875
  -> call 2916/4000: q=q_15903 k=2 prompt_chars=3439
[item 1459/2000 | repeat 1] q_65320 skill=q_65320 topic=Mathematics -> Geometry -> Solid Geometry -> ...
  -> call 2917/4000: q=q_65320 k=1 prompt_chars=2258
  -> call 2918/4000: q=q_65320 k=2 prompt_chars=4205
[item 1460/2000 | repeat 1] q_14906 skill=q_14906 topic=Mathematics -> Algebra -> Algebra -> Equation...
  -> call 2919/4000: q=q_14906 k=1 prompt_chars=1986
  -> call 2920/4000: q=q_14906 k=2 prompt_chars=3661
[item 1461/2000 | repeat 1] q_96204 skill=q_96204 topic=Mathematics -> Number Theory -> Prime Numbers
  -> call 2921/4000: q=q_96204 k=1 prompt_chars=1782
  -> call 2922/4000: q=q_96204 k=2 prompt_chars=3253
[item 1462/2000 | repeat 1] q_69669 skill=q_69669 topic=Mathematics -> Algebra -> Abstract Algebra ->...
  -> call 2923/4000: q=q_69669 k=1 prompt_chars=2067
  -> call 2924/4000: q=q_69669 k=2 prompt_chars=3823
[item 1463/2000 | repeat 1] q_12245 skill=q_12245 topic=Mathematics -> Calculus -> Integral Calculus ...
  -> call 2925/4000: q=q_12245 k=1 prompt_chars=1907
  -> call 2926/4000: q=q_12245 k=2 prompt_chars=3503
[item 1464/2000 | repeat 1] q_76575 skill=q_76575 topic=Mathematics -> Calculus -> Integral Calculus ...
  -> call 2927/4000: q=q_76575 k=1 prompt_chars=2042
  -> call 2928/4000: q=q_76575 k=2 prompt_chars=3773
[item 1465/2000 | repeat 1] q_4081 skill=q_4081 topic=Mathematics -> Calculus -> Differential Calcu...
  -> call 2929/4000: q=q_4081 k=1 prompt_chars=2044
  -> call 2930/4000: q=q_4081 k=2 prompt_chars=3777
[item 1466/2000 | repeat 1] q_101706 skill=q_101706 topic=Mathematics -> Geometry -> Plane Geometry -> ...
  -> call 2931/4000: q=q_101706 k=1 prompt_chars=1665
  -> call 2932/4000: q=q_101706 k=2 prompt_chars=3019
[item 1467/2000 | repeat 1] q_54628 skill=q_54628 topic=Mathematics -> Applied Mathematics -> Statist...
  -> call 2933/4000: q=q_54628 k=1 prompt_chars=2545
  -> call 2934/4000: q=q_54628 k=2 prompt_chars=4779
[item 1468/2000 | repeat 1] q_42048 skill=q_42048 topic=Mathematics -> Calculus -> Integral Calculus ...
  -> call 2935/4000: q=q_42048 k=1 prompt_chars=2243
  -> call 2936/4000: q=q_42048 k=2 prompt_chars=4175
[item 1469/2000 | repeat 1] q_58497 skill=q_58497 topic=Mathematics -> Calculus -> Integral Calculus ...
  -> call 2937/4000: q=q_58497 k=1 prompt_chars=1679
  -> call 2938/4000: q=q_58497 k=2 prompt_chars=3047
[item 1470/2000 | repeat 1] q_6614 skill=q_6614 topic=Mathematics -> Discrete Mathematics -> Logic
  -> call 2939/4000: q=q_6614 k=1 prompt_chars=1800
  -> call 2940/4000: q=q_6614 k=2 prompt_chars=3289
[item 1471/2000 | repeat 1] q_21502 skill=q_21502 topic=Mathematics -> Calculus -> Integral Calculus ...
  -> call 2941/4000: q=q_21502 k=1 prompt_chars=2393
  -> call 2942/4000: q=q_21502 k=2 prompt_chars=4475
[item 1472/2000 | repeat 1] q_45202 skill=q_45202 topic=Mathematics -> Other
  -> call 2943/4000: q=q_45202 k=1 prompt_chars=2560
  -> call 2944/4000: q=q_45202 k=2 prompt_chars=4809
[item 1473/2000 | repeat 1] q_65972 skill=q_65972 topic=Mathematics -> Calculus -> Integral Calculus ...
  -> call 2945/4000: q=q_65972 k=1 prompt_chars=1897
  -> call 2946/4000: q=q_65972 k=2 prompt_chars=3483
[item 1474/2000 | repeat 1] q_33872 skill=q_33872 topic=Mathematics -> Algebra -> Intermediate Algebr...
  -> call 2947/4000: q=q_33872 k=1 prompt_chars=2525
  -> call 2948/4000: q=q_33872 k=2 prompt_chars=4739
[item 1475/2000 | repeat 1] q_99447 skill=q_99447 topic=Mathematics -> Number Theory -> Congruences
  -> call 2949/4000: q=q_99447 k=1 prompt_chars=2136
  -> call 2950/4000: q=q_99447 k=2 prompt_chars=3961
[item 1476/2000 | repeat 1] q_4529 skill=q_4529 topic=Mathematics -> Number Theory -> Congruences
  -> call 2951/4000: q=q_4529 k=1 prompt_chars=1927
  -> call 2952/4000: q=q_4529 k=2 prompt_chars=3543
[item 1477/2000 | repeat 1] q_8811 skill=q_8811 topic=Mathematics -> Calculus -> Integral Calculus ...
  -> call 2953/4000: q=q_8811 k=1 prompt_chars=2528
  -> call 2954/4000: q=q_8811 k=2 prompt_chars=4745
[item 1478/2000 | repeat 1] q_69959 skill=q_69959 topic=Mathematics -> Algebra -> Abstract Algebra ->...
  -> call 2955/4000: q=q_69959 k=1 prompt_chars=1914
  -> call 2956/4000: q=q_69959 k=2 prompt_chars=3517
[item 1479/2000 | repeat 1] q_18081 skill=q_18081 topic=Mathematics -> Other
  -> call 2957/4000: q=q_18081 k=1 prompt_chars=1694
  -> call 2958/4000: q=q_18081 k=2 prompt_chars=3077
[item 1480/2000 | repeat 1] q_2626 skill=q_2626 topic=Mathematics -> Applied Mathematics -> Statist...
  -> call 2959/4000: q=q_2626 k=1 prompt_chars=2248
  -> call 2960/4000: q=q_2626 k=2 prompt_chars=4185
[item 1481/2000 | repeat 1] q_65842 skill=q_65842 topic=Mathematics -> Precalculus -> Limits
  -> call 2961/4000: q=q_65842 k=1 prompt_chars=1922
  -> call 2962/4000: q=q_65842 k=2 prompt_chars=3533
[item 1482/2000 | repeat 1] q_15942 skill=q_15942 topic=Mathematics -> Algebra -> Linear Algebra -> M...
  -> call 2963/4000: q=q_15942 k=1 prompt_chars=2322
  -> call 2964/4000: q=q_15942 k=2 prompt_chars=4333
[item 1483/2000 | repeat 1] q_44474 skill=q_44474 topic=Mathematics -> Precalculus -> Limits
  -> call 2965/4000: q=q_44474 k=1 prompt_chars=1890
  -> call 2966/4000: q=q_44474 k=2 prompt_chars=3469
[item 1484/2000 | repeat 1] q_34984 skill=q_34984 topic=Mathematics -> Differential Equations -> Ordi...
  -> call 2967/4000: q=q_34984 k=1 prompt_chars=2183
  -> call 2968/4000: q=q_34984 k=2 prompt_chars=4055
[item 1485/2000 | repeat 1] q_56908 skill=q_56908 topic=Mathematics -> Calculus -> Differential Calcu...
  -> call 2969/4000: q=q_56908 k=1 prompt_chars=2229
  -> call 2970/4000: q=q_56908 k=2 prompt_chars=4147
[item 1486/2000 | repeat 1] q_87006 skill=q_87006 topic=Mathematics -> Algebra -> Intermediate Algebr...
  -> call 2971/4000: q=q_87006 k=1 prompt_chars=2308
  -> call 2972/4000: q=q_87006 k=2 prompt_chars=4305
[item 1487/2000 | repeat 1] q_28281 skill=q_28281 topic=Mathematics -> Calculus -> Differential Calcu...
  -> call 2973/4000: q=q_28281 k=1 prompt_chars=1854
  -> call 2974/4000: q=q_28281 k=2 prompt_chars=3397
[item 1488/2000 | repeat 1] q_57869 skill=q_57869 topic=Mathematics -> Calculus -> Integral Calculus ...
  -> call 2975/4000: q=q_57869 k=1 prompt_chars=2034
  -> call 2976/4000: q=q_57869 k=2 prompt_chars=3757
[item 1489/2000 | repeat 1] q_72025 skill=q_72025 topic=Mathematics -> Precalculus -> Limits
  -> call 2977/4000: q=q_72025 k=1 prompt_chars=1888
  -> call 2978/4000: q=q_72025 k=2 prompt_chars=3465
[item 1490/2000 | repeat 1] q_8857 skill=q_8857 topic=Mathematics -> Applied Mathematics -> Statist...
  -> call 2979/4000: q=q_8857 k=1 prompt_chars=1845
  -> call 2980/4000: q=q_8857 k=2 prompt_chars=3379
[item 1491/2000 | repeat 1] q_11357 skill=q_11357 topic=Mathematics -> Algebra -> Abstract Algebra ->...
  -> call 2981/4000: q=q_11357 k=1 prompt_chars=2222
  -> call 2982/4000: q=q_11357 k=2 prompt_chars=4133
[item 1492/2000 | repeat 1] q_53784 skill=q_53784 topic=Mathematics -> Precalculus -> Limits
  -> call 2983/4000: q=q_53784 k=1 prompt_chars=2370
  -> call 2984/4000: q=q_53784 k=2 prompt_chars=4429
[item 1493/2000 | repeat 1] q_66940 skill=q_66940 topic=Mathematics -> Precalculus -> Limits
  -> call 2985/4000: q=q_66940 k=1 prompt_chars=2014
  -> call 2986/4000: q=q_66940 k=2 prompt_chars=3717
[item 1494/2000 | repeat 1] q_35647 skill=q_35647 topic=Mathematics -> Geometry -> Plane Geometry -> ...
  -> call 2987/4000: q=q_35647 k=1 prompt_chars=2277
  -> call 2988/4000: q=q_35647 k=2 prompt_chars=4243
[item 1495/2000 | repeat 1] q_9871 skill=q_9871 topic=Mathematics -> Calculus -> Integral Calculus ...
  -> call 2989/4000: q=q_9871 k=1 prompt_chars=1959
  -> call 2990/4000: q=q_9871 k=2 prompt_chars=3607
[item 1496/2000 | repeat 1] q_72139 skill=q_72139 topic=Mathematics -> Precalculus -> Limits
  -> call 2991/4000: q=q_72139 k=1 prompt_chars=2149
  -> call 2992/4000: q=q_72139 k=2 prompt_chars=3987
[item 1497/2000 | repeat 1] q_70123 skill=q_70123 topic=Mathematics -> Algebra -> Intermediate Algebr...
  -> call 2993/4000: q=q_70123 k=1 prompt_chars=2223
  -> call 2994/4000: q=q_70123 k=2 prompt_chars=4135
[item 1498/2000 | repeat 1] q_77658 skill=q_77658 topic=Mathematics -> Calculus -> Integral Calculus ...
  -> call 2995/4000: q=q_77658 k=1 prompt_chars=1846
  -> call 2996/4000: q=q_77658 k=2 prompt_chars=3381
[item 1499/2000 | repeat 1] q_89590 skill=q_89590 topic=Mathematics -> Geometry -> Plane Geometry -> ...
  -> call 2997/4000: q=q_89590 k=1 prompt_chars=2287
  -> call 2998/4000: q=q_89590 k=2 prompt_chars=4263
[item 1500/2000 | repeat 1] q_51345 skill=q_51345 topic=Mathematics -> Algebra -> Algebra -> Equation...
  -> call 2999/4000: q=q_51345 k=1 prompt_chars=2206
  -> call 3000/4000: q=q_51345 k=2 prompt_chars=4101
[item 1501/2000 | repeat 1] q_100906 skill=q_100906 topic=Mathematics -> Calculus -> Integral Calculus ...
  -> call 3001/4000: q=q_100906 k=1 prompt_chars=2055
  -> call 3002/4000: q=q_100906 k=2 prompt_chars=3799
[item 1502/2000 | repeat 1] q_24376 skill=q_24376 topic=Mathematics -> Number Theory -> Congruences
  -> call 3003/4000: q=q_24376 k=1 prompt_chars=1962
  -> call 3004/4000: q=q_24376 k=2 prompt_chars=3613
[item 1503/2000 | repeat 1] q_31834 skill=q_31834 topic=Mathematics -> Number Theory -> Prime Numbers
  -> call 3005/4000: q=q_31834 k=1 prompt_chars=2071
  -> call 3006/4000: q=q_31834 k=2 prompt_chars=3831
[item 1504/2000 | repeat 1] q_38059 skill=q_38059 topic=Mathematics -> Algebra -> Linear Algebra -> V...
  -> call 3007/4000: q=q_38059 k=1 prompt_chars=2201
  -> call 3008/4000: q=q_38059 k=2 prompt_chars=4091
[item 1505/2000 | repeat 1] q_19130 skill=q_19130 topic=Mathematics -> Number Theory -> Congruences
  -> call 3009/4000: q=q_19130 k=1 prompt_chars=1824
  -> call 3010/4000: q=q_19130 k=2 prompt_chars=3337
[item 1506/2000 | repeat 1] q_80188 skill=q_80188 topic=Mathematics -> Algebra -> Algebra -> Algebrai...
  -> call 3011/4000: q=q_80188 k=1 prompt_chars=1890
  -> call 3012/4000: q=q_80188 k=2 prompt_chars=3469
[item 1507/2000 | repeat 1] q_61817 skill=q_61817 topic=Mathematics -> Algebra -> Intermediate Algebr...
  -> call 3013/4000: q=q_61817 k=1 prompt_chars=2031
  -> call 3014/4000: q=q_61817 k=2 prompt_chars=3751
[item 1508/2000 | repeat 1] q_69010 skill=q_69010 topic=Mathematics -> Number Theory -> Factorization
  -> call 3015/4000: q=q_69010 k=1 prompt_chars=2357
  -> call 3016/4000: q=q_69010 k=2 prompt_chars=4403
[item 1509/2000 | repeat 1] q_71322 skill=q_71322 topic=Mathematics -> Precalculus -> Limits
  -> call 3017/4000: q=q_71322 k=1 prompt_chars=2138
  -> call 3018/4000: q=q_71322 k=2 prompt_chars=3965
[item 1510/2000 | repeat 1] q_17948 skill=q_17948 topic=Mathematics -> Algebra -> Linear Algebra -> M...
  -> call 3019/4000: q=q_17948 k=1 prompt_chars=2096
  -> call 3020/4000: q=q_17948 k=2 prompt_chars=3881
[item 1511/2000 | repeat 1] q_12348 skill=q_12348 topic=Mathematics -> Algebra -> Prealgebra -> Integers
  -> call 3021/4000: q=q_12348 k=1 prompt_chars=2531
  -> call 3022/4000: q=q_12348 k=2 prompt_chars=4751
[item 1512/2000 | repeat 1] q_34083 skill=q_34083 topic=Mathematics -> Applied Mathematics -> Statist...
  -> call 3023/4000: q=q_34083 k=1 prompt_chars=1957
  -> call 3024/4000: q=q_34083 k=2 prompt_chars=3603
[item 1513/2000 | repeat 1] q_85125 skill=q_85125 topic=Mathematics -> Geometry -> Plane Geometry -> ...
  -> call 3025/4000: q=q_85125 k=1 prompt_chars=2404
  -> call 3026/4000: q=q_85125 k=2 prompt_chars=4497
[item 1514/2000 | repeat 1] q_87433 skill=q_87433 topic=Mathematics -> Algebra -> Linear Algebra -> V...
  -> call 3027/4000: q=q_87433 k=1 prompt_chars=2329
  -> call 3028/4000: q=q_87433 k=2 prompt_chars=4347
[item 1515/2000 | repeat 1] q_102721 skill=q_102721 topic=Mathematics -> Applied Mathematics -> Math Wo...
  -> call 3029/4000: q=q_102721 k=1 prompt_chars=2058
  -> call 3030/4000: q=q_102721 k=2 prompt_chars=3805
[item 1516/2000 | repeat 1] q_68233 skill=q_68233 topic=Mathematics -> Calculus -> Integral Calculus ...
  -> call 3031/4000: q=q_68233 k=1 prompt_chars=1824
  -> call 3032/4000: q=q_68233 k=2 prompt_chars=3337
[item 1517/2000 | repeat 1] q_92918 skill=q_92918 topic=Mathematics -> Algebra -> Intermediate Algebr...
  -> call 3033/4000: q=q_92918 k=1 prompt_chars=2082
  -> call 3034/4000: q=q_92918 k=2 prompt_chars=3853
[item 1518/2000 | repeat 1] q_57419 skill=q_57419 topic=Mathematics -> Algebra -> Algebra -> Algebrai...
  -> call 3035/4000: q=q_57419 k=1 prompt_chars=2016
  -> call 3036/4000: q=q_57419 k=2 prompt_chars=3721
[item 1519/2000 | repeat 1] q_59799 skill=q_59799 topic=Mathematics -> Calculus -> Integral Calculus ...
  -> call 3037/4000: q=q_59799 k=1 prompt_chars=2668
  -> call 3038/4000: q=q_59799 k=2 prompt_chars=5025
[item 1520/2000 | repeat 1] q_62378 skill=q_62378 topic=Mathematics -> Algebra -> Abstract Algebra ->...
  -> call 3039/4000: q=q_62378 k=1 prompt_chars=2093
  -> call 3040/4000: q=q_62378 k=2 prompt_chars=3875
[item 1521/2000 | repeat 1] q_93433 skill=q_93433 topic=Mathematics -> Algebra -> Abstract Algebra ->...
  -> call 3041/4000: q=q_93433 k=1 prompt_chars=2430
  -> call 3042/4000: q=q_93433 k=2 prompt_chars=4549
[item 1522/2000 | repeat 1] q_14129 skill=q_14129 topic=Mathematics -> Algebra -> Intermediate Algebr...
  -> call 3043/4000: q=q_14129 k=1 prompt_chars=1760
  -> call 3044/4000: q=q_14129 k=2 prompt_chars=3209
[item 1523/2000 | repeat 1] q_31845 skill=q_31845 topic=Mathematics -> Calculus -> Integral Calculus ...
  -> call 3045/4000: q=q_31845 k=1 prompt_chars=2389
  -> call 3046/4000: q=q_31845 k=2 prompt_chars=4467
[item 1524/2000 | repeat 1] q_28649 skill=q_28649 topic=Mathematics -> Calculus -> Differential Calcu...
  -> call 3047/4000: q=q_28649 k=1 prompt_chars=2167
  -> call 3048/4000: q=q_28649 k=2 prompt_chars=4023
[item 1525/2000 | repeat 1] q_65837 skill=q_65837 topic=Mathematics -> Algebra -> Linear Algebra -> M...
  -> call 3049/4000: q=q_65837 k=1 prompt_chars=2703
  -> call 3050/4000: q=q_65837 k=2 prompt_chars=5095
[item 1526/2000 | repeat 1] q_15554 skill=q_15554 topic=Mathematics -> Calculus -> Integral Calculus ...
  -> call 3051/4000: q=q_15554 k=1 prompt_chars=1546
  -> call 3052/4000: q=q_15554 k=2 prompt_chars=2781
[item 1527/2000 | repeat 1] q_76467 skill=q_76467 topic=Mathematics -> Other
  -> call 3053/4000: q=q_76467 k=1 prompt_chars=2095
  -> call 3054/4000: q=q_76467 k=2 prompt_chars=3879
[item 1528/2000 | repeat 1] q_97169 skill=q_97169 topic=Mathematics -> Algebra -> Intermediate Algebr...
  -> call 3055/4000: q=q_97169 k=1 prompt_chars=1706
  -> call 3056/4000: q=q_97169 k=2 prompt_chars=3101
[item 1529/2000 | repeat 1] q_6795 skill=q_6795 topic=Mathematics -> Calculus -> Integral Calculus ...
  -> call 3057/4000: q=q_6795 k=1 prompt_chars=2012
  -> call 3058/4000: q=q_6795 k=2 prompt_chars=3713
[item 1530/2000 | repeat 1] q_40825 skill=q_40825 topic=Mathematics -> Applied Mathematics -> Statist...
  -> call 3059/4000: q=q_40825 k=1 prompt_chars=1845
  -> call 3060/4000: q=q_40825 k=2 prompt_chars=3379
[item 1531/2000 | repeat 1] q_4144 skill=q_4144 topic=Mathematics -> Calculus -> Integral Calculus ...
  -> call 3061/4000: q=q_4144 k=1 prompt_chars=2344
  -> call 3062/4000: q=q_4144 k=2 prompt_chars=4377
[item 1532/2000 | repeat 1] q_25370 skill=q_25370 topic=Mathematics -> Algebra -> Linear Algebra -> M...
  -> call 3063/4000: q=q_25370 k=1 prompt_chars=2172
  -> call 3064/4000: q=q_25370 k=2 prompt_chars=4033
[item 1533/2000 | repeat 1] q_38494 skill=q_38494 topic=Mathematics -> Algebra -> Algebra -> Polynomi...
  -> call 3065/4000: q=q_38494 k=1 prompt_chars=1809
  -> call 3066/4000: q=q_38494 k=2 prompt_chars=3307
[item 1534/2000 | repeat 1] q_26508 skill=q_26508 topic=Mathematics -> Calculus -> Differential Calcu...
  -> call 3067/4000: q=q_26508 k=1 prompt_chars=2703
  -> call 3068/4000: q=q_26508 k=2 prompt_chars=5095
[item 1535/2000 | repeat 1] q_68353 skill=q_68353 topic=Mathematics -> Applied Mathematics -> Statist...
  -> call 3069/4000: q=q_68353 k=1 prompt_chars=2210
  -> call 3070/4000: q=q_68353 k=2 prompt_chars=4109
[item 1536/2000 | repeat 1] q_46949 skill=q_46949 topic=Mathematics -> Algebra -> Abstract Algebra ->...
  -> call 3071/4000: q=q_46949 k=1 prompt_chars=2291
  -> call 3072/4000: q=q_46949 k=2 prompt_chars=4271
[item 1537/2000 | repeat 1] q_100565 skill=q_100565 topic=Mathematics -> Algebra -> Intermediate Algebr...
  -> call 3073/4000: q=q_100565 k=1 prompt_chars=1960
  -> call 3074/4000: q=q_100565 k=2 prompt_chars=3609
[item 1538/2000 | repeat 1] q_85711 skill=q_85711 topic=Mathematics -> Number Theory -> Congruences
  -> call 3075/4000: q=q_85711 k=1 prompt_chars=2171
  -> call 3076/4000: q=q_85711 k=2 prompt_chars=4031
[item 1539/2000 | repeat 1] q_16633 skill=q_16633 topic=Mathematics -> Geometry -> Differential Geome...
  -> call 3077/4000: q=q_16633 k=1 prompt_chars=2439
  -> call 3078/4000: q=q_16633 k=2 prompt_chars=4567
[item 1540/2000 | repeat 1] q_46957 skill=q_46957 topic=Mathematics -> Calculus -> Differential Calcu...
  -> call 3079/4000: q=q_46957 k=1 prompt_chars=1875
  -> call 3080/4000: q=q_46957 k=2 prompt_chars=3439
[item 1541/2000 | repeat 1] q_29475 skill=q_29475 topic=Mathematics -> Calculus -> Integral Calculus ...
  -> call 3081/4000: q=q_29475 k=1 prompt_chars=2243
  -> call 3082/4000: q=q_29475 k=2 prompt_chars=4175
[item 1542/2000 | repeat 1] q_25034 skill=q_25034 topic=Mathematics -> Calculus -> Integral Calculus ...
  -> call 3083/4000: q=q_25034 k=1 prompt_chars=2309
  -> call 3084/4000: q=q_25034 k=2 prompt_chars=4307
[item 1543/2000 | repeat 1] q_76333 skill=q_76333 topic=Mathematics -> Calculus -> Differential Calcu...
  -> call 3085/4000: q=q_76333 k=1 prompt_chars=2203
  -> call 3086/4000: q=q_76333 k=2 prompt_chars=4095
[item 1544/2000 | repeat 1] q_85363 skill=q_85363 topic=Mathematics -> Number Theory -> Greatest Comm...
  -> call 3087/4000: q=q_85363 k=1 prompt_chars=2265
  -> call 3088/4000: q=q_85363 k=2 prompt_chars=4219
[item 1545/2000 | repeat 1] q_79161 skill=q_79161 topic=Mathematics -> Calculus -> Integral Calculus ...
  -> call 3089/4000: q=q_79161 k=1 prompt_chars=2147
  -> call 3090/4000: q=q_79161 k=2 prompt_chars=3983
[item 1546/2000 | repeat 1] q_33965 skill=q_33965 topic=Mathematics -> Differential Equations -> Part...
  -> call 3091/4000: q=q_33965 k=1 prompt_chars=2180
  -> call 3092/4000: q=q_33965 k=2 prompt_chars=4049
[item 1547/2000 | repeat 1] q_23637 skill=q_23637 topic=Mathematics -> Algebra -> Intermediate Algebr...
  -> call 3093/4000: q=q_23637 k=1 prompt_chars=2370
  -> call 3094/4000: q=q_23637 k=2 prompt_chars=4429
[item 1548/2000 | repeat 1] q_11559 skill=q_11559 topic=Mathematics -> Calculus -> Differential Calcu...
  -> call 3095/4000: q=q_11559 k=1 prompt_chars=2406
  -> call 3096/4000: q=q_11559 k=2 prompt_chars=4501
[item 1549/2000 | repeat 1] q_74196 skill=q_74196 topic=Mathematics -> Applied Mathematics -> Statist...
  -> call 3097/4000: q=q_74196 k=1 prompt_chars=2240
  -> call 3098/4000: q=q_74196 k=2 prompt_chars=4169
[item 1550/2000 | repeat 1] q_58882 skill=q_58882 topic=Mathematics -> Algebra -> Intermediate Algebr...
  -> call 3099/4000: q=q_58882 k=1 prompt_chars=2310
  -> call 3100/4000: q=q_58882 k=2 prompt_chars=4309
[item 1551/2000 | repeat 1] q_5020 skill=q_5020 topic=Mathematics -> Algebra -> Linear Algebra -> M...
  -> call 3101/4000: q=q_5020 k=1 prompt_chars=2056
  -> call 3102/4000: q=q_5020 k=2 prompt_chars=3801
[item 1552/2000 | repeat 1] q_91675 skill=q_91675 topic=Mathematics -> Precalculus -> Trigonometric F...
  -> call 3103/4000: q=q_91675 k=1 prompt_chars=2006
  -> call 3104/4000: q=q_91675 k=2 prompt_chars=3701
[item 1553/2000 | repeat 1] q_45453 skill=q_45453 topic=Mathematics -> Algebra -> Intermediate Algebr...
  -> call 3105/4000: q=q_45453 k=1 prompt_chars=2617
  -> call 3106/4000: q=q_45453 k=2 prompt_chars=4923
[item 1554/2000 | repeat 1] q_102666 skill=q_102666 topic=Mathematics -> Algebra -> Prealgebra -> Simpl...
  -> call 3107/4000: q=q_102666 k=1 prompt_chars=1471
  -> call 3108/4000: q=q_102666 k=2 prompt_chars=2631
[item 1555/2000 | repeat 1] q_29310 skill=q_29310 topic=Mathematics -> Applied Mathematics -> Statist...
  -> call 3109/4000: q=q_29310 k=1 prompt_chars=2132
  -> call 3110/4000: q=q_29310 k=2 prompt_chars=3953
[item 1556/2000 | repeat 1] q_833 skill=q_833 topic=Mathematics -> Calculus -> Integral Calculus ...
  -> call 3111/4000: q=q_833 k=1 prompt_chars=1937
  -> call 3112/4000: q=q_833 k=2 prompt_chars=3563
[item 1557/2000 | repeat 1] q_65111 skill=q_65111 topic=Mathematics -> Number Theory -> Congruences
  -> call 3113/4000: q=q_65111 k=1 prompt_chars=2159
  -> call 3114/4000: q=q_65111 k=2 prompt_chars=4007
[item 1558/2000 | repeat 1] q_95720 skill=q_95720 topic=Mathematics -> Applied Mathematics -> Math Wo...
  -> call 3115/4000: q=q_95720 k=1 prompt_chars=2000
  -> call 3116/4000: q=q_95720 k=2 prompt_chars=3689
[item 1559/2000 | repeat 1] q_3163 skill=q_3163 topic=Mathematics -> Algebra -> Abstract Algebra ->...
  -> call 3117/4000: q=q_3163 k=1 prompt_chars=3092
  -> call 3118/4000: q=q_3163 k=2 prompt_chars=5873
[item 1560/2000 | repeat 1] q_6046 skill=q_6046 topic=Mathematics -> Calculus -> Integral Calculus ...
  -> call 3119/4000: q=q_6046 k=1 prompt_chars=2131
  -> call 3120/4000: q=q_6046 k=2 prompt_chars=3951
[item 1561/2000 | repeat 1] q_2657 skill=q_2657 topic=Mathematics -> Geometry -> Solid Geometry -> ...
  -> call 3121/4000: q=q_2657 k=1 prompt_chars=2481
  -> call 3122/4000: q=q_2657 k=2 prompt_chars=4651
[item 1562/2000 | repeat 1] q_93098 skill=q_93098 topic=Mathematics -> Geometry -> Plane Geometry -> ...
  -> call 3123/4000: q=q_93098 k=1 prompt_chars=2205
  -> call 3124/4000: q=q_93098 k=2 prompt_chars=4099
[item 1563/2000 | repeat 1] q_100713 skill=q_100713 topic=Mathematics -> Discrete Mathematics -> Graph ...
  -> call 3125/4000: q=q_100713 k=1 prompt_chars=3152
  -> call 3126/4000: q=q_100713 k=2 prompt_chars=5993
[item 1564/2000 | repeat 1] q_22083 skill=q_22083 topic=Mathematics -> Algebra -> Abstract Algebra ->...
  -> call 3127/4000: q=q_22083 k=1 prompt_chars=2281
  -> call 3128/4000: q=q_22083 k=2 prompt_chars=4251
[item 1565/2000 | repeat 1] q_94433 skill=q_94433 topic=Mathematics -> Geometry -> Solid Geometry -> ...
  -> call 3129/4000: q=q_94433 k=1 prompt_chars=2192
  -> call 3130/4000: q=q_94433 k=2 prompt_chars=4073
[item 1566/2000 | repeat 1] q_29323 skill=q_29323 topic=Mathematics -> Geometry -> Plane Geometry -> ...
  -> call 3131/4000: q=q_29323 k=1 prompt_chars=1941
  -> call 3132/4000: q=q_29323 k=2 prompt_chars=3571
[item 1567/2000 | repeat 1] q_78009 skill=q_78009 topic=Mathematics -> Calculus -> Integral Calculus ...
  -> call 3133/4000: q=q_78009 k=1 prompt_chars=1993
  -> call 3134/4000: q=q_78009 k=2 prompt_chars=3675
[item 1568/2000 | repeat 1] q_12199 skill=q_12199 topic=Mathematics -> Applied Mathematics -> Statist...
  -> call 3135/4000: q=q_12199 k=1 prompt_chars=2206
  -> call 3136/4000: q=q_12199 k=2 prompt_chars=4101
[item 1569/2000 | repeat 1] q_60387 skill=q_60387 topic=Mathematics -> Algebra -> Abstract Algebra ->...
  -> call 3137/4000: q=q_60387 k=1 prompt_chars=2557
  -> call 3138/4000: q=q_60387 k=2 prompt_chars=4803
[item 1570/2000 | repeat 1] q_84007 skill=q_84007 topic=Mathematics -> Algebra -> Linear Algebra -> M...
  -> call 3139/4000: q=q_84007 k=1 prompt_chars=2220
  -> call 3140/4000: q=q_84007 k=2 prompt_chars=4129
[item 1571/2000 | repeat 1] q_66553 skill=q_66553 topic=Mathematics -> Precalculus -> Limits
  -> call 3141/4000: q=q_66553 k=1 prompt_chars=1748
  -> call 3142/4000: q=q_66553 k=2 prompt_chars=3185
[item 1572/2000 | repeat 1] q_54740 skill=q_54740 topic=Mathematics -> Algebra -> Linear Algebra -> L...
  -> call 3143/4000: q=q_54740 k=1 prompt_chars=1767
  -> call 3144/4000: q=q_54740 k=2 prompt_chars=3223
[item 1573/2000 | repeat 1] q_25538 skill=q_25538 topic=Mathematics -> Applied Mathematics -> Statist...
  -> call 3145/4000: q=q_25538 k=1 prompt_chars=2103
  -> call 3146/4000: q=q_25538 k=2 prompt_chars=3895
[item 1574/2000 | repeat 1] q_24911 skill=q_24911 topic=Mathematics -> Calculus -> Differential Calcu...
  -> call 3147/4000: q=q_24911 k=1 prompt_chars=2350
  -> call 3148/4000: q=q_24911 k=2 prompt_chars=4389
[item 1575/2000 | repeat 1] q_20437 skill=q_20437 topic=Mathematics -> Algebra -> Linear Algebra -> M...
  -> call 3149/4000: q=q_20437 k=1 prompt_chars=2030
  -> call 3150/4000: q=q_20437 k=2 prompt_chars=3749
[item 1576/2000 | repeat 1] q_445 skill=q_445 topic=Mathematics -> Calculus -> Differential Calcu...
  -> call 3151/4000: q=q_445 k=1 prompt_chars=2143
  -> call 3152/4000: q=q_445 k=2 prompt_chars=3975
[item 1577/2000 | repeat 1] q_45747 skill=q_45747 topic=Mathematics -> Differential Equations -> Ordi...
  -> call 3153/4000: q=q_45747 k=1 prompt_chars=2530
  -> call 3154/4000: q=q_45747 k=2 prompt_chars=4749
[item 1578/2000 | repeat 1] q_12285 skill=q_12285 topic=Mathematics -> Calculus -> Integral Calculus ...
  -> call 3155/4000: q=q_12285 k=1 prompt_chars=2118
  -> call 3156/4000: q=q_12285 k=2 prompt_chars=3925
[item 1579/2000 | repeat 1] q_63922 skill=q_63922 topic=Mathematics -> Calculus -> Integral Calculus ...
  -> call 3157/4000: q=q_63922 k=1 prompt_chars=2061
  -> call 3158/4000: q=q_63922 k=2 prompt_chars=3811
[item 1580/2000 | repeat 1] q_57692 skill=q_57692 topic=Mathematics -> Applied Mathematics -> Statist...
  -> call 3159/4000: q=q_57692 k=1 prompt_chars=1848
  -> call 3160/4000: q=q_57692 k=2 prompt_chars=3385
[item 1581/2000 | repeat 1] q_18434 skill=q_18434 topic=Mathematics -> Geometry -> Solid Geometry -> ...
  -> call 3161/4000: q=q_18434 k=1 prompt_chars=2231
  -> call 3162/4000: q=q_18434 k=2 prompt_chars=4151
[item 1582/2000 | repeat 1] q_94979 skill=q_94979 topic=Mathematics -> Geometry -> Plane Geometry -> ...
  -> call 3163/4000: q=q_94979 k=1 prompt_chars=1982
  -> call 3164/4000: q=q_94979 k=2 prompt_chars=3653
[item 1583/2000 | repeat 1] q_2485 skill=q_2485 topic=Mathematics -> Calculus -> Integral Calculus ...
  -> call 3165/4000: q=q_2485 k=1 prompt_chars=2567
  -> call 3166/4000: q=q_2485 k=2 prompt_chars=4823
[item 1584/2000 | repeat 1] q_35041 skill=q_35041 topic=Mathematics -> Algebra -> Abstract Algebra ->...
  -> call 3167/4000: q=q_35041 k=1 prompt_chars=2040
  -> call 3168/4000: q=q_35041 k=2 prompt_chars=3769
[item 1585/2000 | repeat 1] q_29921 skill=q_29921 topic=Mathematics -> Calculus -> Other
  -> call 3169/4000: q=q_29921 k=1 prompt_chars=1888
  -> call 3170/4000: q=q_29921 k=2 prompt_chars=3465
[item 1586/2000 | repeat 1] q_25680 skill=q_25680 topic=Mathematics -> Number Theory -> Congruences
  -> call 3171/4000: q=q_25680 k=1 prompt_chars=2340
  -> call 3172/4000: q=q_25680 k=2 prompt_chars=4369
[item 1587/2000 | repeat 1] q_21376 skill=q_21376 topic=Mathematics -> Algebra -> Intermediate Algebr...
  -> call 3173/4000: q=q_21376 k=1 prompt_chars=2030
  -> call 3174/4000: q=q_21376 k=2 prompt_chars=3749
[item 1588/2000 | repeat 1] q_79120 skill=q_79120 topic=Mathematics -> Algebra -> Linear Algebra -> M...
  -> call 3175/4000: q=q_79120 k=1 prompt_chars=1794
  -> call 3176/4000: q=q_79120 k=2 prompt_chars=3277
[item 1589/2000 | repeat 1] q_12413 skill=q_12413 topic=Mathematics -> Calculus -> Integral Calculus ...
  -> call 3177/4000: q=q_12413 k=1 prompt_chars=1899
  -> call 3178/4000: q=q_12413 k=2 prompt_chars=3487
[item 1590/2000 | repeat 1] q_1806 skill=q_1806 topic=Mathematics -> Number Theory -> Prime Numbers
  -> call 3179/4000: q=q_1806 k=1 prompt_chars=1889
  -> call 3180/4000: q=q_1806 k=2 prompt_chars=3467
[item 1591/2000 | repeat 1] q_63220 skill=q_63220 topic=Mathematics -> Algebra -> Linear Algebra -> L...
  -> call 3181/4000: q=q_63220 k=1 prompt_chars=2130
  -> call 3182/4000: q=q_63220 k=2 prompt_chars=3949
[item 1592/2000 | repeat 1] q_95259 skill=q_95259 topic=Mathematics -> Algebra -> Algebra -> Polynomi...
  -> call 3183/4000: q=q_95259 k=1 prompt_chars=1786
  -> call 3184/4000: q=q_95259 k=2 prompt_chars=3261
[item 1593/2000 | repeat 1] q_25895 skill=q_25895 topic=Mathematics -> Differential Equations -> Ordi...
  -> call 3185/4000: q=q_25895 k=1 prompt_chars=2142
  -> call 3186/4000: q=q_25895 k=2 prompt_chars=3973
[item 1594/2000 | repeat 1] q_82388 skill=q_82388 topic=Mathematics -> Algebra -> Intermediate Algebr...
  -> call 3187/4000: q=q_82388 k=1 prompt_chars=1985
  -> call 3188/4000: q=q_82388 k=2 prompt_chars=3659
[item 1595/2000 | repeat 1] q_14267 skill=q_14267 topic=Mathematics -> Algebra -> Intermediate Algebr...
  -> call 3189/4000: q=q_14267 k=1 prompt_chars=2347
  -> call 3190/4000: q=q_14267 k=2 prompt_chars=4383
[item 1596/2000 | repeat 1] q_8672 skill=q_8672 topic=Mathematics -> Calculus -> Integral Calculus ...
  -> call 3191/4000: q=q_8672 k=1 prompt_chars=2107
  -> call 3192/4000: q=q_8672 k=2 prompt_chars=3903
[item 1597/2000 | repeat 1] q_75741 skill=q_75741 topic=Mathematics -> Calculus -> Integral Calculus ...
  -> call 3193/4000: q=q_75741 k=1 prompt_chars=2552
  -> call 3194/4000: q=q_75741 k=2 prompt_chars=4793
[item 1598/2000 | repeat 1] q_57339 skill=q_57339 topic=Mathematics -> Precalculus -> Limits
  -> call 3195/4000: q=q_57339 k=1 prompt_chars=2313
  -> call 3196/4000: q=q_57339 k=2 prompt_chars=4315
[item 1599/2000 | repeat 1] q_26726 skill=q_26726 topic=Mathematics -> Algebra -> Abstract Algebra ->...
  -> call 3197/4000: q=q_26726 k=1 prompt_chars=2290
  -> call 3198/4000: q=q_26726 k=2 prompt_chars=4269
[item 1600/2000 | repeat 1] q_50004 skill=q_50004 topic=Mathematics -> Algebra -> Intermediate Algebr...
  -> call 3199/4000: q=q_50004 k=1 prompt_chars=2119
  -> call 3200/4000: q=q_50004 k=2 prompt_chars=3927
[item 1601/2000 | repeat 1] q_51119 skill=q_51119 topic=Mathematics -> Calculus -> Integral Calculus ...
  -> call 3201/4000: q=q_51119 k=1 prompt_chars=2206
  -> call 3202/4000: q=q_51119 k=2 prompt_chars=4101
[item 1602/2000 | repeat 1] q_39300 skill=q_39300 topic=Mathematics -> Algebra -> Linear Algebra -> M...
  -> call 3203/4000: q=q_39300 k=1 prompt_chars=2309
  -> call 3204/4000: q=q_39300 k=2 prompt_chars=4307
[item 1603/2000 | repeat 1] q_59702 skill=q_59702 topic=Mathematics -> Applied Mathematics -> Statist...
  -> call 3205/4000: q=q_59702 k=1 prompt_chars=1837
  -> call 3206/4000: q=q_59702 k=2 prompt_chars=3363
[item 1604/2000 | repeat 1] q_60945 skill=q_60945 topic=Mathematics -> Applied Mathematics -> Statist...
  -> call 3207/4000: q=q_60945 k=1 prompt_chars=2650
  -> call 3208/4000: q=q_60945 k=2 prompt_chars=4989
[item 1605/2000 | repeat 1] q_89202 skill=q_89202 topic=Mathematics -> Algebra -> Algebra -> Equation...
  -> call 3209/4000: q=q_89202 k=1 prompt_chars=2032
  -> call 3210/4000: q=q_89202 k=2 prompt_chars=3753
[item 1606/2000 | repeat 1] q_63590 skill=q_63590 topic=Mathematics -> Calculus -> Integral Calculus ...
  -> call 3211/4000: q=q_63590 k=1 prompt_chars=2402
  -> call 3212/4000: q=q_63590 k=2 prompt_chars=4493
[item 1607/2000 | repeat 1] q_12422 skill=q_12422 topic=Mathematics -> Calculus -> Integral Calculus ...
  -> call 3213/4000: q=q_12422 k=1 prompt_chars=1886
  -> call 3214/4000: q=q_12422 k=2 prompt_chars=3461
[item 1608/2000 | repeat 1] q_97745 skill=q_97745 topic=Mathematics -> Geometry -> Plane Geometry -> ...
  -> call 3215/4000: q=q_97745 k=1 prompt_chars=1958
  -> call 3216/4000: q=q_97745 k=2 prompt_chars=3605
[item 1609/2000 | repeat 1] q_98320 skill=q_98320 topic=Mathematics -> Algebra -> Prealgebra -> Integers
  -> call 3217/4000: q=q_98320 k=1 prompt_chars=2309
  -> call 3218/4000: q=q_98320 k=2 prompt_chars=4307
[item 1610/2000 | repeat 1] q_35683 skill=q_35683 topic=Mathematics -> Algebra -> Algebra -> Polynomi...
  -> call 3219/4000: q=q_35683 k=1 prompt_chars=2272
  -> call 3220/4000: q=q_35683 k=2 prompt_chars=4233
[item 1611/2000 | repeat 1] q_4806 skill=q_4806 topic=Mathematics -> Algebra -> Linear Algebra -> L...
  -> call 3221/4000: q=q_4806 k=1 prompt_chars=2187
  -> call 3222/4000: q=q_4806 k=2 prompt_chars=4063
[item 1612/2000 | repeat 1] q_19651 skill=q_19651 topic=Mathematics -> Discrete Mathematics -> Combin...
  -> call 3223/4000: q=q_19651 k=1 prompt_chars=2010
  -> call 3224/4000: q=q_19651 k=2 prompt_chars=3709
[item 1613/2000 | repeat 1] q_79817 skill=q_79817 topic=Mathematics -> Precalculus -> Limits
  -> call 3225/4000: q=q_79817 k=1 prompt_chars=2277
  -> call 3226/4000: q=q_79817 k=2 prompt_chars=4243
[item 1614/2000 | repeat 1] q_28561 skill=q_28561 topic=Mathematics -> Algebra -> Intermediate Algebr...
  -> call 3227/4000: q=q_28561 k=1 prompt_chars=2238
  -> call 3228/4000: q=q_28561 k=2 prompt_chars=4165
[item 1615/2000 | repeat 1] q_15028 skill=q_15028 topic=Mathematics -> Algebra -> Abstract Algebra ->...
  -> call 3229/4000: q=q_15028 k=1 prompt_chars=2268
  -> call 3230/4000: q=q_15028 k=2 prompt_chars=4225
[item 1616/2000 | repeat 1] q_10199 skill=q_10199 topic=Mathematics -> Algebra -> Linear Algebra -> V...
  -> call 3231/4000: q=q_10199 k=1 prompt_chars=2569
  -> call 3232/4000: q=q_10199 k=2 prompt_chars=4827
[item 1617/2000 | repeat 1] q_7 skill=q_7 topic=Mathematics -> Geometry -> Plane Geometry -> ...
  -> call 3233/4000: q=q_7 k=1 prompt_chars=2283
  -> call 3234/4000: q=q_7 k=2 prompt_chars=4255
[item 1618/2000 | repeat 1] q_73176 skill=q_73176 topic=Mathematics -> Other
  -> call 3235/4000: q=q_73176 k=1 prompt_chars=2324
  -> call 3236/4000: q=q_73176 k=2 prompt_chars=4337
[item 1619/2000 | repeat 1] q_58972 skill=q_58972 topic=Mathematics -> Calculus -> Integral Calculus ...
  -> call 3237/4000: q=q_58972 k=1 prompt_chars=2025
  -> call 3238/4000: q=q_58972 k=2 prompt_chars=3739
[item 1620/2000 | repeat 1] q_64909 skill=q_64909 topic=Mathematics -> Calculus -> Integral Calculus ...
  -> call 3239/4000: q=q_64909 k=1 prompt_chars=2532
  -> call 3240/4000: q=q_64909 k=2 prompt_chars=4753
[item 1621/2000 | repeat 1] q_40720 skill=q_40720 topic=Mathematics -> Calculus -> Integral Calculus ...
  -> call 3241/4000: q=q_40720 k=1 prompt_chars=2895
  -> call 3242/4000: q=q_40720 k=2 prompt_chars=5479
[item 1622/2000 | repeat 1] q_84533 skill=q_84533 topic=Mathematics -> Precalculus -> Limits
  -> call 3243/4000: q=q_84533 k=1 prompt_chars=2036
  -> call 3244/4000: q=q_84533 k=2 prompt_chars=3761
[item 1623/2000 | repeat 1] q_60492 skill=q_60492 topic=Mathematics -> Precalculus -> Limits
  -> call 3245/4000: q=q_60492 k=1 prompt_chars=2009
  -> call 3246/4000: q=q_60492 k=2 prompt_chars=3707
[item 1624/2000 | repeat 1] q_70309 skill=q_70309 topic=Mathematics -> Applied Mathematics -> Statist...
  -> call 3247/4000: q=q_70309 k=1 prompt_chars=2302
  -> call 3248/4000: q=q_70309 k=2 prompt_chars=4293
[item 1625/2000 | repeat 1] q_67762 skill=q_67762 topic=Mathematics -> Algebra -> Abstract Algebra ->...
  -> call 3249/4000: q=q_67762 k=1 prompt_chars=2304
  -> call 3250/4000: q=q_67762 k=2 prompt_chars=4297
[item 1626/2000 | repeat 1] q_74091 skill=q_74091 topic=Mathematics -> Calculus -> Integral Calculus ...
  -> call 3251/4000: q=q_74091 k=1 prompt_chars=1825
  -> call 3252/4000: q=q_74091 k=2 prompt_chars=3339
[item 1627/2000 | repeat 1] q_79773 skill=q_79773 topic=Mathematics -> Number Theory -> Other
  -> call 3253/4000: q=q_79773 k=1 prompt_chars=2258
  -> call 3254/4000: q=q_79773 k=2 prompt_chars=4205
[item 1628/2000 | repeat 1] q_52694 skill=q_52694 topic=Mathematics -> Discrete Mathematics -> Combin...
  -> call 3255/4000: q=q_52694 k=1 prompt_chars=1682
  -> call 3256/4000: q=q_52694 k=2 prompt_chars=3053
[item 1629/2000 | repeat 1] q_39068 skill=q_39068 topic=Mathematics -> Calculus -> Differential Calcu...
  -> call 3257/4000: q=q_39068 k=1 prompt_chars=2265
  -> call 3258/4000: q=q_39068 k=2 prompt_chars=4219
[item 1630/2000 | repeat 1] q_97019 skill=q_97019 topic=Mathematics -> Geometry -> Solid Geometry -> ...
  -> call 3259/4000: q=q_97019 k=1 prompt_chars=1976
  -> call 3260/4000: q=q_97019 k=2 prompt_chars=3641
[item 1631/2000 | repeat 1] q_101855 skill=q_101855 topic=Mathematics -> Algebra -> Prealgebra -> Decimals
  -> call 3261/4000: q=q_101855 k=1 prompt_chars=2213
  -> call 3262/4000: q=q_101855 k=2 prompt_chars=4115
[item 1632/2000 | repeat 1] q_53311 skill=q_53311 topic=Mathematics -> Algebra -> Algebra -> Polynomi...
  -> call 3263/4000: q=q_53311 k=1 prompt_chars=2062
  -> call 3264/4000: q=q_53311 k=2 prompt_chars=3813
[item 1633/2000 | repeat 1] q_101067 skill=q_101067 topic=Mathematics -> Geometry -> Plane Geometry -> ...
  -> call 3265/4000: q=q_101067 k=1 prompt_chars=2271
  -> call 3266/4000: q=q_101067 k=2 prompt_chars=4231
[item 1634/2000 | repeat 1] q_42118 skill=q_42118 topic=Mathematics -> Algebra -> Intermediate Algebr...
  -> call 3267/4000: q=q_42118 k=1 prompt_chars=1999
  -> call 3268/4000: q=q_42118 k=2 prompt_chars=3687
[item 1635/2000 | repeat 1] q_94850 skill=q_94850 topic=Mathematics -> Applied Mathematics -> Math Wo...
  -> call 3269/4000: q=q_94850 k=1 prompt_chars=1938
  -> call 3270/4000: q=q_94850 k=2 prompt_chars=3565
[item 1636/2000 | repeat 1] q_11669 skill=q_11669 topic=Mathematics -> Algebra -> Algebra -> Polynomi...
  -> call 3271/4000: q=q_11669 k=1 prompt_chars=2613
  -> call 3272/4000: q=q_11669 k=2 prompt_chars=4915
[item 1637/2000 | repeat 1] q_43699 skill=q_43699 topic=Mathematics -> Precalculus -> Limits
  -> call 3273/4000: q=q_43699 k=1 prompt_chars=1939
  -> call 3274/4000: q=q_43699 k=2 prompt_chars=3567
[item 1638/2000 | repeat 1] q_52299 skill=q_52299 topic=Mathematics -> Algebra -> Abstract Algebra ->...
  -> call 3275/4000: q=q_52299 k=1 prompt_chars=2478
  -> call 3276/4000: q=q_52299 k=2 prompt_chars=4645
[item 1639/2000 | repeat 1] q_6893 skill=q_6893 topic=Mathematics -> Algebra -> Abstract Algebra ->...
  -> call 3277/4000: q=q_6893 k=1 prompt_chars=2400
  -> call 3278/4000: q=q_6893 k=2 prompt_chars=4489
[item 1640/2000 | repeat 1] q_98217 skill=q_98217 topic=Mathematics -> Algebra -> Intermediate Algebr...
  -> call 3279/4000: q=q_98217 k=1 prompt_chars=1929
  -> call 3280/4000: q=q_98217 k=2 prompt_chars=3547
[item 1641/2000 | repeat 1] q_52183 skill=q_52183 topic=Mathematics -> Algebra -> Abstract Algebra ->...
  -> call 3281/4000: q=q_52183 k=1 prompt_chars=2029
  -> call 3282/4000: q=q_52183 k=2 prompt_chars=3747
[item 1642/2000 | repeat 1] q_65875 skill=q_65875 topic=Mathematics -> Differential Equations -> Part...
  -> call 3283/4000: q=q_65875 k=1 prompt_chars=2223
  -> call 3284/4000: q=q_65875 k=2 prompt_chars=4135
[item 1643/2000 | repeat 1] q_93378 skill=q_93378 topic=Mathematics -> Discrete Mathematics -> Combin...
  -> call 3285/4000: q=q_93378 k=1 prompt_chars=2748
  -> call 3286/4000: q=q_93378 k=2 prompt_chars=5185
[item 1644/2000 | repeat 1] q_50383 skill=q_50383 topic=Mathematics -> Calculus -> Differential Calcu...
  -> call 3287/4000: q=q_50383 k=1 prompt_chars=1828
  -> call 3288/4000: q=q_50383 k=2 prompt_chars=3345
[item 1645/2000 | repeat 1] q_51311 skill=q_51311 topic=Mathematics -> Algebra -> Algebra -> Equation...
  -> call 3289/4000: q=q_51311 k=1 prompt_chars=2040
  -> call 3290/4000: q=q_51311 k=2 prompt_chars=3769
[item 1646/2000 | repeat 1] q_91515 skill=q_91515 topic=Mathematics -> Geometry -> Plane Geometry -> ...
  -> call 3291/4000: q=q_91515 k=1 prompt_chars=2562
  -> call 3292/4000: q=q_91515 k=2 prompt_chars=4813
[item 1647/2000 | repeat 1] q_40977 skill=q_40977 topic=Mathematics -> Differential Equations -> Other
  -> call 3293/4000: q=q_40977 k=1 prompt_chars=2048
  -> call 3294/4000: q=q_40977 k=2 prompt_chars=3785
[item 1648/2000 | repeat 1] q_98684 skill=q_98684 topic=Mathematics -> Geometry -> Solid Geometry -> ...
  -> call 3295/4000: q=q_98684 k=1 prompt_chars=1973
  -> call 3296/4000: q=q_98684 k=2 prompt_chars=3635
[item 1649/2000 | repeat 1] q_66323 skill=q_66323 topic=Mathematics -> Calculus -> Integral Calculus ...
  -> call 3297/4000: q=q_66323 k=1 prompt_chars=2170
  -> call 3298/4000: q=q_66323 k=2 prompt_chars=4029
[item 1650/2000 | repeat 1] q_37591 skill=q_37591 topic=Mathematics -> Calculus -> Integral Calculus ...
  -> call 3299/4000: q=q_37591 k=1 prompt_chars=2292
  -> call 3300/4000: q=q_37591 k=2 prompt_chars=4273
[item 1651/2000 | repeat 1] q_48187 skill=q_48187 topic=Mathematics -> Calculus -> Differential Calcu...
  -> call 3301/4000: q=q_48187 k=1 prompt_chars=2182
  -> call 3302/4000: q=q_48187 k=2 prompt_chars=4053
[item 1652/2000 | repeat 1] q_22191 skill=q_22191 topic=Mathematics -> Calculus -> Integral Calculus ...
  -> call 3303/4000: q=q_22191 k=1 prompt_chars=2117
  -> call 3304/4000: q=q_22191 k=2 prompt_chars=3923
[item 1653/2000 | repeat 1] q_522 skill=q_522 topic=Mathematics -> Calculus -> Integral Calculus ...
  -> call 3305/4000: q=q_522 k=1 prompt_chars=2688
  -> call 3306/4000: q=q_522 k=2 prompt_chars=5065
[item 1654/2000 | repeat 1] q_68219 skill=q_68219 topic=Mathematics -> Algebra -> Abstract Algebra ->...
  -> call 3307/4000: q=q_68219 k=1 prompt_chars=2118
  -> call 3308/4000: q=q_68219 k=2 prompt_chars=3925
[item 1655/2000 | repeat 1] q_11333 skill=q_11333 topic=Mathematics -> Applied Mathematics -> Statist...
  -> call 3309/4000: q=q_11333 k=1 prompt_chars=2108
  -> call 3310/4000: q=q_11333 k=2 prompt_chars=3905
[item 1656/2000 | repeat 1] q_32821 skill=q_32821 topic=Mathematics -> Algebra -> Intermediate Algebr...
  -> call 3311/4000: q=q_32821 k=1 prompt_chars=1852
  -> call 3312/4000: q=q_32821 k=2 prompt_chars=3393
[item 1657/2000 | repeat 1] q_15228 skill=q_15228 topic=Mathematics -> Calculus -> Integral Calculus ...
  -> call 3313/4000: q=q_15228 k=1 prompt_chars=2657
  -> call 3314/4000: q=q_15228 k=2 prompt_chars=5003
[item 1658/2000 | repeat 1] q_35940 skill=q_35940 topic=Mathematics -> Applied Mathematics -> Statist...
  -> call 3315/4000: q=q_35940 k=1 prompt_chars=1763
  -> call 3316/4000: q=q_35940 k=2 prompt_chars=3215
[item 1659/2000 | repeat 1] q_16039 skill=q_16039 topic=Mathematics -> Discrete Mathematics -> Graph ...
  -> call 3317/4000: q=q_16039 k=1 prompt_chars=2186
  -> call 3318/4000: q=q_16039 k=2 prompt_chars=4061
[item 1660/2000 | repeat 1] q_24944 skill=q_24944 topic=Mathematics -> Algebra -> Algebra -> Polynomi...
  -> call 3319/4000: q=q_24944 k=1 prompt_chars=1895
  -> call 3320/4000: q=q_24944 k=2 prompt_chars=3479
[item 1661/2000 | repeat 1] q_4357 skill=q_4357 topic=Mathematics -> Calculus -> Integral Calculus ...
  -> call 3321/4000: q=q_4357 k=1 prompt_chars=2306
  -> call 3322/4000: q=q_4357 k=2 prompt_chars=4301
[item 1662/2000 | repeat 1] q_102115 skill=q_102115 topic=Mathematics -> Number Theory -> Greatest Comm...
  -> call 3323/4000: q=q_102115 k=1 prompt_chars=2044
  -> call 3324/4000: q=q_102115 k=2 prompt_chars=3777
[item 1663/2000 | repeat 1] q_55658 skill=q_55658 topic=Mathematics -> Calculus -> Integral Calculus ...
  -> call 3325/4000: q=q_55658 k=1 prompt_chars=2067
  -> call 3326/4000: q=q_55658 k=2 prompt_chars=3823
[item 1664/2000 | repeat 1] q_57194 skill=q_57194 topic=Mathematics -> Geometry -> Solid Geometry -> ...
  -> call 3327/4000: q=q_57194 k=1 prompt_chars=2112
  -> call 3328/4000: q=q_57194 k=2 prompt_chars=3913
[item 1665/2000 | repeat 1] q_45934 skill=q_45934 topic=Mathematics -> Algebra -> Abstract Algebra ->...
  -> call 3329/4000: q=q_45934 k=1 prompt_chars=1783
  -> call 3330/4000: q=q_45934 k=2 prompt_chars=3255
[item 1666/2000 | repeat 1] q_2780 skill=q_2780 topic=Mathematics -> Algebra -> Linear Algebra -> V...
  -> call 3331/4000: q=q_2780 k=1 prompt_chars=2231
  -> call 3332/4000: q=q_2780 k=2 prompt_chars=4151
[item 1667/2000 | repeat 1] q_60752 skill=q_60752 topic=Mathematics -> Discrete Mathematics -> Algori...
  -> call 3333/4000: q=q_60752 k=1 prompt_chars=2684
  -> call 3334/4000: q=q_60752 k=2 prompt_chars=5057
[item 1668/2000 | repeat 1] q_52140 skill=q_52140 topic=Mathematics -> Algebra -> Intermediate Algebr...
  -> call 3335/4000: q=q_52140 k=1 prompt_chars=2136
  -> call 3336/4000: q=q_52140 k=2 prompt_chars=3961
[item 1669/2000 | repeat 1] q_91480 skill=q_91480 topic=Mathematics -> Applied Mathematics -> Statist...
  -> call 3337/4000: q=q_91480 k=1 prompt_chars=2315
  -> call 3338/4000: q=q_91480 k=2 prompt_chars=4319
[item 1670/2000 | repeat 1] q_63724 skill=q_63724 topic=Mathematics -> Geometry -> Plane Geometry -> ...
  -> call 3339/4000: q=q_63724 k=1 prompt_chars=2273
  -> call 3340/4000: q=q_63724 k=2 prompt_chars=4235
[item 1671/2000 | repeat 1] q_21521 skill=q_21521 topic=Mathematics -> Algebra -> Abstract Algebra ->...
  -> call 3341/4000: q=q_21521 k=1 prompt_chars=2513
  -> call 3342/4000: q=q_21521 k=2 prompt_chars=4715
[item 1672/2000 | repeat 1] q_44648 skill=q_44648 topic=Mathematics -> Algebra -> Abstract Algebra ->...
  -> call 3343/4000: q=q_44648 k=1 prompt_chars=1814
  -> call 3344/4000: q=q_44648 k=2 prompt_chars=3317
[item 1673/2000 | repeat 1] q_7281 skill=q_7281 topic=Mathematics -> Applied Mathematics -> Statist...
  -> call 3345/4000: q=q_7281 k=1 prompt_chars=2771
  -> call 3346/4000: q=q_7281 k=2 prompt_chars=5231
[item 1674/2000 | repeat 1] q_63963 skill=q_63963 topic=Mathematics -> Algebra -> Intermediate Algebr...
  -> call 3347/4000: q=q_63963 k=1 prompt_chars=2500
  -> call 3348/4000: q=q_63963 k=2 prompt_chars=4689
[item 1675/2000 | repeat 1] q_102539 skill=q_102539 topic=Mathematics -> Algebra -> Prealgebra -> Simpl...
  -> call 3349/4000: q=q_102539 k=1 prompt_chars=1877
  -> call 3350/4000: q=q_102539 k=2 prompt_chars=3443
[item 1676/2000 | repeat 1] q_102511 skill=q_102511 topic=Mathematics -> Precalculus -> Trigonometric F...
  -> call 3351/4000: q=q_102511 k=1 prompt_chars=2113
  -> call 3352/4000: q=q_102511 k=2 prompt_chars=3915
[item 1677/2000 | repeat 1] q_63717 skill=q_63717 topic=Mathematics -> Calculus -> Differential Calcu...
  -> call 3353/4000: q=q_63717 k=1 prompt_chars=2377
  -> call 3354/4000: q=q_63717 k=2 prompt_chars=4443
[item 1678/2000 | repeat 1] q_62753 skill=q_62753 topic=Mathematics -> Number Theory -> Congruences
  -> call 3355/4000: q=q_62753 k=1 prompt_chars=2172
  -> call 3356/4000: q=q_62753 k=2 prompt_chars=4033
[item 1679/2000 | repeat 1] q_102236 skill=q_102236 topic=Mathematics -> Algebra -> Intermediate Algebr...
  -> call 3357/4000: q=q_102236 k=1 prompt_chars=1596
  -> call 3358/4000: q=q_102236 k=2 prompt_chars=2881
[item 1680/2000 | repeat 1] q_2072 skill=q_2072 topic=Mathematics -> Discrete Mathematics -> Graph ...
  -> call 3359/4000: q=q_2072 k=1 prompt_chars=1951
  -> call 3360/4000: q=q_2072 k=2 prompt_chars=3591
[item 1681/2000 | repeat 1] q_3624 skill=q_3624 topic=Mathematics -> Differential Equations -> Ordi...
  -> call 3361/4000: q=q_3624 k=1 prompt_chars=2338
  -> call 3362/4000: q=q_3624 k=2 prompt_chars=4365
[item 1682/2000 | repeat 1] q_33490 skill=q_33490 topic=Mathematics -> Algebra -> Linear Algebra -> M...
  -> call 3363/4000: q=q_33490 k=1 prompt_chars=1895
  -> call 3364/4000: q=q_33490 k=2 prompt_chars=3479
[item 1683/2000 | repeat 1] q_34997 skill=q_34997 topic=Mathematics -> Applied Mathematics -> Statist...
  -> call 3365/4000: q=q_34997 k=1 prompt_chars=2059
  -> call 3366/4000: q=q_34997 k=2 prompt_chars=3807
[item 1684/2000 | repeat 1] q_81970 skill=q_81970 topic=Mathematics -> Geometry -> Plane Geometry -> ...
  -> call 3367/4000: q=q_81970 k=1 prompt_chars=2277
  -> call 3368/4000: q=q_81970 k=2 prompt_chars=4243
[item 1685/2000 | repeat 1] q_32218 skill=q_32218 topic=Mathematics -> Calculus -> Integral Calculus ...
  -> call 3369/4000: q=q_32218 k=1 prompt_chars=1601
  -> call 3370/4000: q=q_32218 k=2 prompt_chars=2891
[item 1686/2000 | repeat 1] q_101398 skill=q_101398 topic=Mathematics -> Algebra -> Algebra -> Polynomi...
  -> call 3371/4000: q=q_101398 k=1 prompt_chars=2241
  -> call 3372/4000: q=q_101398 k=2 prompt_chars=4171
[item 1687/2000 | repeat 1] q_79824 skill=q_79824 topic=Mathematics -> Algebra -> Abstract Algebra ->...
  -> call 3373/4000: q=q_79824 k=1 prompt_chars=1977
  -> call 3374/4000: q=q_79824 k=2 prompt_chars=3643
[item 1688/2000 | repeat 1] q_55009 skill=q_55009 topic=Mathematics -> Calculus -> Integral Calculus ...
  -> call 3375/4000: q=q_55009 k=1 prompt_chars=2278
  -> call 3376/4000: q=q_55009 k=2 prompt_chars=4245
[item 1689/2000 | repeat 1] q_68948 skill=q_68948 topic=Mathematics -> Number Theory -> Congruences
  -> call 3377/4000: q=q_68948 k=1 prompt_chars=1744
  -> call 3378/4000: q=q_68948 k=2 prompt_chars=3177
[item 1690/2000 | repeat 1] q_42976 skill=q_42976 topic=Mathematics -> Geometry -> Solid Geometry -> ...
  -> call 3379/4000: q=q_42976 k=1 prompt_chars=1915
  -> call 3380/4000: q=q_42976 k=2 prompt_chars=3519
[item 1691/2000 | repeat 1] q_67325 skill=q_67325 topic=Mathematics -> Calculus -> Integral Calculus ...
  -> call 3381/4000: q=q_67325 k=1 prompt_chars=2360
  -> call 3382/4000: q=q_67325 k=2 prompt_chars=4409
[item 1692/2000 | repeat 1] q_7412 skill=q_7412 topic=Mathematics -> Calculus -> Integral Calculus ...
  -> call 3383/4000: q=q_7412 k=1 prompt_chars=2199
  -> call 3384/4000: q=q_7412 k=2 prompt_chars=4087
[item 1693/2000 | repeat 1] q_9409 skill=q_9409 topic=Mathematics -> Calculus -> Integral Calculus ...
  -> call 3385/4000: q=q_9409 k=1 prompt_chars=1565
  -> call 3386/4000: q=q_9409 k=2 prompt_chars=2819
[item 1694/2000 | repeat 1] q_38693 skill=q_38693 topic=Mathematics -> Applied Mathematics -> Statist...
  -> call 3387/4000: q=q_38693 k=1 prompt_chars=2223
  -> call 3388/4000: q=q_38693 k=2 prompt_chars=4135
[item 1695/2000 | repeat 1] q_4949 skill=q_4949 topic=Mathematics -> Algebra -> Linear Algebra -> M...
  -> call 3389/4000: q=q_4949 k=1 prompt_chars=1781
  -> call 3390/4000: q=q_4949 k=2 prompt_chars=3251
[item 1696/2000 | repeat 1] q_36447 skill=q_36447 topic=Mathematics -> Applied Mathematics -> Statist...
  -> call 3391/4000: q=q_36447 k=1 prompt_chars=1820
  -> call 3392/4000: q=q_36447 k=2 prompt_chars=3329
[item 1697/2000 | repeat 1] q_10631 skill=q_10631 topic=Mathematics -> Calculus -> Differential Calcu...
  -> call 3393/4000: q=q_10631 k=1 prompt_chars=1634
  -> call 3394/4000: q=q_10631 k=2 prompt_chars=2957
[item 1698/2000 | repeat 1] q_35967 skill=q_35967 topic=Mathematics -> Precalculus -> Limits
  -> call 3395/4000: q=q_35967 k=1 prompt_chars=2031
  -> call 3396/4000: q=q_35967 k=2 prompt_chars=3751
[item 1699/2000 | repeat 1] q_63753 skill=q_63753 topic=Mathematics -> Calculus -> Differential Calcu...
  -> call 3397/4000: q=q_63753 k=1 prompt_chars=1552
  -> call 3398/4000: q=q_63753 k=2 prompt_chars=2793
[item 1700/2000 | repeat 1] q_31396 skill=q_31396 topic=Mathematics -> Calculus -> Integral Calculus ...
  -> call 3399/4000: q=q_31396 k=1 prompt_chars=2040
  -> call 3400/4000: q=q_31396 k=2 prompt_chars=3769
[item 1701/2000 | repeat 1] q_58460 skill=q_58460 topic=Mathematics -> Algebra -> Linear Algebra -> M...
  -> call 3401/4000: q=q_58460 k=1 prompt_chars=2210
  -> call 3402/4000: q=q_58460 k=2 prompt_chars=4109
[item 1702/2000 | repeat 1] q_25927 skill=q_25927 topic=Mathematics -> Algebra -> Prealgebra -> Integers
  -> call 3403/4000: q=q_25927 k=1 prompt_chars=2345
  -> call 3404/4000: q=q_25927 k=2 prompt_chars=4379
[item 1703/2000 | repeat 1] q_25353 skill=q_25353 topic=Mathematics -> Applied Mathematics -> Statist...
  -> call 3405/4000: q=q_25353 k=1 prompt_chars=2169
  -> call 3406/4000: q=q_25353 k=2 prompt_chars=4027
[item 1704/2000 | repeat 1] q_101377 skill=q_101377 topic=Mathematics -> Algebra -> Algebra -> Polynomi...
  -> call 3407/4000: q=q_101377 k=1 prompt_chars=1908
  -> call 3408/4000: q=q_101377 k=2 prompt_chars=3505
[item 1705/2000 | repeat 1] q_74401 skill=q_74401 topic=Mathematics -> Calculus -> Integral Calculus ...
  -> call 3409/4000: q=q_74401 k=1 prompt_chars=1867
  -> call 3410/4000: q=q_74401 k=2 prompt_chars=3423
[item 1706/2000 | repeat 1] q_28003 skill=q_28003 topic=Mathematics -> Algebra -> Linear Algebra -> M...
  -> call 3411/4000: q=q_28003 k=1 prompt_chars=2122
  -> call 3412/4000: q=q_28003 k=2 prompt_chars=3933
[item 1707/2000 | repeat 1] q_85099 skill=q_85099 topic=Mathematics -> Algebra -> Algebra -> Polynomi...
  -> call 3413/4000: q=q_85099 k=1 prompt_chars=1816
  -> call 3414/4000: q=q_85099 k=2 prompt_chars=3321
[item 1708/2000 | repeat 1] q_93942 skill=q_93942 topic=Mathematics -> Geometry -> Plane Geometry -> ...
  -> call 3415/4000: q=q_93942 k=1 prompt_chars=2114
  -> call 3416/4000: q=q_93942 k=2 prompt_chars=3917
[item 1709/2000 | repeat 1] q_55664 skill=q_55664 topic=Mathematics -> Calculus -> Integral Calculus ...
  -> call 3417/4000: q=q_55664 k=1 prompt_chars=2255
  -> call 3418/4000: q=q_55664 k=2 prompt_chars=4199
[item 1710/2000 | repeat 1] q_28608 skill=q_28608 topic=Mathematics -> Number Theory -> Other
  -> call 3419/4000: q=q_28608 k=1 prompt_chars=2126
  -> call 3420/4000: q=q_28608 k=2 prompt_chars=3941
[item 1711/2000 | repeat 1] q_9962 skill=q_9962 topic=Mathematics -> Number Theory -> Prime Numbers
  -> call 3421/4000: q=q_9962 k=1 prompt_chars=1780
  -> call 3422/4000: q=q_9962 k=2 prompt_chars=3249
[item 1712/2000 | repeat 1] q_18668 skill=q_18668 topic=Mathematics -> Applied Mathematics -> Statist...
  -> call 3423/4000: q=q_18668 k=1 prompt_chars=2023
  -> call 3424/4000: q=q_18668 k=2 prompt_chars=3735
[item 1713/2000 | repeat 1] q_43960 skill=q_43960 topic=Mathematics -> Calculus -> Differential Calcu...
  -> call 3425/4000: q=q_43960 k=1 prompt_chars=2016
  -> call 3426/4000: q=q_43960 k=2 prompt_chars=3721
[item 1714/2000 | repeat 1] q_78370 skill=q_78370 topic=Mathematics -> Geometry -> Differential Geome...
  -> call 3427/4000: q=q_78370 k=1 prompt_chars=2238
  -> call 3428/4000: q=q_78370 k=2 prompt_chars=4165
[item 1715/2000 | repeat 1] q_39986 skill=q_39986 topic=Mathematics -> Algebra -> Algebra -> Polynomi...
  -> call 3429/4000: q=q_39986 k=1 prompt_chars=2045
  -> call 3430/4000: q=q_39986 k=2 prompt_chars=3779
[item 1716/2000 | repeat 1] q_62566 skill=q_62566 topic=Mathematics -> Number Theory -> Congruences
  -> call 3431/4000: q=q_62566 k=1 prompt_chars=2256
  -> call 3432/4000: q=q_62566 k=2 prompt_chars=4201
[item 1717/2000 | repeat 1] q_71044 skill=q_71044 topic=Mathematics -> Applied Mathematics -> Statist...
  -> call 3433/4000: q=q_71044 k=1 prompt_chars=2029
  -> call 3434/4000: q=q_71044 k=2 prompt_chars=3747
[item 1718/2000 | repeat 1] q_17997 skill=q_17997 topic=Mathematics -> Applied Mathematics -> Statist...
  -> call 3435/4000: q=q_17997 k=1 prompt_chars=2117
  -> call 3436/4000: q=q_17997 k=2 prompt_chars=3923
[item 1719/2000 | repeat 1] q_47541 skill=q_47541 topic=Mathematics -> Calculus -> Integral Calculus ...
  -> call 3437/4000: q=q_47541 k=1 prompt_chars=2614
  -> call 3438/4000: q=q_47541 k=2 prompt_chars=4917
[item 1720/2000 | repeat 1] q_53838 skill=q_53838 topic=Mathematics -> Algebra -> Intermediate Algebr...
  -> call 3439/4000: q=q_53838 k=1 prompt_chars=2078
  -> call 3440/4000: q=q_53838 k=2 prompt_chars=3845
[item 1721/2000 | repeat 1] q_34770 skill=q_34770 topic=Mathematics -> Algebra -> Intermediate Algebr...
  -> call 3441/4000: q=q_34770 k=1 prompt_chars=2312
  -> call 3442/4000: q=q_34770 k=2 prompt_chars=4313
[item 1722/2000 | repeat 1] q_89535 skill=q_89535 topic=Mathematics -> Calculus -> Integral Calculus ...
  -> call 3443/4000: q=q_89535 k=1 prompt_chars=2131
  -> call 3444/4000: q=q_89535 k=2 prompt_chars=3951
[item 1723/2000 | repeat 1] q_77513 skill=q_77513 topic=Mathematics -> Applied Mathematics -> Statist...
  -> call 3445/4000: q=q_77513 k=1 prompt_chars=1932
  -> call 3446/4000: q=q_77513 k=2 prompt_chars=3553
[item 1724/2000 | repeat 1] q_89503 skill=q_89503 topic=Mathematics -> Algebra -> Intermediate Algebr...
  -> call 3447/4000: q=q_89503 k=1 prompt_chars=2603
  -> call 3448/4000: q=q_89503 k=2 prompt_chars=4895
[item 1725/2000 | repeat 1] q_17722 skill=q_17722 topic=Mathematics -> Applied Mathematics -> Other
  -> call 3449/4000: q=q_17722 k=1 prompt_chars=2854
  -> call 3450/4000: q=q_17722 k=2 prompt_chars=5397
[item 1726/2000 | repeat 1] q_75305 skill=q_75305 topic=Mathematics -> Applied Mathematics -> Statist...
  -> call 3451/4000: q=q_75305 k=1 prompt_chars=2588
  -> call 3452/4000: q=q_75305 k=2 prompt_chars=4865
[item 1727/2000 | repeat 1] q_10620 skill=q_10620 topic=Mathematics -> Calculus -> Integral Calculus ...
  -> call 3453/4000: q=q_10620 k=1 prompt_chars=2246
  -> call 3454/4000: q=q_10620 k=2 prompt_chars=4181
[item 1728/2000 | repeat 1] q_35148 skill=q_35148 topic=Mathematics -> Algebra -> Intermediate Algebr...
  -> call 3455/4000: q=q_35148 k=1 prompt_chars=2103
  -> call 3456/4000: q=q_35148 k=2 prompt_chars=3895
[item 1729/2000 | repeat 1] q_78909 skill=q_78909 topic=Mathematics -> Calculus -> Integral Calculus ...
  -> call 3457/4000: q=q_78909 k=1 prompt_chars=1965
  -> call 3458/4000: q=q_78909 k=2 prompt_chars=3619
[item 1730/2000 | repeat 1] q_22846 skill=q_22846 topic=Mathematics -> Number Theory -> Congruences
  -> call 3459/4000: q=q_22846 k=1 prompt_chars=1742
  -> call 3460/4000: q=q_22846 k=2 prompt_chars=3173
[item 1731/2000 | repeat 1] q_1884 skill=q_1884 topic=Mathematics -> Geometry -> Differential Geome...
  -> call 3461/4000: q=q_1884 k=1 prompt_chars=2051
  -> call 3462/4000: q=q_1884 k=2 prompt_chars=3791
[item 1732/2000 | repeat 1] q_47536 skill=q_47536 topic=Mathematics -> Algebra -> Intermediate Algebr...
  -> call 3463/4000: q=q_47536 k=1 prompt_chars=2146
  -> call 3464/4000: q=q_47536 k=2 prompt_chars=3981
[item 1733/2000 | repeat 1] q_2415 skill=q_2415 topic=Mathematics -> Algebra -> Abstract Algebra ->...
  -> call 3465/4000: q=q_2415 k=1 prompt_chars=1746
  -> call 3466/4000: q=q_2415 k=2 prompt_chars=3181
[item 1734/2000 | repeat 1] q_99449 skill=q_99449 topic=Mathematics -> Geometry -> Solid Geometry -> ...
  -> call 3467/4000: q=q_99449 k=1 prompt_chars=1964
  -> call 3468/4000: q=q_99449 k=2 prompt_chars=3617
[item 1735/2000 | repeat 1] q_38661 skill=q_38661 topic=Mathematics -> Calculus -> Integral Calculus ...
  -> call 3469/4000: q=q_38661 k=1 prompt_chars=2282
  -> call 3470/4000: q=q_38661 k=2 prompt_chars=4253
[item 1736/2000 | repeat 1] q_56371 skill=q_56371 topic=Mathematics -> Algebra -> Abstract Algebra ->...
  -> call 3471/4000: q=q_56371 k=1 prompt_chars=2410
  -> call 3472/4000: q=q_56371 k=2 prompt_chars=4509
[item 1737/2000 | repeat 1] q_15581 skill=q_15581 topic=Mathematics -> Applied Mathematics -> Statist...
  -> call 3473/4000: q=q_15581 k=1 prompt_chars=2365
  -> call 3474/4000: q=q_15581 k=2 prompt_chars=4419
[item 1738/2000 | repeat 1] q_37376 skill=q_37376 topic=Mathematics -> Precalculus -> Limits
  -> call 3475/4000: q=q_37376 k=1 prompt_chars=1928
  -> call 3476/4000: q=q_37376 k=2 prompt_chars=3545
[item 1739/2000 | repeat 1] q_59677 skill=q_59677 topic=Mathematics -> Applied Mathematics -> Statist...
  -> call 3477/4000: q=q_59677 k=1 prompt_chars=1757
  -> call 3478/4000: q=q_59677 k=2 prompt_chars=3203
[item 1740/2000 | repeat 1] q_38967 skill=q_38967 topic=Mathematics -> Calculus -> Integral Calculus ...
  -> call 3479/4000: q=q_38967 k=1 prompt_chars=2333
  -> call 3480/4000: q=q_38967 k=2 prompt_chars=4355
[item 1741/2000 | repeat 1] q_85501 skill=q_85501 topic=Mathematics -> Applied Mathematics -> Statist...
  -> call 3481/4000: q=q_85501 k=1 prompt_chars=2413
  -> call 3482/4000: q=q_85501 k=2 prompt_chars=4515
[item 1742/2000 | repeat 1] q_61084 skill=q_61084 topic=Mathematics -> Applied Mathematics -> Statist...
  -> call 3483/4000: q=q_61084 k=1 prompt_chars=2162
  -> call 3484/4000: q=q_61084 k=2 prompt_chars=4013
[item 1743/2000 | repeat 1] q_7495 skill=q_7495 topic=Mathematics -> Discrete Mathematics -> Combin...
  -> call 3485/4000: q=q_7495 k=1 prompt_chars=2460
  -> call 3486/4000: q=q_7495 k=2 prompt_chars=4609
[item 1744/2000 | repeat 1] q_9695 skill=q_9695 topic=Mathematics -> Algebra -> Algebra -> Polynomi...
  -> call 3487/4000: q=q_9695 k=1 prompt_chars=2137
  -> call 3488/4000: q=q_9695 k=2 prompt_chars=3963
[item 1745/2000 | repeat 1] q_46093 skill=q_46093 topic=Mathematics -> Differential Equations -> Ordi...
  -> call 3489/4000: q=q_46093 k=1 prompt_chars=1974
  -> call 3490/4000: q=q_46093 k=2 prompt_chars=3637
[item 1746/2000 | repeat 1] q_49504 skill=q_49504 topic=Mathematics -> Algebra -> Abstract Algebra ->...
  -> call 3491/4000: q=q_49504 k=1 prompt_chars=2003
  -> call 3492/4000: q=q_49504 k=2 prompt_chars=3695
[item 1747/2000 | repeat 1] q_28357 skill=q_28357 topic=Mathematics -> Algebra -> Abstract Algebra ->...
  -> call 3493/4000: q=q_28357 k=1 prompt_chars=1856
  -> call 3494/4000: q=q_28357 k=2 prompt_chars=3401
[item 1748/2000 | repeat 1] q_1798 skill=q_1798 topic=Mathematics -> Calculus -> Integral Calculus ...
  -> call 3495/4000: q=q_1798 k=1 prompt_chars=2178
  -> call 3496/4000: q=q_1798 k=2 prompt_chars=4045
[item 1749/2000 | repeat 1] q_76718 skill=q_76718 topic=Mathematics -> Algebra -> Algebra -> Equation...
  -> call 3497/4000: q=q_76718 k=1 prompt_chars=1945
  -> call 3498/4000: q=q_76718 k=2 prompt_chars=3579
[item 1750/2000 | repeat 1] q_66157 skill=q_66157 topic=Mathematics -> Precalculus -> Limits
  -> call 3499/4000: q=q_66157 k=1 prompt_chars=1869
  -> call 3500/4000: q=q_66157 k=2 prompt_chars=3427
[item 1751/2000 | repeat 1] q_34880 skill=q_34880 topic=Mathematics -> Algebra -> Linear Algebra -> M...
  -> call 3501/4000: q=q_34880 k=1 prompt_chars=2058
  -> call 3502/4000: q=q_34880 k=2 prompt_chars=3805
[item 1752/2000 | repeat 1] q_70993 skill=q_70993 topic=Mathematics -> Algebra -> Intermediate Algebr...
  -> call 3503/4000: q=q_70993 k=1 prompt_chars=1874
  -> call 3504/4000: q=q_70993 k=2 prompt_chars=3437
[item 1753/2000 | repeat 1] q_61280 skill=q_61280 topic=Mathematics -> Calculus -> Integral Calculus ...
  -> call 3505/4000: q=q_61280 k=1 prompt_chars=2124
  -> call 3506/4000: q=q_61280 k=2 prompt_chars=3937
[item 1754/2000 | repeat 1] q_21866 skill=q_21866 topic=Mathematics -> Calculus -> Differential Calcu...
  -> call 3507/4000: q=q_21866 k=1 prompt_chars=1683
  -> call 3508/4000: q=q_21866 k=2 prompt_chars=3055
[item 1755/2000 | repeat 1] q_73438 skill=q_73438 topic=Mathematics -> Discrete Mathematics -> Graph ...
  -> call 3509/4000: q=q_73438 k=1 prompt_chars=2701
  -> call 3510/4000: q=q_73438 k=2 prompt_chars=5091
[item 1756/2000 | repeat 1] q_65511 skill=q_65511 topic=Mathematics -> Algebra -> Linear Algebra -> M...
  -> call 3511/4000: q=q_65511 k=1 prompt_chars=1930
  -> call 3512/4000: q=q_65511 k=2 prompt_chars=3549
[item 1757/2000 | repeat 1] q_32425 skill=q_32425 topic=Mathematics -> Algebra -> Abstract Algebra ->...
  -> call 3513/4000: q=q_32425 k=1 prompt_chars=1560
  -> call 3514/4000: q=q_32425 k=2 prompt_chars=2809
[item 1758/2000 | repeat 1] q_73102 skill=q_73102 topic=Mathematics -> Geometry -> Plane Geometry -> ...
  -> call 3515/4000: q=q_73102 k=1 prompt_chars=2191
  -> call 3516/4000: q=q_73102 k=2 prompt_chars=4071
[item 1759/2000 | repeat 1] q_11352 skill=q_11352 topic=Mathematics -> Geometry -> Solid Geometry -> ...
  -> call 3517/4000: q=q_11352 k=1 prompt_chars=1947
  -> call 3518/4000: q=q_11352 k=2 prompt_chars=3583
[item 1760/2000 | repeat 1] q_36433 skill=q_36433 topic=Mathematics -> Algebra -> Algebra -> Polynomi...
  -> call 3519/4000: q=q_36433 k=1 prompt_chars=1841
  -> call 3520/4000: q=q_36433 k=2 prompt_chars=3371
[item 1761/2000 | repeat 1] q_37265 skill=q_37265 topic=Mathematics -> Number Theory -> Congruences
  -> call 3521/4000: q=q_37265 k=1 prompt_chars=1874
  -> call 3522/4000: q=q_37265 k=2 prompt_chars=3437
[item 1762/2000 | repeat 1] q_95953 skill=q_95953 topic=Mathematics -> Number Theory -> Prime Numbers
  -> call 3523/4000: q=q_95953 k=1 prompt_chars=2161
  -> call 3524/4000: q=q_95953 k=2 prompt_chars=4011
[item 1763/2000 | repeat 1] q_62076 skill=q_62076 topic=Mathematics -> Applied Mathematics -> Statist...
  -> call 3525/4000: q=q_62076 k=1 prompt_chars=2076
  -> call 3526/4000: q=q_62076 k=2 prompt_chars=3841
[item 1764/2000 | repeat 1] q_80793 skill=q_80793 topic=Mathematics -> Precalculus -> Limits
  -> call 3527/4000: q=q_80793 k=1 prompt_chars=2315
  -> call 3528/4000: q=q_80793 k=2 prompt_chars=4319
[item 1765/2000 | repeat 1] q_4142 skill=q_4142 topic=Mathematics -> Algebra -> Linear Algebra -> D...
  -> call 3529/4000: q=q_4142 k=1 prompt_chars=2591
  -> call 3530/4000: q=q_4142 k=2 prompt_chars=4871
[item 1766/2000 | repeat 1] q_78841 skill=q_78841 topic=Mathematics -> Algebra -> Linear Algebra -> L...
  -> call 3531/4000: q=q_78841 k=1 prompt_chars=2308
  -> call 3532/4000: q=q_78841 k=2 prompt_chars=4305
[item 1767/2000 | repeat 1] q_45312 skill=q_45312 topic=Mathematics -> Calculus -> Integral Calculus ...
  -> call 3533/4000: q=q_45312 k=1 prompt_chars=2708
  -> call 3534/4000: q=q_45312 k=2 prompt_chars=5105
[item 1768/2000 | repeat 1] q_31827 skill=q_31827 topic=Mathematics -> Algebra -> Intermediate Algebr...
  -> call 3535/4000: q=q_31827 k=1 prompt_chars=1585
  -> call 3536/4000: q=q_31827 k=2 prompt_chars=2859
[item 1769/2000 | repeat 1] q_47176 skill=q_47176 topic=Mathematics -> Calculus -> Differential Calcu...
  -> call 3537/4000: q=q_47176 k=1 prompt_chars=1970
  -> call 3538/4000: q=q_47176 k=2 prompt_chars=3629
[item 1770/2000 | repeat 1] q_35678 skill=q_35678 topic=Mathematics -> Algebra -> Abstract Algebra ->...
  -> call 3539/4000: q=q_35678 k=1 prompt_chars=2161
  -> call 3540/4000: q=q_35678 k=2 prompt_chars=4011
[item 1771/2000 | repeat 1] q_82782 skill=q_82782 topic=Mathematics -> Calculus -> Integral Calculus ...
  -> call 3541/4000: q=q_82782 k=1 prompt_chars=1960
  -> call 3542/4000: q=q_82782 k=2 prompt_chars=3609
[item 1772/2000 | repeat 1] q_31132 skill=q_31132 topic=Mathematics -> Algebra -> Algebra -> Equation...
  -> call 3543/4000: q=q_31132 k=1 prompt_chars=1860
  -> call 3544/4000: q=q_31132 k=2 prompt_chars=3409
[item 1773/2000 | repeat 1] q_68274 skill=q_68274 topic=Mathematics -> Applied Mathematics -> Statist...
  -> call 3545/4000: q=q_68274 k=1 prompt_chars=1906
  -> call 3546/4000: q=q_68274 k=2 prompt_chars=3501
[item 1774/2000 | repeat 1] q_23248 skill=q_23248 topic=Mathematics -> Geometry -> Differential Geome...
  -> call 3547/4000: q=q_23248 k=1 prompt_chars=2398
  -> call 3548/4000: q=q_23248 k=2 prompt_chars=4485
[item 1775/2000 | repeat 1] q_77021 skill=q_77021 topic=Mathematics -> Geometry -> Differential Geome...
  -> call 3549/4000: q=q_77021 k=1 prompt_chars=2282
  -> call 3550/4000: q=q_77021 k=2 prompt_chars=4253
[item 1776/2000 | repeat 1] q_29618 skill=q_29618 topic=Mathematics -> Algebra -> Abstract Algebra ->...
  -> call 3551/4000: q=q_29618 k=1 prompt_chars=2285
  -> call 3552/4000: q=q_29618 k=2 prompt_chars=4259
[item 1777/2000 | repeat 1] q_55852 skill=q_55852 topic=Mathematics -> Algebra -> Intermediate Algebr...
  -> call 3553/4000: q=q_55852 k=1 prompt_chars=2444
  -> call 3554/4000: q=q_55852 k=2 prompt_chars=4577
[item 1778/2000 | repeat 1] q_2829 skill=q_2829 topic=Mathematics -> Calculus -> Integral Calculus ...
  -> call 3555/4000: q=q_2829 k=1 prompt_chars=2086
  -> call 3556/4000: q=q_2829 k=2 prompt_chars=3861
[item 1779/2000 | repeat 1] q_61381 skill=q_61381 topic=Mathematics -> Algebra -> Linear Algebra -> M...
  -> call 3557/4000: q=q_61381 k=1 prompt_chars=2369
  -> call 3558/4000: q=q_61381 k=2 prompt_chars=4427
[item 1780/2000 | repeat 1] q_85243 skill=q_85243 topic=Mathematics -> Geometry -> Plane Geometry -> ...
  -> call 3559/4000: q=q_85243 k=1 prompt_chars=2270
  -> call 3560/4000: q=q_85243 k=2 prompt_chars=4229
[item 1781/2000 | repeat 1] q_28862 skill=q_28862 topic=Mathematics -> Applied Mathematics -> Statist...
  -> call 3561/4000: q=q_28862 k=1 prompt_chars=2658
  -> call 3562/4000: q=q_28862 k=2 prompt_chars=5005
[item 1782/2000 | repeat 1] q_1840 skill=q_1840 topic=Mathematics -> Number Theory -> Congruences
  -> call 3563/4000: q=q_1840 k=1 prompt_chars=1977
  -> call 3564/4000: q=q_1840 k=2 prompt_chars=3643
[item 1783/2000 | repeat 1] q_77265 skill=q_77265 topic=Mathematics -> Calculus -> Integral Calculus ...
  -> call 3565/4000: q=q_77265 k=1 prompt_chars=2104
  -> call 3566/4000: q=q_77265 k=2 prompt_chars=3897
[item 1784/2000 | repeat 1] q_20391 skill=q_20391 topic=Mathematics -> Algebra -> Intermediate Algebr...
  -> call 3567/4000: q=q_20391 k=1 prompt_chars=1753
  -> call 3568/4000: q=q_20391 k=2 prompt_chars=3195
[item 1785/2000 | repeat 1] q_570 skill=q_570 topic=Mathematics -> Calculus -> Integral Calculus ...
  -> call 3569/4000: q=q_570 k=1 prompt_chars=2416
  -> call 3570/4000: q=q_570 k=2 prompt_chars=4521
[item 1786/2000 | repeat 1] q_83789 skill=q_83789 topic=Mathematics -> Number Theory -> Factorization
  -> call 3571/4000: q=q_83789 k=1 prompt_chars=2168
  -> call 3572/4000: q=q_83789 k=2 prompt_chars=4025
[item 1787/2000 | repeat 1] q_79764 skill=q_79764 topic=Mathematics -> Discrete Mathematics -> Logic
  -> call 3573/4000: q=q_79764 k=1 prompt_chars=2020
  -> call 3574/4000: q=q_79764 k=2 prompt_chars=3729
[item 1788/2000 | repeat 1] q_77060 skill=q_77060 topic=Mathematics -> Algebra -> Linear Algebra -> O...
  -> call 3575/4000: q=q_77060 k=1 prompt_chars=1982
  -> call 3576/4000: q=q_77060 k=2 prompt_chars=3653
[item 1789/2000 | repeat 1] q_102646 skill=q_102646 topic=Mathematics -> Algebra -> Prealgebra -> Integers
  -> call 3577/4000: q=q_102646 k=1 prompt_chars=1723
  -> call 3578/4000: q=q_102646 k=2 prompt_chars=3135
[item 1790/2000 | repeat 1] q_57130 skill=q_57130 topic=Mathematics -> Algebra -> Linear Algebra -> M...
  -> call 3579/4000: q=q_57130 k=1 prompt_chars=1920
  -> call 3580/4000: q=q_57130 k=2 prompt_chars=3529
[item 1791/2000 | repeat 1] q_6045 skill=q_6045 topic=Mathematics -> Algebra -> Intermediate Algebr...
  -> call 3581/4000: q=q_6045 k=1 prompt_chars=2074
  -> call 3582/4000: q=q_6045 k=2 prompt_chars=3837
[item 1792/2000 | repeat 1] q_71588 skill=q_71588 topic=Mathematics -> Algebra -> Algebra -> Polynomi...
  -> call 3583/4000: q=q_71588 k=1 prompt_chars=2257
  -> call 3584/4000: q=q_71588 k=2 prompt_chars=4203
[item 1793/2000 | repeat 1] q_43257 skill=q_43257 topic=Mathematics -> Applied Mathematics -> Statist...
  -> call 3585/4000: q=q_43257 k=1 prompt_chars=2441
  -> call 3586/4000: q=q_43257 k=2 prompt_chars=4571
[item 1794/2000 | repeat 1] q_101806 skill=q_101806 topic=Mathematics -> Geometry -> Plane Geometry -> ...
  -> call 3587/4000: q=q_101806 k=1 prompt_chars=2359
  -> call 3588/4000: q=q_101806 k=2 prompt_chars=4407
[item 1795/2000 | repeat 1] q_27561 skill=q_27561 topic=Mathematics -> Other
  -> call 3589/4000: q=q_27561 k=1 prompt_chars=2257
  -> call 3590/4000: q=q_27561 k=2 prompt_chars=4203
[item 1796/2000 | repeat 1] q_75846 skill=q_75846 topic=Mathematics -> Calculus -> Integral Calculus ...
  -> call 3591/4000: q=q_75846 k=1 prompt_chars=2280
  -> call 3592/4000: q=q_75846 k=2 prompt_chars=4249
[item 1797/2000 | repeat 1] q_580 skill=q_580 topic=Mathematics -> Applied Mathematics -> Statist...
  -> call 3593/4000: q=q_580 k=1 prompt_chars=2081
  -> call 3594/4000: q=q_580 k=2 prompt_chars=3851
[item 1798/2000 | repeat 1] q_71395 skill=q_71395 topic=Mathematics -> Calculus -> Differential Calcu...
  -> call 3595/4000: q=q_71395 k=1 prompt_chars=2096
  -> call 3596/4000: q=q_71395 k=2 prompt_chars=3881
[item 1799/2000 | repeat 1] q_45863 skill=q_45863 topic=Mathematics -> Calculus -> Integral Calculus ...
  -> call 3597/4000: q=q_45863 k=1 prompt_chars=1958
  -> call 3598/4000: q=q_45863 k=2 prompt_chars=3605
[item 1800/2000 | repeat 1] q_21569 skill=q_21569 topic=Mathematics -> Calculus -> Integral Calculus ...
  -> call 3599/4000: q=q_21569 k=1 prompt_chars=1920
  -> call 3600/4000: q=q_21569 k=2 prompt_chars=3529
[item 1801/2000 | repeat 1] q_92979 skill=q_92979 topic=Mathematics -> Algebra -> Algebra -> Algebrai...
  -> call 3601/4000: q=q_92979 k=1 prompt_chars=2620
  -> call 3602/4000: q=q_92979 k=2 prompt_chars=4929
[item 1802/2000 | repeat 1] q_30311 skill=q_30311 topic=Mathematics -> Calculus -> Integral Calculus ...
  -> call 3603/4000: q=q_30311 k=1 prompt_chars=2117
  -> call 3604/4000: q=q_30311 k=2 prompt_chars=3923
[item 1803/2000 | repeat 1] q_20497 skill=q_20497 topic=Mathematics -> Calculus -> Differential Calcu...
  -> call 3605/4000: q=q_20497 k=1 prompt_chars=2073
  -> call 3606/4000: q=q_20497 k=2 prompt_chars=3835
[item 1804/2000 | repeat 1] q_31136 skill=q_31136 topic=Mathematics -> Calculus -> Differential Calcu...
  -> call 3607/4000: q=q_31136 k=1 prompt_chars=2350
  -> call 3608/4000: q=q_31136 k=2 prompt_chars=4389
[item 1805/2000 | repeat 1] q_79293 skill=q_79293 topic=Mathematics -> Precalculus -> Limits
  -> call 3609/4000: q=q_79293 k=1 prompt_chars=2215
  -> call 3610/4000: q=q_79293 k=2 prompt_chars=4119
[item 1806/2000 | repeat 1] q_9603 skill=q_9603 topic=Mathematics -> Number Theory -> Prime Numbers
  -> call 3611/4000: q=q_9603 k=1 prompt_chars=2536
  -> call 3612/4000: q=q_9603 k=2 prompt_chars=4761
[item 1807/2000 | repeat 1] q_60483 skill=q_60483 topic=Mathematics -> Precalculus -> Limits
  -> call 3613/4000: q=q_60483 k=1 prompt_chars=1994
  -> call 3614/4000: q=q_60483 k=2 prompt_chars=3677
[item 1808/2000 | repeat 1] q_86171 skill=q_86171 topic=Mathematics -> Discrete Mathematics -> Combin...
  -> call 3615/4000: q=q_86171 k=1 prompt_chars=2360
  -> call 3616/4000: q=q_86171 k=2 prompt_chars=4409
[item 1809/2000 | repeat 1] q_20225 skill=q_20225 topic=Mathematics -> Discrete Mathematics -> Logic
  -> call 3617/4000: q=q_20225 k=1 prompt_chars=2358
  -> call 3618/4000: q=q_20225 k=2 prompt_chars=4405
[item 1810/2000 | repeat 1] q_35719 skill=q_35719 topic=Mathematics -> Geometry -> Plane Geometry -> ...
  -> call 3619/4000: q=q_35719 k=1 prompt_chars=2898
  -> call 3620/4000: q=q_35719 k=2 prompt_chars=5485
[item 1811/2000 | repeat 1] q_64019 skill=q_64019 topic=Mathematics -> Algebra -> Intermediate Algebr...
  -> call 3621/4000: q=q_64019 k=1 prompt_chars=1803
  -> call 3622/4000: q=q_64019 k=2 prompt_chars=3295
[item 1812/2000 | repeat 1] q_51892 skill=q_51892 topic=Mathematics -> Precalculus -> Limits
  -> call 3623/4000: q=q_51892 k=1 prompt_chars=2007
  -> call 3624/4000: q=q_51892 k=2 prompt_chars=3703
[item 1813/2000 | repeat 1] q_3412 skill=q_3412 topic=Mathematics -> Algebra -> Abstract Algebra ->...
  -> call 3625/4000: q=q_3412 k=1 prompt_chars=2402
  -> call 3626/4000: q=q_3412 k=2 prompt_chars=4493
[item 1814/2000 | repeat 1] q_54354 skill=q_54354 topic=Mathematics -> Number Theory -> Congruences
  -> call 3627/4000: q=q_54354 k=1 prompt_chars=2055
  -> call 3628/4000: q=q_54354 k=2 prompt_chars=3799
[item 1815/2000 | repeat 1] q_96113 skill=q_96113 topic=Mathematics -> Applied Mathematics -> Statist...
  -> call 3629/4000: q=q_96113 k=1 prompt_chars=1826
  -> call 3630/4000: q=q_96113 k=2 prompt_chars=3341
[item 1816/2000 | repeat 1] q_70863 skill=q_70863 topic=Mathematics -> Applied Mathematics -> Statist...
  -> call 3631/4000: q=q_70863 k=1 prompt_chars=2272
  -> call 3632/4000: q=q_70863 k=2 prompt_chars=4233
[item 1817/2000 | repeat 1] q_1156 skill=q_1156 topic=Mathematics -> Discrete Mathematics -> Graph ...
  -> call 3633/4000: q=q_1156 k=1 prompt_chars=2063
  -> call 3634/4000: q=q_1156 k=2 prompt_chars=3815
[item 1818/2000 | repeat 1] q_36276 skill=q_36276 topic=Mathematics -> Applied Mathematics -> Statist...
  -> call 3635/4000: q=q_36276 k=1 prompt_chars=2511
  -> call 3636/4000: q=q_36276 k=2 prompt_chars=4711
[item 1819/2000 | repeat 1] q_82484 skill=q_82484 topic=Mathematics -> Calculus -> Differential Calcu...
  -> call 3637/4000: q=q_82484 k=1 prompt_chars=2055
  -> call 3638/4000: q=q_82484 k=2 prompt_chars=3799
[item 1820/2000 | repeat 1] q_81747 skill=q_81747 topic=Mathematics -> Number Theory -> Congruences
  -> call 3639/4000: q=q_81747 k=1 prompt_chars=1969
  -> call 3640/4000: q=q_81747 k=2 prompt_chars=3627
[item 1821/2000 | repeat 1] q_92127 skill=q_92127 topic=Mathematics -> Geometry -> Plane Geometry -> ...
  -> call 3641/4000: q=q_92127 k=1 prompt_chars=2484
  -> call 3642/4000: q=q_92127 k=2 prompt_chars=4657
[item 1822/2000 | repeat 1] q_26632 skill=q_26632 topic=Mathematics -> Algebra -> Abstract Algebra ->...
  -> call 3643/4000: q=q_26632 k=1 prompt_chars=2013
  -> call 3644/4000: q=q_26632 k=2 prompt_chars=3715
[item 1823/2000 | repeat 1] q_82950 skill=q_82950 topic=Mathematics -> Calculus -> Integral Calculus ...
  -> call 3645/4000: q=q_82950 k=1 prompt_chars=2327
  -> call 3646/4000: q=q_82950 k=2 prompt_chars=4343
[item 1824/2000 | repeat 1] q_94872 skill=q_94872 topic=Mathematics -> Algebra -> Prealgebra -> Integers
  -> call 3647/4000: q=q_94872 k=1 prompt_chars=1908
  -> call 3648/4000: q=q_94872 k=2 prompt_chars=3505
[item 1825/2000 | repeat 1] q_935 skill=q_935 topic=Mathematics -> Algebra -> Abstract Algebra ->...
  -> call 3649/4000: q=q_935 k=1 prompt_chars=2239
  -> call 3650/4000: q=q_935 k=2 prompt_chars=4167
[item 1826/2000 | repeat 1] q_102848 skill=q_102848 topic=Mathematics -> Algebra -> Prealgebra -> Integers
  -> call 3651/4000: q=q_102848 k=1 prompt_chars=2571
  -> call 3652/4000: q=q_102848 k=2 prompt_chars=4831
[item 1827/2000 | repeat 1] q_65903 skill=q_65903 topic=Mathematics -> Calculus -> Differential Calcu...
  -> call 3653/4000: q=q_65903 k=1 prompt_chars=2429
  -> call 3654/4000: q=q_65903 k=2 prompt_chars=4547
[item 1828/2000 | repeat 1] q_9059 skill=q_9059 topic=Mathematics -> Algebra -> Abstract Algebra ->...
  -> call 3655/4000: q=q_9059 k=1 prompt_chars=1745
  -> call 3656/4000: q=q_9059 k=2 prompt_chars=3179
[item 1829/2000 | repeat 1] q_13095 skill=q_13095 topic=Mathematics -> Calculus -> Differential Calcu...
  -> call 3657/4000: q=q_13095 k=1 prompt_chars=2231
  -> call 3658/4000: q=q_13095 k=2 prompt_chars=4151
[item 1830/2000 | repeat 1] q_27569 skill=q_27569 topic=Mathematics -> Geometry -> Differential Geome...
  -> call 3659/4000: q=q_27569 k=1 prompt_chars=2042
  -> call 3660/4000: q=q_27569 k=2 prompt_chars=3773
[item 1831/2000 | repeat 1] q_25991 skill=q_25991 topic=Mathematics -> Calculus -> Integral Calculus ...
  -> call 3661/4000: q=q_25991 k=1 prompt_chars=2314
  -> call 3662/4000: q=q_25991 k=2 prompt_chars=4317
[item 1832/2000 | repeat 1] q_51312 skill=q_51312 topic=Mathematics -> Algebra -> Abstract Algebra ->...
  -> call 3663/4000: q=q_51312 k=1 prompt_chars=2716
  -> call 3664/4000: q=q_51312 k=2 prompt_chars=5121
[item 1833/2000 | repeat 1] q_27082 skill=q_27082 topic=Mathematics -> Other
  -> call 3665/4000: q=q_27082 k=1 prompt_chars=1914
  -> call 3666/4000: q=q_27082 k=2 prompt_chars=3517
[item 1834/2000 | repeat 1] q_206 skill=q_206 topic=Mathematics -> Calculus -> Integral Calculus ...
  -> call 3667/4000: q=q_206 k=1 prompt_chars=2110
  -> call 3668/4000: q=q_206 k=2 prompt_chars=3909
[item 1835/2000 | repeat 1] q_10967 skill=q_10967 topic=Mathematics -> Discrete Mathematics -> Combin...
  -> call 3669/4000: q=q_10967 k=1 prompt_chars=1873
  -> call 3670/4000: q=q_10967 k=2 prompt_chars=3435
[item 1836/2000 | repeat 1] q_64413 skill=q_64413 topic=Mathematics -> Algebra -> Abstract Algebra ->...
  -> call 3671/4000: q=q_64413 k=1 prompt_chars=2235
  -> call 3672/4000: q=q_64413 k=2 prompt_chars=4159
[item 1837/2000 | repeat 1] q_21157 skill=q_21157 topic=Mathematics -> Algebra -> Abstract Algebra ->...
  -> call 3673/4000: q=q_21157 k=1 prompt_chars=1933
  -> call 3674/4000: q=q_21157 k=2 prompt_chars=3555
[item 1838/2000 | repeat 1] q_9084 skill=q_9084 topic=Mathematics -> Calculus -> Differential Calcu...
  -> call 3675/4000: q=q_9084 k=1 prompt_chars=1760
  -> call 3676/4000: q=q_9084 k=2 prompt_chars=3209
[item 1839/2000 | repeat 1] q_73071 skill=q_73071 topic=Mathematics -> Algebra -> Abstract Algebra ->...
  -> call 3677/4000: q=q_73071 k=1 prompt_chars=1894
  -> call 3678/4000: q=q_73071 k=2 prompt_chars=3477
[item 1840/2000 | repeat 1] q_15477 skill=q_15477 topic=Mathematics -> Calculus -> Differential Calcu...
  -> call 3679/4000: q=q_15477 k=1 prompt_chars=1992
  -> call 3680/4000: q=q_15477 k=2 prompt_chars=3673
[item 1841/2000 | repeat 1] q_20269 skill=q_20269 topic=Mathematics -> Precalculus -> Limits
  -> call 3681/4000: q=q_20269 k=1 prompt_chars=2048
  -> call 3682/4000: q=q_20269 k=2 prompt_chars=3785
[item 1842/2000 | repeat 1] q_17437 skill=q_17437 topic=Mathematics -> Algebra -> Intermediate Algebr...
  -> call 3683/4000: q=q_17437 k=1 prompt_chars=2516
  -> call 3684/4000: q=q_17437 k=2 prompt_chars=4721
[item 1843/2000 | repeat 1] q_65463 skill=q_65463 topic=Mathematics -> Algebra -> Abstract Algebra ->...
  -> call 3685/4000: q=q_65463 k=1 prompt_chars=2295
  -> call 3686/4000: q=q_65463 k=2 prompt_chars=4279
[item 1844/2000 | repeat 1] q_2269 skill=q_2269 topic=Mathematics -> Discrete Mathematics -> Logic
  -> call 3687/4000: q=q_2269 k=1 prompt_chars=2221
  -> call 3688/4000: q=q_2269 k=2 prompt_chars=4131
[item 1845/2000 | repeat 1] q_18682 skill=q_18682 topic=Mathematics -> Calculus -> Integral Calculus ...
  -> call 3689/4000: q=q_18682 k=1 prompt_chars=2186
  -> call 3690/4000: q=q_18682 k=2 prompt_chars=4061
[item 1846/2000 | repeat 1] q_76068 skill=q_76068 topic=Mathematics -> Precalculus -> Limits
  -> call 3691/4000: q=q_76068 k=1 prompt_chars=1870
  -> call 3692/4000: q=q_76068 k=2 prompt_chars=3429
[item 1847/2000 | repeat 1] q_574 skill=q_574 topic=Mathematics -> Applied Mathematics -> Statist...
  -> call 3693/4000: q=q_574 k=1 prompt_chars=1732
  -> call 3694/4000: q=q_574 k=2 prompt_chars=3153
[item 1848/2000 | repeat 1] q_69642 skill=q_69642 topic=Mathematics -> Precalculus -> Limits
  -> call 3695/4000: q=q_69642 k=1 prompt_chars=1375
  -> call 3696/4000: q=q_69642 k=2 prompt_chars=2439
[item 1849/2000 | repeat 1] q_48958 skill=q_48958 topic=Mathematics -> Discrete Mathematics -> Combin...
  -> call 3697/4000: q=q_48958 k=1 prompt_chars=2022
  -> call 3698/4000: q=q_48958 k=2 prompt_chars=3733
[item 1850/2000 | repeat 1] q_98732 skill=q_98732 topic=Mathematics -> Algebra -> Intermediate Algebr...
  -> call 3699/4000: q=q_98732 k=1 prompt_chars=1828
  -> call 3700/4000: q=q_98732 k=2 prompt_chars=3345
[item 1851/2000 | repeat 1] q_83918 skill=q_83918 topic=Mathematics -> Algebra -> Algebra -> Equation...
  -> call 3701/4000: q=q_83918 k=1 prompt_chars=1848
  -> call 3702/4000: q=q_83918 k=2 prompt_chars=3385
[item 1852/2000 | repeat 1] q_94338 skill=q_94338 topic=Mathematics -> Algebra -> Prealgebra -> Integers
  -> call 3703/4000: q=q_94338 k=1 prompt_chars=2348
  -> call 3704/4000: q=q_94338 k=2 prompt_chars=4385
[item 1853/2000 | repeat 1] q_227 skill=q_227 topic=Mathematics -> Applied Mathematics -> Statist...
  -> call 3705/4000: q=q_227 k=1 prompt_chars=1853
  -> call 3706/4000: q=q_227 k=2 prompt_chars=3395
[item 1854/2000 | repeat 1] q_3669 skill=q_3669 topic=Mathematics -> Algebra -> Abstract Algebra ->...
  -> call 3707/4000: q=q_3669 k=1 prompt_chars=2495
  -> call 3708/4000: q=q_3669 k=2 prompt_chars=4679
[item 1855/2000 | repeat 1] q_24140 skill=q_24140 topic=Mathematics -> Number Theory -> Factorization
  -> call 3709/4000: q=q_24140 k=1 prompt_chars=1980
  -> call 3710/4000: q=q_24140 k=2 prompt_chars=3649
[item 1856/2000 | repeat 1] q_46925 skill=q_46925 topic=Mathematics -> Algebra -> Algebra -> Polynomi...
  -> call 3711/4000: q=q_46925 k=1 prompt_chars=1820
  -> call 3712/4000: q=q_46925 k=2 prompt_chars=3329
[item 1857/2000 | repeat 1] q_8540 skill=q_8540 topic=Mathematics -> Calculus -> Integral Calculus ...
  -> call 3713/4000: q=q_8540 k=1 prompt_chars=1822
  -> call 3714/4000: q=q_8540 k=2 prompt_chars=3333
[item 1858/2000 | repeat 1] q_16710 skill=q_16710 topic=Mathematics -> Algebra -> Abstract Algebra ->...
  -> call 3715/4000: q=q_16710 k=1 prompt_chars=2051
  -> call 3716/4000: q=q_16710 k=2 prompt_chars=3791
[item 1859/2000 | repeat 1] q_14477 skill=q_14477 topic=Mathematics -> Precalculus -> Limits
  -> call 3717/4000: q=q_14477 k=1 prompt_chars=1855
  -> call 3718/4000: q=q_14477 k=2 prompt_chars=3399
[item 1860/2000 | repeat 1] q_35003 skill=q_35003 topic=Mathematics -> Calculus -> Integral Calculus ...
  -> call 3719/4000: q=q_35003 k=1 prompt_chars=2334
  -> call 3720/4000: q=q_35003 k=2 prompt_chars=4357
[item 1861/2000 | repeat 1] q_57187 skill=q_57187 topic=Mathematics -> Calculus -> Integral Calculus ...
  -> call 3721/4000: q=q_57187 k=1 prompt_chars=1834
  -> call 3722/4000: q=q_57187 k=2 prompt_chars=3357
[item 1862/2000 | repeat 1] q_20519 skill=q_20519 topic=Mathematics -> Precalculus -> Limits
  -> call 3723/4000: q=q_20519 k=1 prompt_chars=2198
  -> call 3724/4000: q=q_20519 k=2 prompt_chars=4085
[item 1863/2000 | repeat 1] q_75747 skill=q_75747 topic=Mathematics -> Algebra -> Algebra -> Polynomi...
  -> call 3725/4000: q=q_75747 k=1 prompt_chars=2159
  -> call 3726/4000: q=q_75747 k=2 prompt_chars=4007
[item 1864/2000 | repeat 1] q_46187 skill=q_46187 topic=Mathematics -> Discrete Mathematics -> Combin...
  -> call 3727/4000: q=q_46187 k=1 prompt_chars=2103
  -> call 3728/4000: q=q_46187 k=2 prompt_chars=3895
[item 1865/2000 | repeat 1] q_48367 skill=q_48367 topic=Mathematics -> Algebra -> Abstract Algebra ->...
  -> call 3729/4000: q=q_48367 k=1 prompt_chars=2044
  -> call 3730/4000: q=q_48367 k=2 prompt_chars=3777
[item 1866/2000 | repeat 1] q_4211 skill=q_4211 topic=Mathematics -> Applied Mathematics -> Statist...
  -> call 3731/4000: q=q_4211 k=1 prompt_chars=1905
  -> call 3732/4000: q=q_4211 k=2 prompt_chars=3499
[item 1867/2000 | repeat 1] q_46593 skill=q_46593 topic=Mathematics -> Number Theory -> Other
  -> call 3733/4000: q=q_46593 k=1 prompt_chars=1957
  -> call 3734/4000: q=q_46593 k=2 prompt_chars=3603
[item 1868/2000 | repeat 1] q_79284 skill=q_79284 topic=Mathematics -> Algebra -> Abstract Algebra ->...
  -> call 3735/4000: q=q_79284 k=1 prompt_chars=2272
  -> call 3736/4000: q=q_79284 k=2 prompt_chars=4233
[item 1869/2000 | repeat 1] q_94696 skill=q_94696 topic=Mathematics -> Algebra -> Intermediate Algebr...
  -> call 3737/4000: q=q_94696 k=1 prompt_chars=1715
  -> call 3738/4000: q=q_94696 k=2 prompt_chars=3119
[item 1870/2000 | repeat 1] q_78275 skill=q_78275 topic=Mathematics -> Applied Mathematics -> Statist...
  -> call 3739/4000: q=q_78275 k=1 prompt_chars=1868
  -> call 3740/4000: q=q_78275 k=2 prompt_chars=3425
[item 1871/2000 | repeat 1] q_87146 skill=q_87146 topic=Mathematics -> Geometry -> Plane Geometry -> ...
  -> call 3741/4000: q=q_87146 k=1 prompt_chars=2176
  -> call 3742/4000: q=q_87146 k=2 prompt_chars=4041
[item 1872/2000 | repeat 1] q_3906 skill=q_3906 topic=Mathematics -> Algebra -> Abstract Algebra ->...
  -> call 3743/4000: q=q_3906 k=1 prompt_chars=2059
  -> call 3744/4000: q=q_3906 k=2 prompt_chars=3807
[item 1873/2000 | repeat 1] q_56755 skill=q_56755 topic=Mathematics -> Calculus -> Integral Calculus ...
  -> call 3745/4000: q=q_56755 k=1 prompt_chars=2402
  -> call 3746/4000: q=q_56755 k=2 prompt_chars=4493
[item 1874/2000 | repeat 1] q_88420 skill=q_88420 topic=Mathematics -> Discrete Mathematics -> Combin...
  -> call 3747/4000: q=q_88420 k=1 prompt_chars=2592
  -> call 3748/4000: q=q_88420 k=2 prompt_chars=4873
[item 1875/2000 | repeat 1] q_77683 skill=q_77683 topic=Mathematics -> Calculus -> Integral Calculus ...
  -> call 3749/4000: q=q_77683 k=1 prompt_chars=2172
  -> call 3750/4000: q=q_77683 k=2 prompt_chars=4033
[item 1876/2000 | repeat 1] q_57808 skill=q_57808 topic=Mathematics -> Algebra -> Intermediate Algebr...
  -> call 3751/4000: q=q_57808 k=1 prompt_chars=2063
  -> call 3752/4000: q=q_57808 k=2 prompt_chars=3815
[item 1877/2000 | repeat 1] q_51433 skill=q_51433 topic=Mathematics -> Algebra -> Abstract Algebra ->...
  -> call 3753/4000: q=q_51433 k=1 prompt_chars=2468
  -> call 3754/4000: q=q_51433 k=2 prompt_chars=4625
[item 1878/2000 | repeat 1] q_80450 skill=q_80450 topic=Mathematics -> Other
  -> call 3755/4000: q=q_80450 k=1 prompt_chars=2146
  -> call 3756/4000: q=q_80450 k=2 prompt_chars=3981
[item 1879/2000 | repeat 1] q_89309 skill=q_89309 topic=Mathematics -> Algebra -> Algebra -> Equation...
  -> call 3757/4000: q=q_89309 k=1 prompt_chars=2062
  -> call 3758/4000: q=q_89309 k=2 prompt_chars=3813
[item 1880/2000 | repeat 1] q_60876 skill=q_60876 topic=Mathematics -> Number Theory -> Other
  -> call 3759/4000: q=q_60876 k=1 prompt_chars=2329
  -> call 3760/4000: q=q_60876 k=2 prompt_chars=4347
[item 1881/2000 | repeat 1] q_21975 skill=q_21975 topic=Mathematics -> Applied Mathematics -> Statist...
  -> call 3761/4000: q=q_21975 k=1 prompt_chars=2131
  -> call 3762/4000: q=q_21975 k=2 prompt_chars=3951
[item 1882/2000 | repeat 1] q_102783 skill=q_102783 topic=Mathematics -> Algebra -> Intermediate Algebr...
  -> call 3763/4000: q=q_102783 k=1 prompt_chars=2159
  -> call 3764/4000: q=q_102783 k=2 prompt_chars=4007
[item 1883/2000 | repeat 1] q_59974 skill=q_59974 topic=Mathematics -> Calculus -> Differential Calcu...
  -> call 3765/4000: q=q_59974 k=1 prompt_chars=2197
  -> call 3766/4000: q=q_59974 k=2 prompt_chars=4083
[item 1884/2000 | repeat 1] q_76082 skill=q_76082 topic=Mathematics -> Applied Mathematics -> Statist...
  -> call 3767/4000: q=q_76082 k=1 prompt_chars=2068
  -> call 3768/4000: q=q_76082 k=2 prompt_chars=3825
[item 1885/2000 | repeat 1] q_87268 skill=q_87268 topic=Mathematics -> Discrete Mathematics -> Combin...
  -> call 3769/4000: q=q_87268 k=1 prompt_chars=2008
  -> call 3770/4000: q=q_87268 k=2 prompt_chars=3705
[item 1886/2000 | repeat 1] q_30304 skill=q_30304 topic=Mathematics -> Other
  -> call 3771/4000: q=q_30304 k=1 prompt_chars=2206
  -> call 3772/4000: q=q_30304 k=2 prompt_chars=4101
[item 1887/2000 | repeat 1] q_95703 skill=q_95703 topic=Mathematics -> Precalculus -> Trigonometric F...
  -> call 3773/4000: q=q_95703 k=1 prompt_chars=1964
  -> call 3774/4000: q=q_95703 k=2 prompt_chars=3617
[item 1888/2000 | repeat 1] q_47827 skill=q_47827 topic=Mathematics -> Applied Mathematics -> Statist...
  -> call 3775/4000: q=q_47827 k=1 prompt_chars=2096
  -> call 3776/4000: q=q_47827 k=2 prompt_chars=3881
[item 1889/2000 | repeat 1] q_34776 skill=q_34776 topic=Mathematics -> Calculus -> Integral Calculus ...
  -> call 3777/4000: q=q_34776 k=1 prompt_chars=2332
  -> call 3778/4000: q=q_34776 k=2 prompt_chars=4353
[item 1890/2000 | repeat 1] q_96605 skill=q_96605 topic=Mathematics -> Geometry -> Solid Geometry -> ...
  -> call 3779/4000: q=q_96605 k=1 prompt_chars=1855
  -> call 3780/4000: q=q_96605 k=2 prompt_chars=3399
[item 1891/2000 | repeat 1] q_29765 skill=q_29765 topic=Mathematics -> Algebra -> Abstract Algebra ->...
  -> call 3781/4000: q=q_29765 k=1 prompt_chars=1950
  -> call 3782/4000: q=q_29765 k=2 prompt_chars=3589
[item 1892/2000 | repeat 1] q_54128 skill=q_54128 topic=Mathematics -> Applied Mathematics -> Statist...
  -> call 3783/4000: q=q_54128 k=1 prompt_chars=2000
  -> call 3784/4000: q=q_54128 k=2 prompt_chars=3689
[item 1893/2000 | repeat 1] q_27093 skill=q_27093 topic=Mathematics -> Calculus -> Integral Calculus ...
  -> call 3785/4000: q=q_27093 k=1 prompt_chars=1932
  -> call 3786/4000: q=q_27093 k=2 prompt_chars=3553
[item 1894/2000 | repeat 1] q_74663 skill=q_74663 topic=Mathematics -> Precalculus -> Limits
  -> call 3787/4000: q=q_74663 k=1 prompt_chars=2032
  -> call 3788/4000: q=q_74663 k=2 prompt_chars=3753
[item 1895/2000 | repeat 1] q_25724 skill=q_25724 topic=Mathematics -> Other
  -> call 3789/4000: q=q_25724 k=1 prompt_chars=2185
  -> call 3790/4000: q=q_25724 k=2 prompt_chars=4059
[item 1896/2000 | repeat 1] q_91809 skill=q_91809 topic=Mathematics -> Number Theory -> Congruences
  -> call 3791/4000: q=q_91809 k=1 prompt_chars=1697
  -> call 3792/4000: q=q_91809 k=2 prompt_chars=3083
[item 1897/2000 | repeat 1] q_62092 skill=q_62092 topic=Mathematics -> Number Theory -> Other
  -> call 3793/4000: q=q_62092 k=1 prompt_chars=2351
  -> call 3794/4000: q=q_62092 k=2 prompt_chars=4391
[item 1898/2000 | repeat 1] q_92017 skill=q_92017 topic=Mathematics -> Number Theory -> Prime Numbers
  -> call 3795/4000: q=q_92017 k=1 prompt_chars=2086
  -> call 3796/4000: q=q_92017 k=2 prompt_chars=3861
[item 1899/2000 | repeat 1] q_86043 skill=q_86043 topic=Mathematics -> Precalculus -> Trigonometric F...
  -> call 3797/4000: q=q_86043 k=1 prompt_chars=2068
  -> call 3798/4000: q=q_86043 k=2 prompt_chars=3825
[item 1900/2000 | repeat 1] q_25910 skill=q_25910 topic=Mathematics -> Calculus -> Integral Calculus ...
  -> call 3799/4000: q=q_25910 k=1 prompt_chars=2161
  -> call 3800/4000: q=q_25910 k=2 prompt_chars=4011
[item 1901/2000 | repeat 1] q_59153 skill=q_59153 topic=Mathematics -> Algebra -> Algebra -> Polynomi...
  -> call 3801/4000: q=q_59153 k=1 prompt_chars=1976
  -> call 3802/4000: q=q_59153 k=2 prompt_chars=3641
[item 1902/2000 | repeat 1] q_3340 skill=q_3340 topic=Mathematics -> Calculus -> Differential Calcu...
  -> call 3803/4000: q=q_3340 k=1 prompt_chars=2201
  -> call 3804/4000: q=q_3340 k=2 prompt_chars=4091
[item 1903/2000 | repeat 1] q_55902 skill=q_55902 topic=Mathematics -> Precalculus -> Limits
  -> call 3805/4000: q=q_55902 k=1 prompt_chars=1994
  -> call 3806/4000: q=q_55902 k=2 prompt_chars=3677
[item 1904/2000 | repeat 1] q_48478 skill=q_48478 topic=Mathematics -> Algebra -> Linear Algebra -> M...
  -> call 3807/4000: q=q_48478 k=1 prompt_chars=1839
  -> call 3808/4000: q=q_48478 k=2 prompt_chars=3367
[item 1905/2000 | repeat 1] q_42918 skill=q_42918 topic=Mathematics -> Algebra -> Abstract Algebra ->...
  -> call 3809/4000: q=q_42918 k=1 prompt_chars=1888
  -> call 3810/4000: q=q_42918 k=2 prompt_chars=3465
[item 1906/2000 | repeat 1] q_59243 skill=q_59243 topic=Mathematics -> Calculus -> Differential Calcu...
  -> call 3811/4000: q=q_59243 k=1 prompt_chars=1907
  -> call 3812/4000: q=q_59243 k=2 prompt_chars=3503
[item 1907/2000 | repeat 1] q_38331 skill=q_38331 topic=Mathematics -> Calculus -> Integral Calculus ...
  -> call 3813/4000: q=q_38331 k=1 prompt_chars=1956
  -> call 3814/4000: q=q_38331 k=2 prompt_chars=3601
[item 1908/2000 | repeat 1] q_72361 skill=q_72361 topic=Mathematics -> Algebra -> Abstract Algebra ->...
  -> call 3815/4000: q=q_72361 k=1 prompt_chars=1818
  -> call 3816/4000: q=q_72361 k=2 prompt_chars=3325
[item 1909/2000 | repeat 1] q_63743 skill=q_63743 topic=Mathematics -> Algebra -> Algebra -> Polynomi...
  -> call 3817/4000: q=q_63743 k=1 prompt_chars=2117
  -> call 3818/4000: q=q_63743 k=2 prompt_chars=3923
[item 1910/2000 | repeat 1] q_65684 skill=q_65684 topic=Mathematics -> Calculus -> Differential Calcu...
  -> call 3819/4000: q=q_65684 k=1 prompt_chars=2031
  -> call 3820/4000: q=q_65684 k=2 prompt_chars=3751
[item 1911/2000 | repeat 1] q_12612 skill=q_12612 topic=Mathematics -> Calculus -> Differential Calcu...
  -> call 3821/4000: q=q_12612 k=1 prompt_chars=2013
  -> call 3822/4000: q=q_12612 k=2 prompt_chars=3715
[item 1912/2000 | repeat 1] q_80422 skill=q_80422 topic=Mathematics -> Algebra -> Intermediate Algebr...
  -> call 3823/4000: q=q_80422 k=1 prompt_chars=1903
  -> call 3824/4000: q=q_80422 k=2 prompt_chars=3495
[item 1913/2000 | repeat 1] q_16149 skill=q_16149 topic=Mathematics -> Calculus -> Integral Calculus ...
  -> call 3825/4000: q=q_16149 k=1 prompt_chars=2559
  -> call 3826/4000: q=q_16149 k=2 prompt_chars=4807
[item 1914/2000 | repeat 1] q_54817 skill=q_54817 topic=Mathematics -> Geometry -> Plane Geometry -> ...
  -> call 3827/4000: q=q_54817 k=1 prompt_chars=2367
  -> call 3828/4000: q=q_54817 k=2 prompt_chars=4423
[item 1915/2000 | repeat 1] q_77473 skill=q_77473 topic=Mathematics -> Calculus -> Differential Calcu...
  -> call 3829/4000: q=q_77473 k=1 prompt_chars=2337
  -> call 3830/4000: q=q_77473 k=2 prompt_chars=4363
[item 1916/2000 | repeat 1] q_9133 skill=q_9133 topic=Mathematics -> Applied Mathematics -> Statist...
  -> call 3831/4000: q=q_9133 k=1 prompt_chars=2732
  -> call 3832/4000: q=q_9133 k=2 prompt_chars=5153
[item 1917/2000 | repeat 1] q_77485 skill=q_77485 topic=Mathematics -> Algebra -> Intermediate Algebr...
  -> call 3833/4000: q=q_77485 k=1 prompt_chars=2371
  -> call 3834/4000: q=q_77485 k=2 prompt_chars=4431
[item 1918/2000 | repeat 1] q_67408 skill=q_67408 topic=Mathematics -> Calculus -> Differential Calcu...
  -> call 3835/4000: q=q_67408 k=1 prompt_chars=1804
  -> call 3836/4000: q=q_67408 k=2 prompt_chars=3297
[item 1919/2000 | repeat 1] q_79477 skill=q_79477 topic=Mathematics -> Precalculus -> Limits
  -> call 3837/4000: q=q_79477 k=1 prompt_chars=1910
  -> call 3838/4000: q=q_79477 k=2 prompt_chars=3509
[item 1920/2000 | repeat 1] q_87492 skill=q_87492 topic=Mathematics -> Algebra -> Intermediate Algebr...
  -> call 3839/4000: q=q_87492 k=1 prompt_chars=1592
  -> call 3840/4000: q=q_87492 k=2 prompt_chars=2873
[item 1921/2000 | repeat 1] q_92764 skill=q_92764 topic=Mathematics -> Discrete Mathematics -> Combin...
  -> call 3841/4000: q=q_92764 k=1 prompt_chars=2252
  -> call 3842/4000: q=q_92764 k=2 prompt_chars=4193
[item 1922/2000 | repeat 1] q_39254 skill=q_39254 topic=Mathematics -> Number Theory -> Congruences
  -> call 3843/4000: q=q_39254 k=1 prompt_chars=1954
  -> call 3844/4000: q=q_39254 k=2 prompt_chars=3597
[item 1923/2000 | repeat 1] q_69461 skill=q_69461 topic=Mathematics -> Other
  -> call 3845/4000: q=q_69461 k=1 prompt_chars=1999
  -> call 3846/4000: q=q_69461 k=2 prompt_chars=3687
[item 1924/2000 | repeat 1] q_6242 skill=q_6242 topic=Mathematics -> Algebra -> Linear Algebra -> M...
  -> call 3847/4000: q=q_6242 k=1 prompt_chars=1771
  -> call 3848/4000: q=q_6242 k=2 prompt_chars=3231
[item 1925/2000 | repeat 1] q_75036 skill=q_75036 topic=Mathematics -> Precalculus -> Limits
  -> call 3849/4000: q=q_75036 k=1 prompt_chars=2248
  -> call 3850/4000: q=q_75036 k=2 prompt_chars=4185
[item 1926/2000 | repeat 1] q_39653 skill=q_39653 topic=Mathematics -> Discrete Mathematics -> Logic
  -> call 3851/4000: q=q_39653 k=1 prompt_chars=1614
  -> call 3852/4000: q=q_39653 k=2 prompt_chars=2917
[item 1927/2000 | repeat 1] q_43943 skill=q_43943 topic=Mathematics -> Precalculus -> Limits
  -> call 3853/4000: q=q_43943 k=1 prompt_chars=1511
  -> call 3854/4000: q=q_43943 k=2 prompt_chars=2711
[item 1928/2000 | repeat 1] q_26275 skill=q_26275 topic=Mathematics -> Calculus -> Integral Calculus ...
  -> call 3855/4000: q=q_26275 k=1 prompt_chars=2055
  -> call 3856/4000: q=q_26275 k=2 prompt_chars=3799
[item 1929/2000 | repeat 1] q_101578 skill=q_101578 topic=Mathematics -> Algebra -> Prealgebra -> Integers
  -> call 3857/4000: q=q_101578 k=1 prompt_chars=1651
  -> call 3858/4000: q=q_101578 k=2 prompt_chars=2991
[item 1930/2000 | repeat 1] q_473 skill=q_473 topic=Mathematics -> Algebra -> Algebra -> Equation...
  -> call 3859/4000: q=q_473 k=1 prompt_chars=1777
  -> call 3860/4000: q=q_473 k=2 prompt_chars=3243
[item 1931/2000 | repeat 1] q_81479 skill=q_81479 topic=Mathematics -> Precalculus -> Limits
  -> call 3861/4000: q=q_81479 k=1 prompt_chars=1985
  -> call 3862/4000: q=q_81479 k=2 prompt_chars=3659
[item 1932/2000 | repeat 1] q_24487 skill=q_24487 topic=Mathematics -> Calculus -> Differential Calcu...
  -> call 3863/4000: q=q_24487 k=1 prompt_chars=2164
  -> call 3864/4000: q=q_24487 k=2 prompt_chars=4017
[item 1933/2000 | repeat 1] q_5089 skill=q_5089 topic=Mathematics -> Calculus -> Integral Calculus ...
  -> call 3865/4000: q=q_5089 k=1 prompt_chars=2419
  -> call 3866/4000: q=q_5089 k=2 prompt_chars=4527
[item 1934/2000 | repeat 1] q_52157 skill=q_52157 topic=Mathematics -> Calculus -> Differential Calcu...
  -> call 3867/4000: q=q_52157 k=1 prompt_chars=1984
  -> call 3868/4000: q=q_52157 k=2 prompt_chars=3657
[item 1935/2000 | repeat 1] q_52197 skill=q_52197 topic=Mathematics -> Calculus -> Integral Calculus ...
  -> call 3869/4000: q=q_52197 k=1 prompt_chars=2342
  -> call 3870/4000: q=q_52197 k=2 prompt_chars=4373
[item 1936/2000 | repeat 1] q_94816 skill=q_94816 topic=Mathematics -> Geometry -> Plane Geometry -> ...
  -> call 3871/4000: q=q_94816 k=1 prompt_chars=1933
  -> call 3872/4000: q=q_94816 k=2 prompt_chars=3555
[item 1937/2000 | repeat 1] q_83825 skill=q_83825 topic=Mathematics -> Discrete Mathematics -> Combin...
  -> call 3873/4000: q=q_83825 k=1 prompt_chars=2303
  -> call 3874/4000: q=q_83825 k=2 prompt_chars=4295
[item 1938/2000 | repeat 1] q_24464 skill=q_24464 topic=Mathematics -> Algebra -> Intermediate Algebr...
  -> call 3875/4000: q=q_24464 k=1 prompt_chars=1983
  -> call 3876/4000: q=q_24464 k=2 prompt_chars=3655
[item 1939/2000 | repeat 1] q_16940 skill=q_16940 topic=Mathematics -> Applied Mathematics -> Statist...
  -> call 3877/4000: q=q_16940 k=1 prompt_chars=2365
  -> call 3878/4000: q=q_16940 k=2 prompt_chars=4419
[item 1940/2000 | repeat 1] q_59586 skill=q_59586 topic=Mathematics -> Calculus -> Integral Calculus ...
  -> call 3879/4000: q=q_59586 k=1 prompt_chars=2012
  -> call 3880/4000: q=q_59586 k=2 prompt_chars=3713
[item 1941/2000 | repeat 1] q_42768 skill=q_42768 topic=Mathematics -> Geometry -> Plane Geometry -> ...
  -> call 3881/4000: q=q_42768 k=1 prompt_chars=2163
  -> call 3882/4000: q=q_42768 k=2 prompt_chars=4015
[item 1942/2000 | repeat 1] q_25163 skill=q_25163 topic=Mathematics -> Algebra -> Abstract Algebra ->...
  -> call 3883/4000: q=q_25163 k=1 prompt_chars=1874
  -> call 3884/4000: q=q_25163 k=2 prompt_chars=3437
[item 1943/2000 | repeat 1] q_25644 skill=q_25644 topic=Mathematics -> Algebra -> Abstract Algebra ->...
  -> call 3885/4000: q=q_25644 k=1 prompt_chars=2373
  -> call 3886/4000: q=q_25644 k=2 prompt_chars=4435
[item 1944/2000 | repeat 1] q_27164 skill=q_27164 topic=Mathematics -> Calculus -> Integral Calculus ...
  -> call 3887/4000: q=q_27164 k=1 prompt_chars=1742
  -> call 3888/4000: q=q_27164 k=2 prompt_chars=3173
[item 1945/2000 | repeat 1] q_8693 skill=q_8693 topic=Mathematics -> Algebra -> Abstract Algebra ->...
  -> call 3889/4000: q=q_8693 k=1 prompt_chars=2098
  -> call 3890/4000: q=q_8693 k=2 prompt_chars=3885
[item 1946/2000 | repeat 1] q_100082 skill=q_100082 topic=Mathematics -> Algebra -> Prealgebra -> Simpl...
  -> call 3891/4000: q=q_100082 k=1 prompt_chars=1460
  -> call 3892/4000: q=q_100082 k=2 prompt_chars=2609
[item 1947/2000 | repeat 1] q_48341 skill=q_48341 topic=Mathematics -> Geometry -> Differential Geome...
  -> call 3893/4000: q=q_48341 k=1 prompt_chars=2162
  -> call 3894/4000: q=q_48341 k=2 prompt_chars=4013
[item 1948/2000 | repeat 1] q_53453 skill=q_53453 topic=Mathematics -> Discrete Mathematics -> Logic
  -> call 3895/4000: q=q_53453 k=1 prompt_chars=2170
  -> call 3896/4000: q=q_53453 k=2 prompt_chars=4029
[item 1949/2000 | repeat 1] q_73522 skill=q_73522 topic=Mathematics -> Calculus -> Differential Calcu...
  -> call 3897/4000: q=q_73522 k=1 prompt_chars=1395
  -> call 3898/4000: q=q_73522 k=2 prompt_chars=2479
[item 1950/2000 | repeat 1] q_56090 skill=q_56090 topic=Mathematics -> Calculus -> Integral Calculus ...
  -> call 3899/4000: q=q_56090 k=1 prompt_chars=2134
  -> call 3900/4000: q=q_56090 k=2 prompt_chars=3957
[item 1951/2000 | repeat 1] q_32194 skill=q_32194 topic=Mathematics -> Algebra -> Abstract Algebra ->...
  -> call 3901/4000: q=q_32194 k=1 prompt_chars=2054
  -> call 3902/4000: q=q_32194 k=2 prompt_chars=3797
[item 1952/2000 | repeat 1] q_90256 skill=q_90256 topic=Mathematics -> Geometry -> Solid Geometry -> ...
  -> call 3903/4000: q=q_90256 k=1 prompt_chars=2003
  -> call 3904/4000: q=q_90256 k=2 prompt_chars=3695
[item 1953/2000 | repeat 1] q_76990 skill=q_76990 topic=Mathematics -> Algebra -> Linear Algebra -> M...
  -> call 3905/4000: q=q_76990 k=1 prompt_chars=2390
  -> call 3906/4000: q=q_76990 k=2 prompt_chars=4469
[item 1954/2000 | repeat 1] q_9420 skill=q_9420 topic=Mathematics -> Algebra -> Linear Algebra -> M...
  -> call 3907/4000: q=q_9420 k=1 prompt_chars=2124
  -> call 3908/4000: q=q_9420 k=2 prompt_chars=3937
[item 1955/2000 | repeat 1] q_98064 skill=q_98064 topic=Mathematics -> Algebra -> Intermediate Algebr...
  -> call 3909/4000: q=q_98064 k=1 prompt_chars=2044
  -> call 3910/4000: q=q_98064 k=2 prompt_chars=3777
[item 1956/2000 | repeat 1] q_13720 skill=q_13720 topic=Mathematics -> Precalculus -> Limits
  -> call 3911/4000: q=q_13720 k=1 prompt_chars=2110
  -> call 3912/4000: q=q_13720 k=2 prompt_chars=3909
[item 1957/2000 | repeat 1] q_99993 skill=q_99993 topic=Mathematics -> Algebra -> Intermediate Algebr...
  -> call 3913/4000: q=q_99993 k=1 prompt_chars=2079
  -> call 3914/4000: q=q_99993 k=2 prompt_chars=3847
[item 1958/2000 | repeat 1] q_13329 skill=q_13329 topic=Mathematics -> Differential Equations -> Ordi...
  -> call 3915/4000: q=q_13329 k=1 prompt_chars=2664
  -> call 3916/4000: q=q_13329 k=2 prompt_chars=5017
[item 1959/2000 | repeat 1] q_45639 skill=q_45639 topic=Mathematics -> Differential Equations -> Ordi...
  -> call 3917/4000: q=q_45639 k=1 prompt_chars=1938
  -> call 3918/4000: q=q_45639 k=2 prompt_chars=3565
[item 1960/2000 | repeat 1] q_79628 skill=q_79628 topic=Mathematics -> Algebra -> Algebra -> Equation...
  -> call 3919/4000: q=q_79628 k=1 prompt_chars=2214
  -> call 3920/4000: q=q_79628 k=2 prompt_chars=4117
[item 1961/2000 | repeat 1] q_73600 skill=q_73600 topic=Mathematics -> Calculus -> Differential Calcu...
  -> call 3921/4000: q=q_73600 k=1 prompt_chars=1997
  -> call 3922/4000: q=q_73600 k=2 prompt_chars=3683
[item 1962/2000 | repeat 1] q_50158 skill=q_50158 topic=Mathematics -> Calculus -> Integral Calculus ...
  -> call 3923/4000: q=q_50158 k=1 prompt_chars=2142
  -> call 3924/4000: q=q_50158 k=2 prompt_chars=3973
[item 1963/2000 | repeat 1] q_45646 skill=q_45646 topic=Mathematics -> Precalculus -> Limits
  -> call 3925/4000: q=q_45646 k=1 prompt_chars=2074
  -> call 3926/4000: q=q_45646 k=2 prompt_chars=3837
[item 1964/2000 | repeat 1] q_61604 skill=q_61604 topic=Mathematics -> Algebra -> Algebra -> Algebrai...
  -> call 3927/4000: q=q_61604 k=1 prompt_chars=1977
  -> call 3928/4000: q=q_61604 k=2 prompt_chars=3643
[item 1965/2000 | repeat 1] q_62493 skill=q_62493 topic=Mathematics -> Applied Mathematics -> Statist...
  -> call 3929/4000: q=q_62493 k=1 prompt_chars=2368
  -> call 3930/4000: q=q_62493 k=2 prompt_chars=4425
[item 1966/2000 | repeat 1] q_59705 skill=q_59705 topic=Mathematics -> Algebra -> Intermediate Algebr...
  -> call 3931/4000: q=q_59705 k=1 prompt_chars=2272
  -> call 3932/4000: q=q_59705 k=2 prompt_chars=4233
[item 1967/2000 | repeat 1] q_28905 skill=q_28905 topic=Mathematics -> Applied Mathematics -> Statist...
  -> call 3933/4000: q=q_28905 k=1 prompt_chars=2030
  -> call 3934/4000: q=q_28905 k=2 prompt_chars=3749
[item 1968/2000 | repeat 1] q_38073 skill=q_38073 topic=Mathematics -> Calculus -> Differential Calcu...
  -> call 3935/4000: q=q_38073 k=1 prompt_chars=2138
  -> call 3936/4000: q=q_38073 k=2 prompt_chars=3965
[item 1969/2000 | repeat 1] q_86594 skill=q_86594 topic=Mathematics -> Geometry -> Plane Geometry -> ...
  -> call 3937/4000: q=q_86594 k=1 prompt_chars=2365
  -> call 3938/4000: q=q_86594 k=2 prompt_chars=4419
[item 1970/2000 | repeat 1] q_92041 skill=q_92041 topic=Mathematics -> Number Theory -> Congruences
  -> call 3939/4000: q=q_92041 k=1 prompt_chars=2023
  -> call 3940/4000: q=q_92041 k=2 prompt_chars=3735
[item 1971/2000 | repeat 1] q_57700 skill=q_57700 topic=Mathematics -> Calculus -> Differential Calcu...
  -> call 3941/4000: q=q_57700 k=1 prompt_chars=2141
  -> call 3942/4000: q=q_57700 k=2 prompt_chars=3971
[item 1972/2000 | repeat 1] q_11753 skill=q_11753 topic=Mathematics -> Calculus -> Differential Calcu...
  -> call 3943/4000: q=q_11753 k=1 prompt_chars=2082
  -> call 3944/4000: q=q_11753 k=2 prompt_chars=3853
[item 1973/2000 | repeat 1] q_65383 skill=q_65383 topic=Mathematics -> Applied Mathematics -> Statist...
  -> call 3945/4000: q=q_65383 k=1 prompt_chars=1971
  -> call 3946/4000: q=q_65383 k=2 prompt_chars=3631
[item 1974/2000 | repeat 1] q_57204 skill=q_57204 topic=Mathematics -> Other
  -> call 3947/4000: q=q_57204 k=1 prompt_chars=2093
  -> call 3948/4000: q=q_57204 k=2 prompt_chars=3875
[item 1975/2000 | repeat 1] q_102758 skill=q_102758 topic=Mathematics -> Applied Mathematics -> Statist...
  -> call 3949/4000: q=q_102758 k=1 prompt_chars=2048
  -> call 3950/4000: q=q_102758 k=2 prompt_chars=3785
[item 1976/2000 | repeat 1] q_29329 skill=q_29329 topic=Mathematics -> Calculus -> Integral Calculus ...
  -> call 3951/4000: q=q_29329 k=1 prompt_chars=1735
  -> call 3952/4000: q=q_29329 k=2 prompt_chars=3159
[item 1977/2000 | repeat 1] q_90159 skill=q_90159 topic=Mathematics -> Geometry -> Plane Geometry -> ...
  -> call 3953/4000: q=q_90159 k=1 prompt_chars=2508
  -> call 3954/4000: q=q_90159 k=2 prompt_chars=4705
[item 1978/2000 | repeat 1] q_90746 skill=q_90746 topic=Mathematics -> Other
  -> call 3955/4000: q=q_90746 k=1 prompt_chars=1919
  -> call 3956/4000: q=q_90746 k=2 prompt_chars=3527
[item 1979/2000 | repeat 1] q_41633 skill=q_41633 topic=Mathematics -> Geometry -> Solid Geometry -> ...
  -> call 3957/4000: q=q_41633 k=1 prompt_chars=2025
  -> call 3958/4000: q=q_41633 k=2 prompt_chars=3739
[item 1980/2000 | repeat 1] q_31243 skill=q_31243 topic=Mathematics -> Differential Equations -> Ordi...
  -> call 3959/4000: q=q_31243 k=1 prompt_chars=2109
  -> call 3960/4000: q=q_31243 k=2 prompt_chars=3907
[item 1981/2000 | repeat 1] q_47776 skill=q_47776 topic=Mathematics -> Precalculus -> Limits
  -> call 3961/4000: q=q_47776 k=1 prompt_chars=2038
  -> call 3962/4000: q=q_47776 k=2 prompt_chars=3765
[item 1982/2000 | repeat 1] q_29961 skill=q_29961 topic=Mathematics -> Algebra -> Intermediate Algebr...
  -> call 3963/4000: q=q_29961 k=1 prompt_chars=2016
  -> call 3964/4000: q=q_29961 k=2 prompt_chars=3721
[item 1983/2000 | repeat 1] q_33727 skill=q_33727 topic=Mathematics -> Calculus -> Integral Calculus ...
  -> call 3965/4000: q=q_33727 k=1 prompt_chars=1669
  -> call 3966/4000: q=q_33727 k=2 prompt_chars=3027
[item 1984/2000 | repeat 1] q_97903 skill=q_97903 topic=Mathematics -> Algebra -> Intermediate Algebr...
  -> call 3967/4000: q=q_97903 k=1 prompt_chars=2073
  -> call 3968/4000: q=q_97903 k=2 prompt_chars=3835
[item 1985/2000 | repeat 1] q_100710 skill=q_100710 topic=Mathematics -> Algebra -> Intermediate Algebr...
  -> call 3969/4000: q=q_100710 k=1 prompt_chars=2309
  -> call 3970/4000: q=q_100710 k=2 prompt_chars=4307
[item 1986/2000 | repeat 1] q_97051 skill=q_97051 topic=Mathematics -> Algebra -> Prealgebra -> Fract...
  -> call 3971/4000: q=q_97051 k=1 prompt_chars=2343
  -> call 3972/4000: q=q_97051 k=2 prompt_chars=4375
[item 1987/2000 | repeat 1] q_94766 skill=q_94766 topic=Mathematics -> Discrete Mathematics -> Combin...
  -> call 3973/4000: q=q_94766 k=1 prompt_chars=1763
  -> call 3974/4000: q=q_94766 k=2 prompt_chars=3215
[item 1988/2000 | repeat 1] q_34041 skill=q_34041 topic=Mathematics -> Algebra -> Linear Algebra -> V...
  -> call 3975/4000: q=q_34041 k=1 prompt_chars=2398
  -> call 3976/4000: q=q_34041 k=2 prompt_chars=4485
[item 1989/2000 | repeat 1] q_20013 skill=q_20013 topic=Mathematics -> Other
  -> call 3977/4000: q=q_20013 k=1 prompt_chars=2270
  -> call 3978/4000: q=q_20013 k=2 prompt_chars=4229
[item 1990/2000 | repeat 1] q_3224 skill=q_3224 topic=Mathematics -> Algebra -> Abstract Algebra ->...
  -> call 3979/4000: q=q_3224 k=1 prompt_chars=2111
  -> call 3980/4000: q=q_3224 k=2 prompt_chars=3911
[item 1991/2000 | repeat 1] q_1255 skill=q_1255 topic=Mathematics -> Algebra -> Abstract Algebra ->...
  -> call 3981/4000: q=q_1255 k=1 prompt_chars=2638
  -> call 3982/4000: q=q_1255 k=2 prompt_chars=4965
[item 1992/2000 | repeat 1] q_100022 skill=q_100022 topic=Mathematics -> Algebra -> Intermediate Algebr...
  -> call 3983/4000: q=q_100022 k=1 prompt_chars=1913
  -> call 3984/4000: q=q_100022 k=2 prompt_chars=3515
[item 1993/2000 | repeat 1] q_94737 skill=q_94737 topic=Mathematics -> Algebra -> Linear Algebra -> V...
  -> call 3985/4000: q=q_94737 k=1 prompt_chars=2494
  -> call 3986/4000: q=q_94737 k=2 prompt_chars=4677
[item 1994/2000 | repeat 1] q_34965 skill=q_34965 topic=Mathematics -> Calculus -> Differential Calcu...
  -> call 3987/4000: q=q_34965 k=1 prompt_chars=2188
  -> call 3988/4000: q=q_34965 k=2 prompt_chars=4065
[item 1995/2000 | repeat 1] q_58284 skill=q_58284 topic=Mathematics -> Algebra -> Abstract Algebra ->...
  -> call 3989/4000: q=q_58284 k=1 prompt_chars=2353
  -> call 3990/4000: q=q_58284 k=2 prompt_chars=4395
[item 1996/2000 | repeat 1] q_65749 skill=q_65749 topic=Mathematics -> Discrete Mathematics -> Combin...
  -> call 3991/4000: q=q_65749 k=1 prompt_chars=2516
  -> call 3992/4000: q=q_65749 k=2 prompt_chars=4721
[item 1997/2000 | repeat 1] q_98276 skill=q_98276 topic=Mathematics -> Geometry -> Solid Geometry -> ...
  -> call 3993/4000: q=q_98276 k=1 prompt_chars=2010
  -> call 3994/4000: q=q_98276 k=2 prompt_chars=3709
[item 1998/2000 | repeat 1] q_86081 skill=q_86081 topic=Mathematics -> Algebra -> Intermediate Algebr...
  -> call 3995/4000: q=q_86081 k=1 prompt_chars=1919
  -> call 3996/4000: q=q_86081 k=2 prompt_chars=3527
[item 1999/2000 | repeat 1] q_42885 skill=q_42885 topic=Mathematics -> Algebra -> Algebra -> Equation...
  -> call 3997/4000: q=q_42885 k=1 prompt_chars=2032
  -> call 3998/4000: q=q_42885 k=2 prompt_chars=3753
[item 2000/2000 | repeat 1] q_30587 skill=q_30587 topic=Mathematics -> Algebra -> Abstract Algebra ->...
  -> call 3999/4000: q=q_30587 k=1 prompt_chars=2266
  -> call 4000/4000: q=q_30587 k=2 prompt_chars=4221
     correct pred='\\( p > 0 \\).' tokens=1291 visible=524 reason=- cost=- latency=15.1s
     wrong   pred='Yes, this implies that \\( A \\) and \\(...' tokens=1090 visible=408 reason=- cost=- latency=21.9s
     wrong   pred='\\( p < -2 \\)' tokens=1507 visible=396 reason=- cost=- latency=31.2s
     wrong   pred='Yes, \\( A \\) and \\( B \\) commute.' tokens=1695 visible=428 reason=- cost=- latency=38.7s
     correct pred='$-\\frac{\\sqrt{3}}{3}$' tokens=865 visible=140 reason=- cost=- latency=41.7s
     correct pred='\\(-\\frac{\\sqrt{3}}{3}\\)' tokens=594 visible=134 reason=- cost=- latency=45.0s
     correct pred='6' tokens=605 visible=120 reason=- cost=- latency=31.9s
     correct pred='6' tokens=981 visible=92 reason=- cost=- latency=26.9s
     wrong   pred='The time it takes for the runner to c...' tokens=968 visible=305 reason=- cost=- latency=24.6s
     correct pred='\\(\\frac{\\pi}{20}\\)' tokens=1408 visible=312 reason=- cost=- latency=24.6s
     correct pred='Yes' tokens=746 visible=229 reason=- cost=- latency=26.2s
     correct pred='Yes' tokens=1136 visible=263 reason=- cost=- latency=28.3s
     correct pred='$\\sqrt{5}$' tokens=885 visible=197 reason=- cost=- latency=32.1s
     wrong   pred='\\(\\sqrt{5} + \\frac{\\sqrt{10}}{2}\\)' tokens=1305 visible=169 reason=- cost=- latency=36.5s
     wrong   pred='No, not every odd prime number, excep...' tokens=1277 visible=665 reason=- cost=- latency=42.3s
     wrong   pred='No' tokens=1409 visible=469 reason=- cost=- latency=43.7s
     wrong   pred='Yes, there exists a regular graph \\( ...' tokens=894 visible=434 reason=- cost=- latency=45.4s
     wrong   pred='Yes, there exists a regular graph $G_...' tokens=1289 visible=354 reason=- cost=- latency=46.0s
     wrong   pred='4\\sqrt{2L}' tokens=1044 visible=389 reason=- cost=- latency=49.8s
     wrong   pred='\\( 8\\sqrt{\\frac{S}{2}} \\)' tokens=1405 visible=449 reason=- cost=- latency=53.7s
     correct pred='\\(2\\pi\\)' tokens=1536 visible=563 reason=- cost=- latency=56.0s
     correct pred='\\(2\\pi\\)' tokens=1857 visible=450 reason=- cost=- latency=59.5s
     wrong   pred='$-\\frac{37}{216}$' tokens=2009 visible=797 reason=- cost=- latency=77.3s
     wrong   pred='$0$' tokens=1791 visible=542 reason=- cost=- latency=86.7s
     wrong   pred='The example where \\(E\\left[\\lim_{n \\t...' tokens=1026 visible=352 reason=- cost=- latency=84.7s
     wrong   pred='The sequence of random variables defi...' tokens=1506 visible=409 reason=- cost=- latency=83.0s
     wrong   pred='Yes, \\( g \\) is necessarily continuous.' tokens=1044 visible=367 reason=- cost=- latency=75.3s
     wrong   pred='Yes, \\( g \\) is necessarily continuous.' tokens=1425 visible=252 reason=- cost=- latency=68.6s
     wrong   pred='$4$' tokens=1057 visible=254 reason=- cost=- latency=52.3s
     wrong   pred='\\(2018^2\\).' tokens=1560 visible=279 reason=- cost=- latency=45.4s
     wrong   pred='\\frac{27}{8}' tokens=1240 visible=399 reason=- cost=- latency=48.9s
     wrong   pred='\\frac{3}{4}' tokens=2166 visible=646 reason=- cost=- latency=59.3s
     wrong   pred='675' tokens=1256 visible=504 reason=- cost=- latency=61.7s
     wrong   pred='225' tokens=2389 visible=687 reason=- cost=- latency=74.9s
     wrong   pred='The limit of the sequence is approxim...' tokens=1237 visible=373 reason=- cost=- latency=75.7s
     wrong   pred='\\( l = \\frac{\\ln(2)}{2} \\)' tokens=1858 visible=373 reason=- cost=- latency=76.5s
     wrong   pred='768000' tokens=758 visible=181 reason=- cost=- latency=69.2s
     wrong   pred='320000' tokens=1307 visible=263 reason=- cost=- latency=56.6s
     wrong   pred='6' tokens=997 visible=454 reason=- cost=- latency=54.6s
     wrong   pred='6' tokens=1306 visible=320 reason=- cost=- latency=42.1s
     correct pred='30' tokens=1099 visible=336 reason=- cost=- latency=42.1s
     correct pred='30' tokens=1597 visible=351 reason=- cost=- latency=42.4s
     wrong   pred='Yes, \\( A \\) always has a basis \\( a_...' tokens=1034 visible=358 reason=- cost=- latency=46.0s
     correct pred='Yes.' tokens=1438 visible=322 reason=- cost=- latency=46.6s
     correct pred='\\((6, 3w)\\)' tokens=1180 visible=401 reason=- cost=- latency=48.9s
     correct pred='\\((6, 3w)\\)' tokens=1728 visible=473 reason=- cost=- latency=54.4s
     correct pred='13' tokens=892 visible=280 reason=- cost=- latency=52.2s
     correct pred='13' tokens=1411 visible=349 reason=- cost=- latency=51.2s
     correct pred='Yes' tokens=1507 visible=553 reason=- cost=- latency=58.2s
     correct pred='Yes' tokens=1787 visible=449 reason=- cost=- latency=63.3s
     correct pred='$100 - 48\\sqrt{2}$' tokens=1172 visible=378 reason=- cost=- latency=63.6s
     correct pred='$100 - 48\\sqrt{2}$' tokens=1495 visible=317 reason=- cost=- latency=61.1s
     wrong   pred='305' tokens=1238 visible=446 reason=- cost=- latency=65.2s
     wrong   pred='1008' tokens=1728 visible=477 reason=- cost=- latency=67.6s
     wrong   pred='The set of all real numbers \\(a\\) suc...' tokens=967 visible=358 reason=- cost=- latency=60.2s
     correct pred='\\((-1, 1)\\)' tokens=1448 visible=342 reason=- cost=- latency=56.7s
     wrong   pred='1' tokens=1059 visible=418 reason=- cost=- latency=54.4s
     wrong   pred='2.33' tokens=1732 visible=493 reason=- cost=- latency=57.0s
     wrong   pred='\\frac{1809}{25}' tokens=1902 visible=775 reason=- cost=- latency=66.7s
     wrong   pred='57.6' tokens=2497 visible=893 reason=- cost=- latency=77.5s
     correct pred='\\(0\\)' tokens=720 visible=293 reason=- cost=- latency=76.9s
     correct pred='0' tokens=915 visible=294 reason=- cost=- latency=75.2s
     wrong   pred='Yes, any set that forms a basis for a...' tokens=771 visible=354 reason=- cost=- latency=72.9s
     wrong   pred='Yes, any set that forms a basis for a...' tokens=1161 visible=422 reason=- cost=- latency=68.5s
     wrong   pred='$(-2, 2)$' tokens=1105 visible=383 reason=- cost=- latency=57.6s
     wrong   pred='$0 < x \\leq 2$' tokens=1495 visible=352 reason=- cost=- latency=44.8s
     correct pred='27' tokens=1640 visible=568 reason=- cost=- latency=55.6s
     wrong   pred='3' tokens=1794 visible=493 reason=- cost=- latency=62.8s
     wrong   pred='True' tokens=1204 visible=436 reason=- cost=- latency=67.0s
     wrong   pred='True' tokens=1638 visible=436 reason=- cost=- latency=69.3s
     correct pred='Yes.' tokens=1340 visible=637 reason=- cost=- latency=72.8s
     wrong   pred='Yes, \\(1/\\sigma_n(\\theta)\\) converges...' tokens=1721 visible=656 reason=- cost=- latency=75.9s
     wrong   pred='684' tokens=1375 visible=593 reason=- cost=- latency=70.8s
     wrong   pred='684' tokens=1810 visible=507 reason=- cost=- latency=68.7s
     wrong   pred='The maximum order of a permutation in...' tokens=796 visible=274 reason=- cost=- latency=64.1s
     wrong   pred='The maximum order of a permutation in...' tokens=1123 visible=261 reason=- cost=- latency=59.2s
     correct pred='\\frac{4}{3}' tokens=1445 visible=584 reason=- cost=- latency=61.1s
     correct pred='\\frac{4}{3}' tokens=1788 visible=558 reason=- cost=- latency=62.7s
     wrong   pred='The statement is false.' tokens=913 visible=345 reason=- cost=- latency=57.5s
     wrong   pred='The statement is not true for all rea...' tokens=1450 visible=512 reason=- cost=- latency=55.9s
     wrong   pred='The limit holds.' tokens=1150 visible=450 reason=- cost=- latency=58.3s
     wrong   pred='The limit holds and is equal to infin...' tokens=1823 visible=545 reason=- cost=- latency=63.1s
     wrong   pred='$0$.' tokens=1350 visible=492 reason=- cost=- latency=60.2s
     correct pred='$\\infty$.' tokens=2060 visible=535 reason=- cost=- latency=61.7s
     wrong   pred='\\( C_0(\\mathbb{R}) \\) is a Banach space.' tokens=1022 visible=399 reason=- cost=- latency=62.5s
     wrong   pred='Yes, \\( C_0(\\mathbb{R}) \\) is a Banac...' tokens=1398 visible=384 reason=- cost=- latency=59.9s
     correct pred='\\( \\frac{e}{4} \\).' tokens=1251 visible=372 reason=- cost=- latency=63.0s
     wrong   pred='The radius of convergence is \\( \\inft...' tokens=1816 visible=451 reason=- cost=- latency=66.3s
     correct pred='Yes' tokens=1299 visible=440 reason=- cost=- latency=63.0s
     wrong   pred='Yes, such a function \\( f \\) exists.' tokens=1961 visible=362 reason=- cost=- latency=56.2s
     correct pred='Yes.' tokens=794 visible=386 reason=- cost=- latency=53.1s
     wrong   pred='Yes, there exists an infinite magma s...' tokens=1278 visible=389 reason=- cost=- latency=52.2s
     wrong   pred='280' tokens=1115 visible=411 reason=- cost=- latency=48.7s
     correct pred='800' tokens=1429 visible=145 reason=- cost=- latency=39.6s
     wrong   pred='\\( -2\\pi i \\sin(1) \\)' tokens=1056 visible=408 reason=- cost=- latency=41.4s
     wrong   pred='\\( 2\\pi i \\sin(1) \\).' tokens=1276 visible=362 reason=- cost=- latency=42.2s
     wrong   pred='\\(1\\)' tokens=1411 visible=446 reason=- cost=- latency=49.2s
     wrong   pred='\\(-i\\)' tokens=2349 visible=584 reason=- cost=- latency=61.1s
     wrong   pred='Yes, the solution is \\( \\Theta(n^2) \\).' tokens=1203 visible=433 reason=- cost=- latency=63.7s
     wrong   pred='No, the solution is not \\( \\Theta(n^2...' tokens=1692 visible=412 reason=- cost=- latency=70.4s

------------------------------------------------------------------------------
Prelim Eval (100/4000 calls, elapsed 961.1s)
------------------------------------------------------------------------------
+---+---------+----------+--------------------+---------+--------------+-------------+----------+------------+------------+-------------+----------+
| k | correct | accuracy | bar                | mean in | mean visible | mean reason | mean out | mean total | reason sum | limit flags | cost     |
+---+---------+----------+--------------------+---------+--------------+-------------+----------+------------+------------+-------------+----------+
| 1 | 18/50   | 36.0%    | ######............ | 529.2   | 413.1        | -           | 602.1    | 1131.3     | -          | 0           | 0.000000 |
| 2 | 16/50   | 32.0%    | ######............ | 966.3   | 408.4        | -           | 613.7    | 1580.1     | -          | 0           | 0.000000 |
+---+---------+----------+--------------------+---------+--------------+-------------+----------+------------+------------+-------------+----------+
------------------------------------------------------------------------------
     wrong   pred='\\(p + q + r + s = 4t\\)' tokens=1263 visible=394 reason=- cost=- latency=71.1s
     correct pred='\\( 4t \\).' tokens=1551 visible=304 reason=- cost=- latency=70.3s
     wrong   pred='0' tokens=907 visible=385 reason=- cost=- latency=64.4s
     wrong   pred='The probability that no two identical...' tokens=1438 visible=469 reason=- cost=- latency=53.9s
     wrong   pred='\\frac{243}{448}' tokens=1094 visible=320 reason=- cost=- latency=52.2s
     correct pred='\\(\\frac{81}{112}\\)' tokens=1595 visible=359 reason=- cost=- latency=50.5s
     correct pred='13' tokens=1693 visible=608 reason=- cost=- latency=56.1s
     wrong   pred='63' tokens=2237 visible=571 reason=- cost=- latency=64.5s
     wrong   pred='\\( 4\\pi \\)' tokens=1521 visible=564 reason=- cost=- latency=73.1s
     wrong   pred='\\( 5\\pi \\)' tokens=2499 visible=876 reason=- cost=- latency=88.0s
     wrong   pred='\\frac{3a + 5a\\sqrt{2}}{2}' tokens=1787 visible=674 reason=- cost=- latency=98.1s
     wrong   pred='4a' tokens=1953 visible=490 reason=- cost=- latency=102.4s
     wrong   pred='(1, 1)' tokens=1167 visible=321 reason=- cost=- latency=95.0s
     correct pred='\\((-7, 7)\\)' tokens=1811 visible=438 reason=- cost=- latency=90.1s
     correct pred='\\( (2, 1) \\)' tokens=907 visible=297 reason=- cost=- latency=82.2s
     wrong   pred='(3, 0, 0)' tokens=1456 visible=442 reason=- cost=- latency=69.1s
     correct pred='True' tokens=1082 visible=461 reason=- cost=- latency=59.2s
     correct pred='True' tokens=1883 visible=551 reason=- cost=- latency=60.3s
     correct pred='Yes.' tokens=1017 visible=451 reason=- cost=- latency=59.2s
     wrong   pred='Yes, a simple algebraic extension \\(\\...' tokens=1779 visible=616 reason=- cost=- latency=60.9s
     wrong   pred='The space homeomorphic to the result ...' tokens=850 visible=382 reason=- cost=- latency=60.6s
     wrong   pred='\\(RP^2\\)' tokens=1023 visible=198 reason=- cost=- latency=54.8s
     wrong   pred='The operation \\( f \\odot g = f\\left(\\...' tokens=1755 visible=828 reason=- cost=- latency=64.7s
     wrong   pred='The operation defines a group law on ...' tokens=1924 visible=553 reason=- cost=- latency=64.4s
     wrong   pred='23' tokens=1176 visible=466 reason=- cost=- latency=65.5s
     wrong   pred='46' tokens=1538 visible=336 reason=- cost=- latency=59.4s
     correct pred='56' tokens=1019 visible=283 reason=- cost=- latency=59.0s
     correct pred='56' tokens=1422 visible=143 reason=- cost=- latency=59.1s
     wrong   pred='Yes, it is always true that a random ...' tokens=508 visible=98 reason=- cost=- latency=42.0s
     wrong   pred='Yes, it is always true that a random ...' tokens=923 visible=176 reason=- cost=- latency=30.7s
     correct pred='7056' tokens=836 visible=262 reason=- cost=- latency=26.6s
     correct pred='7056' tokens=1259 visible=263 reason=- cost=- latency=24.5s
     correct pred='\\(0\\).' tokens=774 visible=181 reason=- cost=- latency=23.3s
     correct pred='\\(0\\)' tokens=1252 visible=258 reason=- cost=- latency=25.9s
     wrong   pred='\\sum_{n=0}^\\infty (4(-2)^n - 8(-2)^{n...' tokens=1218 visible=429 reason=- cost=- latency=35.6s
     wrong   pred='\\(-\\frac{1}{2x} - 2 - 2x\\)' tokens=1507 visible=324 reason=- cost=- latency=41.9s
     wrong   pred='\\(0.068725\\).' tokens=1323 visible=317 reason=- cost=- latency=45.9s
     correct pred='\\(0.0687\\)' tokens=1703 visible=179 reason=- cost=- latency=45.8s
     wrong   pred='\\( a = 0.305 \\)' tokens=1217 visible=286 reason=- cost=- latency=49.6s
     correct pred='0.305' tokens=1808 visible=295 reason=- cost=- latency=52.1s
     wrong   pred='27719' tokens=1516 visible=554 reason=- cost=- latency=56.0s
     wrong   pred='360359' tokens=1896 visible=447 reason=- cost=- latency=60.6s
     wrong   pred='\\(\\exp(-2W_1 W_2)\\).' tokens=1137 visible=355 reason=- cost=- latency=59.9s
     wrong   pred='\\(\\exp(-2W_1 W_2)\\).' tokens=1480 visible=255 reason=- cost=- latency=60.6s
     wrong   pred='\\(\\gamma(G)\\), where \\(\\gamma(G)\\) re...' tokens=555 visible=112 reason=- cost=- latency=53.6s
     wrong   pred='The domination number \\( \\gamma(G) \\)' tokens=931 visible=105 reason=- cost=- latency=46.4s
     correct pred='Yes' tokens=908 visible=331 reason=- cost=- latency=36.8s
     wrong   pred='Yes, such a function exists.' tokens=1413 visible=348 reason=- cost=- latency=29.0s
     wrong   pred='Θ(n)' tokens=938 visible=227 reason=- cost=- latency=25.2s
     wrong   pred='\\( \\Theta(n) \\).' tokens=1507 visible=234 reason=- cost=- latency=24.1s
     wrong   pred='5' tokens=1148 visible=366 reason=- cost=- latency=32.6s
     wrong   pred='The radius of convergence is \\( \\inft...' tokens=1715 visible=459 reason=- cost=- latency=43.7s
     wrong   pred='[3, 4).' tokens=1125 visible=357 reason=- cost=- latency=47.7s
     wrong   pred='The range of \\(\\lambda\\) is \\((-1, 3)\\).' tokens=1517 visible=390 reason=- cost=- latency=50.7s
     wrong   pred='The integral \\(\\int_a^{\\infty} f(x) \\...' tokens=916 visible=490 reason=- cost=- latency=55.1s
     wrong   pred='No, the integral \\(\\int_a^{\\infty}\\) ...' tokens=1056 visible=363 reason=- cost=- latency=57.9s
     wrong   pred='$3 + 4 + 1 + 3 + 1 = 12$' tokens=2000 visible=819 reason=- cost=- latency=70.4s
     wrong   pred='$a + b + c + d + e = 25 + 24 + 9 + 3 ...' tokens=2606 visible=882 reason=- cost=- latency=82.9s
     wrong   pred='The value of \\( p \\) is 1.' tokens=719 visible=233 reason=- cost=- latency=77.6s
     wrong   pred='1' tokens=1212 visible=391 reason=- cost=- latency=74.8s
     wrong   pred='\\( 56\\sqrt{6} \\)' tokens=1663 visible=519 reason=- cost=- latency=83.4s
     correct pred='$80$.' tokens=1891 visible=491 reason=- cost=- latency=90.8s
     correct pred='(128, 2).' tokens=1056 visible=323 reason=- cost=- latency=77.6s
     correct pred='(128, 2).' tokens=1337 visible=284 reason=- cost=- latency=60.6s
     wrong   pred='50' tokens=1408 visible=526 reason=- cost=- latency=69.6s
     wrong   pred='0' tokens=1785 visible=454 reason=- cost=- latency=75.3s
     wrong   pred='$-\\frac{1}{12}$' tokens=2024 visible=859 reason=- cost=- latency=80.8s
     wrong   pred='\\( -\\frac{2^{\\frac{1}{3}}}{3} \\)' tokens=1839 visible=494 reason=- cost=- latency=79.9s
     correct pred='Yes.' tokens=542 visible=155 reason=- cost=- latency=73.0s
     wrong   pred='Yes, every square matrix over the com...' tokens=882 visible=237 reason=- cost=- latency=67.7s
     correct pred='7' tokens=809 visible=269 reason=- cost=- latency=59.8s
     wrong   pred='4' tokens=1113 visible=201 reason=- cost=- latency=52.0s
     wrong   pred='0' tokens=1599 visible=530 reason=- cost=- latency=42.7s
     wrong   pred='\\( n = -2 \\)' tokens=2165 visible=553 reason=- cost=- latency=41.8s
     wrong   pred='\\( N_{S_6}(\\langle (123456) \\rangle) ...' tokens=1454 visible=518 reason=- cost=- latency=50.5s
     wrong   pred='\\( N_{S_6}((123456)) = \\langle (12345...' tokens=2119 visible=500 reason=- cost=- latency=58.9s
     wrong   pred='\\( 2n^2 - n \\)' tokens=1089 visible=449 reason=- cost=- latency=61.8s
     wrong   pred='n(2n-1)' tokens=1475 visible=333 reason=- cost=- latency=64.5s
     correct pred='\\( e^3 \\).' tokens=1178 visible=301 reason=- cost=- latency=58.8s
     correct pred='\\( e^3 \\)' tokens=1788 visible=242 reason=- cost=- latency=54.7s
     wrong   pred='\\( b_n^{a_n} \\) is greater.' tokens=1145 visible=390 reason=- cost=- latency=52.7s
     wrong   pred='\\( b_n^{a_n} \\) is greater.' tokens=1526 visible=332 reason=- cost=- latency=49.5s
     wrong   pred='$\\sqrt{5}$' tokens=869 visible=298 reason=- cost=- latency=46.6s
     wrong   pred='\\( i + \\sqrt{5} \\)' tokens=1599 visible=416 reason=- cost=- latency=49.5s
     wrong   pred='Yes, the given system of congruences ...' tokens=1476 visible=453 reason=- cost=- latency=53.2s
     wrong   pred='No.' tokens=2165 visible=502 reason=- cost=- latency=57.1s
     wrong   pred='\\(C_1\\)' tokens=1444 visible=526 reason=- cost=- latency=62.0s
     wrong   pred='\\(C_4\\)' tokens=1622 visible=448 reason=- cost=- latency=64.0s
     wrong   pred='\\( N = 8 \\).' tokens=1215 visible=450 reason=- cost=- latency=70.2s
     wrong   pred='\\( N = 8 \\).' tokens=1459 visible=354 reason=- cost=- latency=70.1s
     wrong   pred='\\(e^{5/24}\\)' tokens=1450 visible=508 reason=- cost=- latency=72.1s
     wrong   pred='\\(1\\)' tokens=1629 visible=340 reason=- cost=- latency=68.9s
     correct pred='-1' tokens=738 visible=328 reason=- cost=- latency=61.8s
     correct pred='\\(-1\\)' tokens=1035 visible=373 reason=- cost=- latency=60.0s
     wrong   pred='\\(x^2 + y^2 = C\\).' tokens=1294 visible=496 reason=- cost=- latency=60.7s
     wrong   pred='The orthogonal trajectories of the fa...' tokens=1767 visible=538 reason=- cost=- latency=64.8s
     wrong   pred='The maximum value of the function on ...' tokens=1406 visible=563 reason=- cost=- latency=64.8s
     correct pred='\\( 4 + 2\\sqrt{5} \\).' tokens=1815 visible=617 reason=- cost=- latency=69.6s
     correct pred='$\\dfrac{-4}{25}$' tokens=543 visible=132 reason=- cost=- latency=65.9s
     correct pred='\\(\\dfrac{-4}{25}\\)' tokens=773 visible=132 reason=- cost=- latency=60.5s

------------------------------------------------------------------------------
Prelim Eval (200/4000 calls, elapsed 1937.4s)
------------------------------------------------------------------------------
+---+---------+----------+--------------------+---------+--------------+-------------+----------+------------+------------+-------------+----------+
| k | correct | accuracy | bar                | mean in | mean visible | mean reason | mean out | mean total | reason sum | limit flags | cost     |
+---+---------+----------+--------------------+---------+--------------+-------------+----------+------------+------------+-------------+----------+
| 1 | 32/100  | 32.0%    | ######............ | 533.7   | 411.0        | -           | 616.8    | 1150.4     | -          | 0           | 0.000000 |
| 2 | 31/100  | 31.0%    | ######............ | 975.3   | 399.8        | -           | 611.5    | 1586.8     | -          | 0           | 0.000000 |
+---+---------+----------+--------------------+---------+--------------+-------------+----------+------------+------------+-------------+----------+
------------------------------------------------------------------------------
     wrong   pred='The set of all polynomials of logarit...' tokens=965 visible=411 reason=- cost=- latency=55.0s
     wrong   pred='The set of all polynomials of logarit...' tokens=1550 visible=450 reason=- cost=- latency=50.4s
     correct pred='$\\frac{1}{2}$' tokens=1248 visible=381 reason=- cost=- latency=46.8s
     correct pred='\\frac{1}{2}' tokens=1821 visible=450 reason=- cost=- latency=44.3s
     correct pred='\\(12\\pi\\).' tokens=948 visible=299 reason=- cost=- latency=48.0s
     correct pred='\\(12\\pi\\)' tokens=1226 visible=197 reason=- cost=- latency=49.7s
     correct pred='18750' tokens=1043 visible=250 reason=- cost=- latency=50.5s
     correct pred='18750' tokens=1702 visible=327 reason=- cost=- latency=52.0s
     wrong   pred='Yes, if $\\sum |\\hat{f}(n)| < \\infty$,...' tokens=841 visible=212 reason=- cost=- latency=45.2s
     correct pred='Yes' tokens=1382 visible=213 reason=- cost=- latency=36.9s
     correct pred='$\\frac{1}{4}$' tokens=1117 visible=358 reason=- cost=- latency=39.5s
     wrong   pred='$\\frac{1}{2}$' tokens=1505 visible=346 reason=- cost=- latency=44.1s
     wrong   pred='There are no natural number solutions...' tokens=1811 visible=741 reason=- cost=- latency=54.6s
     wrong   pred='(1, 3), (3, 1), (3, 6), (6, 3)' tokens=1963 visible=438 reason=- cost=- latency=55.8s
     correct pred='\\(30\\pi\\)' tokens=1052 visible=419 reason=- cost=- latency=61.2s
     correct pred='30\\pi' tokens=1243 visible=273 reason=- cost=- latency=63.2s
     wrong   pred='74600' tokens=1058 visible=286 reason=- cost=- latency=61.3s
     wrong   pred='74278' tokens=1556 visible=302 reason=- cost=- latency=59.5s
     wrong   pred='\\( \\frac{1}{e} \\).' tokens=1140 visible=385 reason=- cost=- latency=50.7s
     correct pred='\\( \\frac{2}{e} \\)' tokens=1566 visible=431 reason=- cost=- latency=48.7s
     correct pred='5\\sqrt{17}' tokens=1078 visible=351 reason=- cost=- latency=48.0s
     wrong   pred='\\frac{20\\sqrt{386}}{19}' tokens=1718 visible=412 reason=- cost=- latency=53.4s
     wrong   pred='- For \\(p = 3\\): \\(3^1\\' tokens=2626 visible=1024 reason=- cost=- latency=77.6s flags=hit_max_tokens
     token warning: completion=2048/2048, reasoning=-, visible=1024
     wrong   pred='900' tokens=2640 visible=841 reason=- cost=- latency=95.0s
     wrong   pred='\\(-\\frac{1}{3}\\).' tokens=983 visible=300 reason=- cost=- latency=94.4s
     wrong   pred='\\(\\frac{1}{6}\\)' tokens=1500 visible=461 reason=- cost=- latency=96.5s
     wrong   pred='\\(-\\frac{7}{12}\\).' tokens=1677 visible=590 reason=- cost=- latency=105.2s
     wrong   pred='\\frac{4}{9}' tokens=1965 visible=480 reason=- cost=- latency=108.1s
     correct pred='Yes.' tokens=570 visible=173 reason=- cost=- latency=79.5s
     wrong   pred='Yes, there exist indices \\(i_1, \\dots...' tokens=1097 visible=356 reason=- cost=- latency=61.7s
     wrong   pred='$\\sqrt{10}$' tokens=1313 visible=517 reason=- cost=- latency=66.1s
     wrong   pred='\\frac{9}{2}' tokens=1622 visible=490 reason=- cost=- latency=66.4s
     correct pred='Yes' tokens=1040 visible=311 reason=- cost=- latency=57.1s
     correct pred='Yes' tokens=1454 visible=270 reason=- cost=- latency=50.1s
     wrong   pred='4200' tokens=980 visible=438 reason=- cost=- latency=54.4s
     wrong   pred='100' tokens=1345 visible=368 reason=- cost=- latency=54.3s
     correct pred='4312' tokens=1515 visible=427 reason=- cost=- latency=50.9s
     correct pred='4312' tokens=2376 visible=453 reason=- cost=- latency=49.3s
     correct pred='\\frac{n}{n+1}' tokens=1057 visible=360 reason=- cost=- latency=50.4s
     correct pred='\\(\\frac{n}{n+1}\\)' tokens=1416 visible=338 reason=- cost=- latency=51.5s
     wrong   pred='\\frac{8}{5}' tokens=1605 visible=723 reason=- cost=- latency=60.7s
     wrong   pred='\\(-4\\)' tokens=1962 visible=515 reason=- cost=- latency=69.1s
     wrong   pred='Yes, the derivative of a function def...' tokens=1166 visible=545 reason=- cost=- latency=70.2s
     wrong   pred='Yes, the derivative of a function def...' tokens=1390 visible=351 reason=- cost=- latency=68.1s
     correct pred='\\(\\frac{10}{3}\\)' tokens=1133 visible=383 reason=- cost=- latency=68.4s
     wrong   pred='\\( \\frac{12}{5} \\)' tokens=1623 visible=468 reason=- cost=- latency=70.1s
     wrong   pred='Yes, the differential \\( l_{*,I} \\) i...' tokens=1034 visible=393 reason=- cost=- latency=59.7s
     wrong   pred='Yes, the differential \\( l_{*,I} \\) i...' tokens=1687 visible=429 reason=- cost=- latency=52.3s
     correct pred='True' tokens=1070 visible=335 reason=- cost=- latency=48.3s
     correct pred='True' tokens=1417 visible=187 reason=- cost=- latency=43.8s
     wrong   pred='\\( -\\frac{124}{15} \\)' tokens=1570 visible=536 reason=- cost=- latency=50.2s
     wrong   pred='\\(-\\frac{44}{15}\\)' tokens=2222 visible=641 reason=- cost=- latency=58.8s
     correct pred='Yes.' tokens=1021 visible=503 reason=- cost=- latency=60.6s
     wrong   pred='Yes, there exists an Artinian ring wi...' tokens=1564 visible=548 reason=- cost=- latency=62.7s
     wrong   pred='The limit is \\(0\\).' tokens=1214 visible=405 reason=- cost=- latency=65.9s
     wrong   pred='The limit is indeed zero.' tokens=1546 visible=354 reason=- cost=- latency=70.0s
     correct pred='\\( \\frac{1}{2} \\).' tokens=930 visible=320 reason=- cost=- latency=61.8s
     correct pred='$\\frac{1}{2}$.' tokens=1295 visible=328 reason=- cost=- latency=50.8s
     correct pred='\\(\\mathbb{Z}\\)' tokens=950 visible=346 reason=- cost=- latency=49.2s
     correct pred='\\(\\mathbb{Z}\\)' tokens=1347 visible=250 reason=- cost=- latency=44.6s
     wrong   pred='\\(\\mathbf{0}\\)' tokens=734 visible=272 reason=- cost=- latency=40.4s
     wrong   pred='\\(\\mathbf{0}\\)' tokens=1111 visible=344 reason=- cost=- latency=40.2s
     wrong   pred='1' tokens=1940 visible=835 reason=- cost=- latency=55.5s
     wrong   pred='0' tokens=1840 visible=553 reason=- cost=- latency=63.8s
     wrong   pred='\\(a = 10\\).' tokens=866 visible=277 reason=- cost=- latency=64.4s
     wrong   pred='\\(a = 10\\)' tokens=1149 visible=230 reason=- cost=- latency=65.6s
     wrong   pred='\\( 15.84 \\)' tokens=1700 visible=633 reason=- cost=- latency=77.9s
     wrong   pred='\\frac{864}{125}' tokens=1728 visible=432 reason=- cost=- latency=82.5s
     wrong   pred='The limit \\(\\lim_{n\\rightarrow\\infty}...' tokens=1215 visible=396 reason=- cost=- latency=70.3s
     wrong   pred='The limit \\(\\lim_{n\\rightarrow\\infty}...' tokens=1500 visible=296 reason=- cost=- latency=63.1s
     correct pred='20' tokens=884 visible=318 reason=- cost=- latency=62.2s
     correct pred='20' tokens=1197 visible=114 reason=- cost=- latency=60.3s
     wrong   pred='1' tokens=1273 visible=377 reason=- cost=- latency=52.6s
     wrong   pred='1' tokens=1871 visible=402 reason=- cost=- latency=52.4s
     correct pred='True' tokens=761 visible=228 reason=- cost=- latency=45.5s
     correct pred='True' tokens=1434 visible=432 reason=- cost=- latency=44.4s
     wrong   pred='\\(a\\)' tokens=1126 visible=260 reason=- cost=- latency=45.1s
     correct pred='\\( 2a \\)' tokens=1704 visible=263 reason=- cost=- latency=46.7s
     wrong   pred='\\( f(x) = cx \\) for any real number \\...' tokens=892 visible=340 reason=- cost=- latency=43.4s
     wrong   pred='The solution set for all continuous f...' tokens=1558 visible=522 reason=- cost=- latency=43.8s
     wrong   pred='1986' tokens=1160 visible=350 reason=- cost=- latency=47.7s
     wrong   pred='1986' tokens=2021 visible=488 reason=- cost=- latency=52.2s
     correct pred='8' tokens=968 visible=345 reason=- cost=- latency=54.3s
     correct pred='\\(8\\)' tokens=1217 visible=303 reason=- cost=- latency=56.0s
     correct pred='P(y)' tokens=896 visible=158 reason=- cost=- latency=52.1s
     correct pred='$P(y)$' tokens=1583 visible=216 reason=- cost=- latency=44.2s
     wrong   pred='$0$.' tokens=1173 visible=405 reason=- cost=- latency=46.8s
     correct pred='-1' tokens=1416 visible=285 reason=- cost=- latency=42.4s
     correct pred='Yes.' tokens=1001 visible=371 reason=- cost=- latency=40.2s
     wrong   pred='Yes, there exist such irrational numb...' tokens=1497 visible=405 reason=- cost=- latency=38.9s
     wrong   pred='The series \\(\\sum_{n=1}^{\\infty} \\fra...' tokens=1479 visible=479 reason=- cost=- latency=48.9s
     wrong   pred='The series \\(\\sum_{n=1}^{\\infty} \\fra...' tokens=2075 visible=518 reason=- cost=- latency=58.8s
     wrong   pred='The series \\( \\sum_{n=0}^{\\infty} \\fr...' tokens=1415 visible=574 reason=- cost=- latency=62.7s
     wrong   pred='The series converges for \\( |z| < 1 \\...' tokens=1804 visible=546 reason=- cost=- latency=69.0s
     correct pred='\\(0\\).' tokens=579 visible=109 reason=- cost=- latency=64.2s
     correct pred='0' tokens=939 visible=88 reason=- cost=- latency=58.8s
     wrong   pred='\\(0.75\\)' tokens=1556 visible=620 reason=- cost=- latency=62.5s
     correct pred='\\frac{3}{4}' tokens=2122 visible=761 reason=- cost=- latency=68.3s
     wrong   pred='\\(\\frac{29}{2}\\)' tokens=1313 visible=357 reason=- cost=- latency=64.8s
     wrong   pred='\\(\\frac{9}{2}\\).' tokens=1764 visible=287 reason=- cost=- latency=60.3s

------------------------------------------------------------------------------
Prelim Eval (300/4000 calls, elapsed 2913.7s)
------------------------------------------------------------------------------
+---+---------+----------+--------------------+---------+--------------+-------------+----------+------------+------------+-------------+----------+
| k | correct | accuracy | bar                | mean in | mean visible | mean reason | mean out | mean total | reason sum | limit flags | cost     |
+---+---------+----------+--------------------+---------+--------------+-------------+----------+------------+------------+-------------+----------+
| 1 | 53/150  | 35.3%    | ######............ | 536.3   | 410.2        | -           | 621.8    | 1158.2     | -          | 1           | 0.000000 |
| 2 | 51/150  | 34.0%    | ######............ | 980.7   | 396.2        | -           | 612.0    | 1592.7     | -          | 0           | 0.000000 |
+---+---------+----------+--------------------+---------+--------------+-------------+----------+------------+------------+-------------+----------+
------------------------------------------------------------------------------
     wrong   pred='No.' tokens=954 visible=498 reason=- cost=- latency=65.8s
     correct pred='Yes' tokens=1294 visible=374 reason=- cost=- latency=70.8s
     wrong   pred='\\(DE = 2\\sqrt{3}\\).' tokens=1594 visible=588 reason=- cost=- latency=68.0s
     correct pred='$2\\sqrt{6}$' tokens=2028 visible=505 reason=- cost=- latency=59.6s
     correct pred='\\frac{\\pi}{2}' tokens=1128 visible=414 reason=- cost=- latency=58.3s
     correct pred='\\frac{\\pi}{2}' tokens=1576 visible=418 reason=- cost=- latency=58.5s
     correct pred='\\(\\frac{3 + 2\\sqrt{3}}{3}\\)' tokens=857 visible=299 reason=- cost=- latency=56.8s
     wrong   pred='\\(\\frac{2\\sqrt{3} + 3}{3}\\)' tokens=1267 visible=305 reason=- cost=- latency=56.1s
     correct pred='6' tokens=1237 visible=493 reason=- cost=- latency=51.3s
     correct pred='6' tokens=1931 visible=474 reason=- cost=- latency=50.9s
     correct pred='2448' tokens=1062 visible=345 reason=- cost=- latency=49.2s
     correct pred='2448' tokens=1705 visible=371 reason=- cost=- latency=49.7s
     wrong   pred='\\(\\frac{2\\pi}{9}\\).' tokens=1117 visible=283 reason=- cost=- latency=52.0s
     wrong   pred='\\( \\frac{4\\pi}{5} \\)' tokens=1820 visible=411 reason=- cost=- latency=57.0s
     wrong   pred='The function \\( g(x) = \\sqrt{|x|} \\) ...' tokens=1530 visible=588 reason=- cost=- latency=62.4s
     wrong   pred='The function \\( g(x) = \\sqrt{|x|} \\) ...' tokens=1983 visible=600 reason=- cost=- latency=66.5s
     wrong   pred='9,001,999' tokens=1047 visible=379 reason=- cost=- latency=68.2s
     wrong   pred='9000000' tokens=1514 visible=440 reason=- cost=- latency=69.3s
     wrong   pred='The sequence \\( f_n(x) = \\frac{x}{n} ...' tokens=1103 visible=429 reason=- cost=- latency=70.9s
     wrong   pred='Yes, the sequence \\( f_n(x) = \\frac{x...' tokens=1187 visible=205 reason=- cost=- latency=64.8s
     correct pred='x + 2' tokens=1220 visible=428 reason=- cost=- latency=61.6s
     correct pred='\\(x + 2\\)' tokens=1732 visible=520 reason=- cost=- latency=59.7s
     correct pred='\\( -\\pi \\)' tokens=1315 visible=467 reason=- cost=- latency=62.2s
     correct pred='\\(-\\pi\\)' tokens=1756 visible=426 reason=- cost=- latency=62.8s
     correct pred='1936' tokens=1169 visible=348 reason=- cost=- latency=62.2s
     correct pred='1936' tokens=1554 visible=278 reason=- cost=- latency=64.5s
     wrong   pred='(-\\infty, -1) \\cup (-1, 1) \\cup (1, \\...' tokens=1503 visible=476 reason=- cost=- latency=65.1s
     wrong   pred='\\( a = -1 \\)' tokens=2183 visible=528 reason=- cost=- latency=64.5s
     wrong   pred='$10\\sqrt{10}$' tokens=1315 visible=515 reason=- cost=- latency=63.9s
     wrong   pred='8' tokens=1700 visible=499 reason=- cost=- latency=61.7s
     correct pred='Yes.' tokens=783 visible=237 reason=- cost=- latency=56.8s
     correct pred='Yes.' tokens=1249 visible=278 reason=- cost=- latency=54.1s
     wrong   pred='$\\frac{1}{15}$' tokens=1708 visible=831 reason=- cost=- latency=60.1s
     wrong   pred='\\(\\frac{3}{5}\\)' tokens=1781 visible=535 reason=- cost=- latency=59.7s
     correct pred='$\\cos 1$' tokens=943 visible=274 reason=- cost=- latency=55.2s
     correct pred='$\\cos 1$' tokens=1245 visible=203 reason=- cost=- latency=50.8s
     wrong   pred='16' tokens=966 visible=419 reason=- cost=- latency=54.3s
     correct pred='32' tokens=1316 visible=349 reason=- cost=- latency=56.9s
     wrong   pred='\\( 14^{14^{14}} \\equiv 36 \\pmod{100} \\).' tokens=1554 visible=533 reason=- cost=- latency=53.9s
     correct pred='36' tokens=1903 visible=394 reason=- cost=- latency=54.6s
     correct pred='3\\sqrt{2}' tokens=934 visible=290 reason=- cost=- latency=54.7s
     correct pred='3\\sqrt{2}' tokens=1293 visible=253 reason=- cost=- latency=56.0s
     wrong   pred='\\(I_0(1) + 2 I_n(1)\\)' tokens=1220 visible=368 reason=- cost=- latency=58.2s
     correct pred='\\( I_n(1) \\)' tokens=1296 visible=134 reason=- cost=- latency=54.7s
     wrong   pred='\\(BC = 13\\)' tokens=1539 visible=545 reason=- cost=- latency=54.6s
     wrong   pred='20' tokens=1633 visible=444 reason=- cost=- latency=51.2s
     wrong   pred='\\frac{25}{9}' tokens=1787 visible=587 reason=- cost=- latency=61.9s
     correct pred='\\( 15 \\)' tokens=2084 visible=475 reason=- cost=- latency=69.7s
     correct pred='Yes.' tokens=705 visible=263 reason=- cost=- latency=64.5s
     correct pred='Yes.' tokens=930 visible=172 reason=- cost=- latency=64.0s
     correct pred='Yes' tokens=855 visible=247 reason=- cost=- latency=53.6s
     correct pred='Yes' tokens=1238 visible=188 reason=- cost=- latency=47.3s
     wrong   pred='\\( G(s) = s F(s) \\).' tokens=914 visible=285 reason=- cost=- latency=36.5s
     wrong   pred='\\( G(s) = 2\\pi i s F(s) \\)' tokens=1046 visible=155 reason=- cost=- latency=25.3s
     wrong   pred='Yes, there always exists a strictly m...' tokens=1019 visible=364 reason=- cost=- latency=27.1s
     wrong   pred='Yes, there always exists a strictly m...' tokens=1545 visible=359 reason=- cost=- latency=30.5s
     correct pred='0' tokens=882 visible=238 reason=- cost=- latency=32.0s
     correct pred='\\(0\\)' tokens=1274 visible=227 reason=- cost=- latency=34.6s
     correct pred='\\( \\frac{1}{9} \\).' tokens=1452 visible=465 reason=- cost=- latency=40.6s
     correct pred='\\(\\frac{1}{9}\\).' tokens=1817 visible=410 reason=- cost=- latency=48.4s
     wrong   pred='\\(\\left(\\frac{r}{1+r}\\right)^{k+1}\\).' tokens=1643 visible=587 reason=- cost=- latency=55.8s
     wrong   pred='\\frac{2\\lambda^k}{(1 + 2r)^{k+1}}' tokens=2045 visible=457 reason=- cost=- latency=60.4s
     correct pred='True' tokens=910 visible=216 reason=- cost=- latency=58.6s
     correct pred='True' tokens=1342 visible=128 reason=- cost=- latency=55.6s
     wrong   pred='\\(\\frac{\\pi}{4}\\).' tokens=1046 visible=360 reason=- cost=- latency=51.4s
     wrong   pred='$\\frac{\\pi}{4}$' tokens=1335 visible=282 reason=- cost=- latency=47.6s
     wrong   pred='\\( c > \\frac{3 + 2\\sqrt{3}}{4} \\)' tokens=1776 visible=616 reason=- cost=- latency=51.0s
     wrong   pred='\\( c > 1 \\).' tokens=2265 visible=643 reason=- cost=- latency=56.1s
     wrong   pred='\\( x = 2.8 \\)' tokens=864 visible=231 reason=- cost=- latency=56.5s
     wrong   pred='\\( x = 2.8 \\)' tokens=1369 visible=256 reason=- cost=- latency=58.8s
     wrong   pred='1009' tokens=730 visible=186 reason=- cost=- latency=53.9s
     correct pred='1008' tokens=1106 visible=168 reason=- cost=- latency=50.0s
     correct pred='Yes' tokens=2139 visible=930 reason=- cost=- latency=57.2s
     wrong   pred='No' tokens=2870 visible=1053 reason=- cost=- latency=70.0s
     wrong   pred='83283' tokens=1418 visible=549 reason=- cost=- latency=79.0s
     wrong   pred='117074' tokens=1678 visible=453 reason=- cost=- latency=84.9s
     wrong   pred='\\[ a - b + c' tokens=2509 visible=1087 reason=- cost=- latency=112.4s flags=hit_max_tokens
     token warning: completion=2048/2048, reasoning=-, visible=1087
     correct pred='2013' tokens=1629 visible=446 reason=- cost=- latency=121.5s
     correct pred='\\(\\frac{1}{7}\\)' tokens=707 visible=166 reason=- cost=- latency=100.6s
     correct pred='$\\frac{1}{7}$' tokens=1103 visible=169 reason=- cost=- latency=75.1s
     correct pred='\\frac{7}{2}' tokens=1534 visible=635 reason=- cost=- latency=77.0s
     wrong   pred='\\( x = \\frac{7}{2} \\)' tokens=1867 visible=604 reason=- cost=- latency=80.4s
     wrong   pred='The smallest non-commutative ring wit...' tokens=957 visible=420 reason=- cost=- latency=55.9s
     wrong   pred='The smallest non-commutative ring wit...' tokens=1342 visible=349 reason=- cost=- latency=49.6s
     correct pred='$\\{4\\}$' tokens=756 visible=118 reason=- cost=- latency=49.1s
     correct pred='$\\{4\\}$' tokens=1229 visible=107 reason=- cost=- latency=48.7s
     correct pred='Yes.' tokens=1117 visible=326 reason=- cost=- latency=38.2s
     wrong   pred='The pentagon \\(B_1 B_2 B_3 B_4 B_5\\) ...' tokens=2002 visible=476 reason=- cost=- latency=31.9s
     wrong   pred='Yes, \\( g_n \\) converges to \\( T^{-1}...' tokens=761 visible=196 reason=- cost=- latency=29.2s
     wrong   pred='Yes, \\( g_n \\) converges to \\( T^{-1}...' tokens=1163 visible=192 reason=- cost=- latency=27.2s
     wrong   pred='The determinant of the matrix is divi...' tokens=1017 visible=289 reason=- cost=- latency=29.7s
     wrong   pred='The determinant of the matrix is divi...' tokens=1732 visible=363 reason=- cost=- latency=34.8s
     wrong   pred='The area of the geometric figure is \\...' tokens=1448 visible=559 reason=- cost=- latency=43.2s
     wrong   pred='The area of the geometric figure is \\...' tokens=1984 visible=579 reason=- cost=- latency=50.0s
     wrong   pred='There are uncountably many \\(2 \\times...' tokens=852 visible=352 reason=- cost=- latency=52.0s
     wrong   pred='Uncountably infinite.' tokens=1338 visible=418 reason=- cost=- latency=56.0s
     wrong   pred='\\frac{75 + \\sqrt{35393}}{2}' tokens=1504 visible=499 reason=- cost=- latency=64.9s
     correct pred='50' tokens=2050 visible=587 reason=- cost=- latency=72.2s
     wrong   pred='\\( t = 1 \\)' tokens=1523 visible=548 reason=- cost=- latency=73.7s
     wrong   pred='\\( t = \\sqrt[4]{\\frac{62}{13}} \\)' tokens=2421 visible=697 reason=- cost=- latency=80.0s

------------------------------------------------------------------------------
Prelim Eval (400/4000 calls, elapsed 3883.7s)
------------------------------------------------------------------------------
+---+---------+----------+--------------------+---------+--------------+-------------+----------+------------+------------+-------------+----------+
| k | correct | accuracy | bar                | mean in | mean visible | mean reason | mean out | mean total | reason sum | limit flags | cost     |
+---+---------+----------+--------------------+---------+--------------+-------------+----------+------------+------------+-------------+----------+
| 1 | 73/200  | 36.5%    | #######........... | 541.6   | 414.5        | -           | 630.1    | 1171.8     | -          | 2           | 0.000000 |
| 2 | 76/200  | 38.0%    | #######........... | 991.3   | 393.9        | -           | 607.0    | 1598.3     | -          | 0           | 0.000000 |
+---+---------+----------+--------------------+---------+--------------+-------------+----------+------------+------------+-------------+----------+
------------------------------------------------------------------------------
     correct pred='4096' tokens=1227 visible=391 reason=- cost=- latency=85.0s
     wrong   pred='\\frac{531441}{4096}' tokens=1698 visible=482 reason=- cost=- latency=88.8s
     correct pred='100' tokens=1257 visible=483 reason=- cost=- latency=86.0s
     wrong   pred='90' tokens=1513 visible=375 reason=- cost=- latency=79.6s
     wrong   pred='Yes, the punctured non-orientable sur...' tokens=1126 visible=478 reason=- cost=- latency=72.4s
     wrong   pred='Yes, the punctured non-orientable sur...' tokens=1812 visible=571 reason=- cost=- latency=61.7s
     wrong   pred='\\( f(x) = 2x + 2 \\).' tokens=1029 visible=367 reason=- cost=- latency=59.2s
     wrong   pred='\\( f(x) = 2x + 2 \\)' tokens=1268 visible=250 reason=- cost=- latency=53.9s
     correct pred='\\( \\frac{5}{32} \\).' tokens=1442 visible=408 reason=- cost=- latency=54.5s
     correct pred='\\( \\frac{5}{32} \\).' tokens=2045 visible=447 reason=- cost=- latency=58.7s
     correct pred='True' tokens=643 visible=210 reason=- cost=- latency=53.5s
     correct pred='True' tokens=1041 visible=230 reason=- cost=- latency=45.9s
     correct pred='Yes.' tokens=1177 visible=458 reason=- cost=- latency=45.5s
     correct pred='Yes.' tokens=1623 visible=331 reason=- cost=- latency=45.8s
     wrong   pred='\\(-180\\)' tokens=1390 visible=444 reason=- cost=- latency=46.4s
     wrong   pred='\\(-432\\)' tokens=1816 visible=445 reason=- cost=- latency=45.8s
     correct pred='\\(\\frac{n}{3}\\).' tokens=874 visible=305 reason=- cost=- latency=48.6s
     correct pred='\\(\\frac{n}{3}\\).' tokens=1227 visible=235 reason=- cost=- latency=50.2s
     correct pred='\\frac{1}{5}' tokens=1067 visible=351 reason=- cost=- latency=50.3s
     correct pred='\\(\\frac{1}{5}\\).' tokens=1260 visible=215 reason=- cost=- latency=48.4s
     wrong   pred='\\( x = 49 \\)' tokens=1047 visible=360 reason=- cost=- latency=44.2s
     wrong   pred='\\( x = 49 \\).' tokens=1299 visible=246 reason=- cost=- latency=38.4s
     wrong   pred='Yes, such a function exists.' tokens=932 visible=329 reason=- cost=- latency=38.9s
     correct pred='Yes' tokens=1354 visible=341 reason=- cost=- latency=40.1s
     correct pred='\\( 24\\pi \\)' tokens=1897 visible=717 reason=- cost=- latency=50.6s
     wrong   pred='\\( 2\\pi (\\sqrt{17} - 1) \\)' tokens=2611 visible=764 reason=- cost=- latency=66.9s
     correct pred='Yes' tokens=963 visible=355 reason=- cost=- latency=65.6s
     correct pred='Yes' tokens=1363 visible=315 reason=- cost=- latency=66.7s
     correct pred='\\( \\mathbb{Q}(i) \\)' tokens=1023 visible=413 reason=- cost=- latency=68.3s
     correct pred='\\(\\mathbb{Q}(i)\\)' tokens=1503 visible=409 reason=- cost=- latency=71.0s
     wrong   pred='The only polynomials \\( p(x) \\in \\mat...' tokens=1429 visible=691 reason=- cost=- latency=63.6s
     wrong   pred='The only polynomials \\( p(x) \\in \\mat...' tokens=1941 visible=571 reason=- cost=- latency=51.8s
     correct pred='\\(2e - 1\\)' tokens=1123 visible=311 reason=- cost=- latency=53.4s
     correct pred='\\(2e - 1\\)' tokens=1544 visible=274 reason=- cost=- latency=54.1s
     wrong   pred='The distribution function of \\( Z_n \\...' tokens=666 visible=262 reason=- cost=- latency=51.6s
     wrong   pred='The distribution function of \\( Z_n \\...' tokens=856 visible=221 reason=- cost=- latency=47.6s
     wrong   pred='$|f(0)| \\leq \\sqrt{2}$' tokens=1372 visible=477 reason=- cost=- latency=49.2s
     correct pred='$\\sqrt{2}$' tokens=1568 visible=364 reason=- cost=- latency=48.8s
     wrong   pred='Yes, an open subgroup of the quotient...' tokens=1040 visible=453 reason=- cost=- latency=48.2s
     wrong   pred='Yes, an open subgroup of the quotient...' tokens=1362 visible=359 reason=- cost=- latency=46.9s
     wrong   pred='$\\frac{43}{210}$.' tokens=1502 visible=529 reason=- cost=- latency=58.2s
     wrong   pred='\\(\\frac{43}{210}\\)' tokens=1697 visible=440 reason=- cost=- latency=68.2s
     wrong   pred='Yes, if \\( G = \\emptyset \\), then \\( ...' tokens=1060 visible=419 reason=- cost=- latency=62.7s
     wrong   pred='Yes, if \\( G = \\emptyset \\), it impli...' tokens=1585 visible=436 reason=- cost=- latency=61.6s
     wrong   pred='\\( D^6 \\)' tokens=905 visible=353 reason=- cost=- latency=60.2s
     wrong   pred='\\(D^3 (D^2 + 1)^3\\)' tokens=1165 visible=219 reason=- cost=- latency=58.4s
     correct pred='\\( z^5 - 6z + 3 \\)' tokens=997 visible=290 reason=- cost=- latency=46.2s
     correct pred='\\(z^5 - 6z + 3\\)' tokens=2535 visible=564 reason=- cost=- latency=50.1s
     wrong   pred='1' tokens=1071 visible=294 reason=- cost=- latency=49.1s
     wrong   pred='2' tokens=1730 visible=381 reason=- cost=- latency=49.2s
     wrong   pred='The radius of the eighth sphere is \\(...' tokens=992 visible=429 reason=- cost=- latency=49.6s
     wrong   pred='The radius of the eighth sphere is \\(...' tokens=1361 visible=293 reason=- cost=- latency=50.6s
     wrong   pred='No' tokens=500 visible=5 reason=- cost=- latency=46.5s
     correct pred='Yes' tokens=941 visible=53 reason=- cost=- latency=29.0s
     wrong   pred='Yes, \\( f \\) is a constant function.' tokens=863 visible=314 reason=- cost=- latency=28.5s
     correct pred='Yes' tokens=1272 visible=344 reason=- cost=- latency=27.2s
     correct pred='111' tokens=1067 visible=345 reason=- cost=- latency=28.0s
     correct pred='111' tokens=1243 visible=155 reason=- cost=- latency=26.0s
     wrong   pred='36' tokens=767 visible=276 reason=- cost=- latency=30.9s
     wrong   pred='12' tokens=1024 visible=195 reason=- cost=- latency=33.7s
     wrong   pred='Yes, \\( Y \\) is homotopy equivalent t...' tokens=1196 visible=458 reason=- cost=- latency=37.4s
     wrong   pred='Yes, \\( Y \\) is homotopy equivalent t...' tokens=1587 visible=401 reason=- cost=- latency=39.3s
     wrong   pred='There is an inflection point at \\( x ...' tokens=1063 visible=366 reason=- cost=- latency=41.0s
     wrong   pred='There is a point of inflection at \\( ...' tokens=1298 visible=426 reason=- cost=- latency=45.3s
     wrong   pred='The polynomials \\(P(x)\\) that satisfy...' tokens=850 visible=366 reason=- cost=- latency=47.4s
     wrong   pred='The only polynomial \\(P(x)\\) that sat...' tokens=1102 visible=349 reason=- cost=- latency=50.1s
     correct pred='\\( -\\frac{7}{24} \\)' tokens=950 visible=272 reason=- cost=- latency=47.1s
     correct pred='\\(\\frac{-7}{24}\\)' tokens=1296 visible=146 reason=- cost=- latency=44.3s
     wrong   pred='The transformation is possible with \\...' tokens=1431 visible=520 reason=- cost=- latency=47.0s
     wrong   pred='No' tokens=2012 visible=621 reason=- cost=- latency=52.2s
     correct pred='1881' tokens=1162 visible=513 reason=- cost=- latency=56.1s
     wrong   pred='1945' tokens=1027 visible=158 reason=- cost=- latency=53.2s
     correct pred='\\(0\\)' tokens=1528 visible=597 reason=- cost=- latency=64.0s
     correct pred='\\(0\\)' tokens=1224 visible=333 reason=- cost=- latency=66.9s
     correct pred='\\frac{1}{2}' tokens=1155 visible=370 reason=- cost=- latency=63.9s
     correct pred='\\( \\frac{1}{2} \\).' tokens=1585 visible=356 reason=- cost=- latency=59.7s
     correct pred='$\\frac{2}{3}$' tokens=1131 visible=329 reason=- cost=- latency=57.3s
     correct pred='$\\frac{2}{3}$' tokens=1582 visible=310 reason=- cost=- latency=61.8s
     wrong   pred='$\\frac{3}{2}$' tokens=1078 visible=331 reason=- cost=- latency=53.4s
     wrong   pred='1' tokens=1573 visible=374 reason=- cost=- latency=55.4s
     wrong   pred='Yes, such a function exists.' tokens=1198 visible=498 reason=- cost=- latency=56.8s
     wrong   pred='Yes, there exists a function on the i...' tokens=1348 visible=321 reason=- cost=- latency=54.6s
     wrong   pred='\\(g(x, y) = e^{yx}\\).' tokens=733 visible=197 reason=- cost=- latency=50.4s
     wrong   pred='\\(g(x, y) = e^{yx}\\).' tokens=1232 visible=266 reason=- cost=- latency=48.6s
     correct pred='76' tokens=1229 visible=391 reason=- cost=- latency=49.0s
     wrong   pred='19' tokens=1652 visible=346 reason=- cost=- latency=46.4s
     wrong   pred='The probability that the 80% confiden...' tokens=1564 visible=660 reason=- cost=- latency=52.1s
     wrong   pred='The probability that the 80% confiden...' tokens=1889 visible=635 reason=- cost=- latency=60.7s
     wrong   pred='19' tokens=1643 visible=575 reason=- cost=- latency=73.1s
     correct pred='18' tokens=1716 visible=346 reason=- cost=- latency=77.5s
     correct pred='\\( -\\frac{48}{25} \\)' tokens=1006 visible=290 reason=- cost=- latency=75.9s
     correct pred='\\(-\\frac{48}{25}\\)' tokens=1388 visible=270 reason=- cost=- latency=75.5s
     wrong   pred='54' tokens=1251 visible=472 reason=- cost=- latency=69.9s
     wrong   pred='28' tokens=1763 visible=546 reason=- cost=- latency=66.0s
     wrong   pred='\\(6\\sqrt{2}\\)' tokens=971 visible=266 reason=- cost=- latency=54.8s
     wrong   pred='\\(6\\sqrt{2}\\).' tokens=1670 visible=395 reason=- cost=- latency=52.3s
     wrong   pred='\\frac{3\\pi^2}{8}' tokens=1502 visible=601 reason=- cost=- latency=59.5s
     correct pred='\\frac{4\\pi}{3}' tokens=1875 visible=528 reason=- cost=- latency=66.0s
     wrong   pred='5150' tokens=1560 visible=582 reason=- cost=- latency=71.1s
     correct pred='8080' tokens=1915 visible=542 reason=- cost=- latency=74.3s

------------------------------------------------------------------------------
Prelim Eval (500/4000 calls, elapsed 4785.2s)
------------------------------------------------------------------------------
+---+---------+----------+--------------------+---------+--------------+-------------+----------+------------+------------+-------------+----------+
| k | correct | accuracy | bar                | mean in | mean visible | mean reason | mean out | mean total | reason sum | limit flags | cost     |
+---+---------+----------+--------------------+---------+--------------+-------------+----------+------------+------------+-------------+----------+
| 1 | 93/250  | 37.2%    | #######........... | 540.1   | 412.3        | -           | 623.9    | 1164.0     | -          | 2           | 0.000000 |
| 2 | 98/250  | 39.2%    | #######........... | 988.2   | 387.9        | -           | 594.4    | 1582.6     | -          | 0           | 0.000000 |
+---+---------+----------+--------------------+---------+--------------+-------------+----------+------------+------------+-------------+----------+
------------------------------------------------------------------------------
     wrong   pred='The function \\( g(x) = x \\) exists an...' tokens=1175 visible=485 reason=- cost=- latency=79.4s
     correct pred='Yes' tokens=1567 visible=438 reason=- cost=- latency=81.7s
     wrong   pred='8' tokens=1628 visible=513 reason=- cost=- latency=82.0s
     wrong   pred='\\frac{476}{27}' tokens=1854 visible=375 reason=- cost=- latency=78.5s
     wrong   pred='The limit is equal to the second deri...' tokens=1006 visible=503 reason=- cost=- latency=72.0s
     wrong   pred="\\( -2\\delta'' \\)" tokens=1034 visible=366 reason=- cost=- latency=62.6s
     wrong   pred='\\sqrt{3}' tokens=1282 visible=410 reason=- cost=- latency=63.0s
     wrong   pred='\\frac{3}{2}' tokens=2110 visible=574 reason=- cost=- latency=68.7s
     wrong   pred='The function is differentiable at \\( ...' tokens=1639 visible=617 reason=- cost=- latency=69.1s
     wrong   pred='The function defined by the series \\(...' tokens=2046 visible=552 reason=- cost=- latency=72.4s
     wrong   pred='Yes, \\( G \\) acts on \\( \\Omega \\) by ...' tokens=1024 visible=444 reason=- cost=- latency=70.8s
     wrong   pred='Yes, \\( G \\) acts on \\( \\Omega \\) by ...' tokens=1379 visible=378 reason=- cost=- latency=72.3s
     correct pred='\\(-4\\pi i\\)' tokens=1159 visible=361 reason=- cost=- latency=71.2s
     correct pred='\\(-4\\pi i\\)' tokens=1928 visible=581 reason=- cost=- latency=70.1s
     wrong   pred='1' tokens=1203 visible=514 reason=- cost=- latency=65.7s
     wrong   pred='\\sqrt{2} - 1' tokens=1941 visible=718 reason=- cost=- latency=68.6s
     wrong   pred='5814' tokens=969 visible=267 reason=- cost=- latency=66.7s
     wrong   pred='5814' tokens=1385 visible=215 reason=- cost=- latency=64.6s
     correct pred='Yes.' tokens=766 visible=254 reason=- cost=- latency=58.9s
     wrong   pred='Yes, there exists an open neighborhoo...' tokens=1160 visible=236 reason=- cost=- latency=47.5s
     correct pred='28' tokens=991 visible=256 reason=- cost=- latency=41.9s
     correct pred='28' tokens=1511 visible=245 reason=- cost=- latency=30.6s
     wrong   pred='397.' tokens=870 visible=243 reason=- cost=- latency=29.1s
     wrong   pred='16' tokens=1713 visible=471 reason=- cost=- latency=34.1s
     wrong   pred='The statement is true.' tokens=1213 visible=416 reason=- cost=- latency=39.1s
     correct pred='True' tokens=1731 visible=426 reason=- cost=- latency=44.1s
     correct pred='\\(\\mu^{15}\\)' tokens=599 visible=175 reason=- cost=- latency=41.6s
     correct pred='\\(\\mu^{15}\\)' tokens=963 visible=226 reason=- cost=- latency=40.4s
     wrong   pred='\\(\\binom{3n}{r}\\).' tokens=849 visible=215 reason=- cost=- latency=40.3s
     wrong   pred='\\binom{3n}{r}' tokens=1308 visible=206 reason=- cost=- latency=34.7s
     correct pred='160' tokens=526 visible=146 reason=- cost=- latency=28.5s
     correct pred='160' tokens=745 visible=113 reason=- cost=- latency=22.0s
     wrong   pred='-\\frac{5}{2}' tokens=1135 visible=367 reason=- cost=- latency=28.0s
     wrong   pred='\\( e^{-1} - 2 \\).' tokens=1610 visible=397 reason=- cost=- latency=33.4s
     wrong   pred='155' tokens=1174 visible=594 reason=- cost=- latency=39.2s
     wrong   pred='1358.4375' tokens=1653 visible=578 reason=- cost=- latency=46.0s
     wrong   pred='Yes, \\( f(X) \\) is closed in \\( X \\).' tokens=953 visible=353 reason=- cost=- latency=50.0s
     wrong   pred='Yes, \\( f(X) \\) is closed in \\( X \\).' tokens=1374 visible=339 reason=- cost=- latency=54.5s
     wrong   pred='3' tokens=1608 visible=648 reason=- cost=- latency=59.5s
     wrong   pred='\\( 2 - n \\).' tokens=2016 visible=502 reason=- cost=- latency=61.1s
     wrong   pred='59' tokens=995 visible=221 reason=- cost=- latency=56.4s
     wrong   pred='59' tokens=1516 visible=127 reason=- cost=- latency=50.2s
     wrong   pred='The kernel of the transformation \\( l...' tokens=863 visible=306 reason=- cost=- latency=48.8s
     correct pred='\\{0\\}' tokens=1278 visible=283 reason=- cost=- latency=47.3s
     wrong   pred='11' tokens=1221 visible=477 reason=- cost=- latency=43.3s
     wrong   pred='\\(13\\sqrt{3}\\)' tokens=1766 visible=528 reason=- cost=- latency=43.5s
     correct pred='True' tokens=813 visible=322 reason=- cost=- latency=43.5s
     correct pred='True' tokens=1096 visible=246 reason=- cost=- latency=42.9s
     wrong   pred='$\\exp\\left(\\frac{3}{2}\\right)$' tokens=1304 visible=457 reason=- cost=- latency=49.7s
     wrong   pred='$\\exp\\left(\\frac{3}{2}\\right)$' tokens=1655 visible=412 reason=- cost=- latency=55.6s
     wrong   pred='67' tokens=1139 visible=660 reason=- cost=- latency=54.1s
     wrong   pred='40' tokens=1532 visible=520 reason=- cost=- latency=49.9s
     wrong   pred='The function \\( y = e^{x^2} \\int_{0}^...' tokens=1003 visible=287 reason=- cost=- latency=51.6s
     wrong   pred='The function is a solution.' tokens=1462 visible=302 reason=- cost=- latency=54.9s
     correct pred='Yes' tokens=810 visible=433 reason=- cost=- latency=48.8s
     wrong   pred='Yes, the smallest positive integer th...' tokens=1247 visible=500 reason=- cost=- latency=45.3s
     wrong   pred='\\( 4\\pi i \\).' tokens=1856 visible=670 reason=- cost=- latency=57.0s
     wrong   pred='\\( \\frac{5\\pi i}{3} \\).' tokens=2124 visible=627 reason=- cost=- latency=68.0s
     correct pred='0' tokens=927 visible=296 reason=- cost=- latency=67.1s
     correct pred='\\( 0 \\).' tokens=1278 visible=219 reason=- cost=- latency=64.8s
     correct pred='1575' tokens=1595 visible=519 reason=- cost=- latency=73.2s
     correct pred='1575' tokens=2205 visible=555 reason=- cost=- latency=80.9s
     wrong   pred="Not necessarily; the intersection's c..." tokens=994 visible=559 reason=- cost=- latency=68.4s
     wrong   pred='Yes, the connected components of the ...' tokens=1236 visible=377 reason=- cost=- latency=55.5s
     wrong   pred='4' tokens=1402 visible=578 reason=- cost=- latency=60.6s
     wrong   pred='4' tokens=1873 visible=487 reason=- cost=- latency=65.2s
     correct pred='$27\\pi$' tokens=690 visible=183 reason=- cost=- latency=54.7s
     correct pred='\\(27\\pi\\)' tokens=958 visible=124 reason=- cost=- latency=42.3s
     wrong   pred='$\\frac{1}{5}$' tokens=1315 visible=453 reason=- cost=- latency=45.4s
     wrong   pred='\\frac{1}{5}' tokens=1807 visible=558 reason=- cost=- latency=50.7s
     wrong   pred='The radius of the sphere that contain...' tokens=1295 visible=500 reason=- cost=- latency=51.0s
     wrong   pred='The radius of the sphere that contain...' tokens=1852 visible=563 reason=- cost=- latency=54.7s
     wrong   pred='\\( -(a + b) \\)' tokens=838 visible=239 reason=- cost=- latency=56.5s
     wrong   pred='$-(a+b)$' tokens=1205 visible=259 reason=- cost=- latency=59.5s
     correct pred='10' tokens=773 visible=177 reason=- cost=- latency=52.2s
     correct pred='10' tokens=1193 visible=193 reason=- cost=- latency=44.8s
     correct pred='(10, 2)' tokens=602 visible=107 reason=- cost=- latency=35.4s
     correct pred='(10, 2)' tokens=976 visible=118 reason=- cost=- latency=24.4s
     wrong   pred='\\((- \\infty, \\frac{2}{3}]\\)' tokens=1003 visible=337 reason=- cost=- latency=25.7s
     wrong   pred='\\(-2 \\leq \\alpha \\leq 1\\).' tokens=1453 visible=323 reason=- cost=- latency=27.0s
     wrong   pred='The order of the quotient group \\(\\ma...' tokens=861 visible=292 reason=- cost=- latency=29.1s
     correct pred='343' tokens=1078 visible=153 reason=- cost=- latency=29.0s
     correct pred='\\( f(0) \\)' tokens=1097 visible=323 reason=- cost=- latency=34.2s
     correct pred='\\( f(0) \\)' tokens=1490 visible=253 reason=- cost=- latency=37.5s
     wrong   pred='6' tokens=1192 visible=445 reason=- cost=- latency=39.8s
     wrong   pred='24' tokens=1603 visible=420 reason=- cost=- latency=40.9s
     wrong   pred='Yes, \\( [X,Y] = 0 \\).' tokens=944 visible=217 reason=- cost=- latency=39.7s
     wrong   pred='Yes, if \\( e^X e^Y = e^{X + Y} \\), th...' tokens=1381 visible=123 reason=- cost=- latency=39.2s
     correct pred='\\( e^{\\frac{x}{2}} \\).' tokens=1191 visible=443 reason=- cost=- latency=41.9s
     correct pred='\\( e^{\\frac{x}{2}} \\).' tokens=1648 visible=450 reason=- cost=- latency=46.8s
     wrong   pred='\\(1 - \\cos(1)\\).' tokens=1422 visible=465 reason=- cost=- latency=49.3s
     wrong   pred='$\\frac{\\pi}{2}$' tokens=1789 visible=277 reason=- cost=- latency=50.0s
     wrong   pred='0' tokens=1248 visible=458 reason=- cost=- latency=56.1s
     correct pred='$16\\pi i$' tokens=1709 visible=457 reason=- cost=- latency=64.0s
     correct pred='Yes.' tokens=1283 visible=436 reason=- cost=- latency=63.7s
     correct pred='Yes' tokens=1627 visible=275 reason=- cost=- latency=59.9s
     correct pred='0' tokens=1026 visible=325 reason=- cost=- latency=55.3s
     correct pred='\\( 0 \\).' tokens=1501 visible=463 reason=- cost=- latency=54.0s
     correct pred='51' tokens=845 visible=254 reason=- cost=- latency=50.1s
     correct pred='51' tokens=1174 visible=269 reason=- cost=- latency=46.5s

------------------------------------------------------------------------------
Prelim Eval (600/4000 calls, elapsed 5630.3s)
------------------------------------------------------------------------------
+---+---------+----------+--------------------+---------+--------------+-------------+----------+------------+------------+-------------+----------+
| k | correct | accuracy | bar                | mean in | mean visible | mean reason | mean out | mean total | reason sum | limit flags | cost     |
+---+---------+----------+--------------------+---------+--------------+-------------+----------+------------+------------+-------------+----------+
| 1 | 110/300 | 36.7%    | #######........... | 540.0   | 407.6        | -           | 611.1    | 1151.1     | -          | 2           | 0.000000 |
| 2 | 118/300 | 39.3%    | #######........... | 988.0   | 384.6        | -           | 583.3    | 1571.3     | -          | 0           | 0.000000 |
+---+---------+----------+--------------------+---------+--------------+-------------+----------+------------+------------+-------------+----------+
------------------------------------------------------------------------------
     wrong   pred='\\(-4 \\sin^2 2\\alpha\\).' tokens=1578 visible=618 reason=- cost=- latency=51.8s
     wrong   pred='\\(0\\)' tokens=1621 visible=413 reason=- cost=- latency=53.5s
     wrong   pred='\\frac{324}{25}' tokens=1477 visible=579 reason=- cost=- latency=61.0s
     wrong   pred='\\(\\frac{324}{25}\\).' tokens=1811 visible=531 reason=- cost=- latency=67.0s
     wrong   pred='Yes, the restriction of \\( S \\) to \\(...' tokens=1012 visible=360 reason=- cost=- latency=67.3s
     wrong   pred='Yes, the restriction of \\( S \\) to \\(...' tokens=1370 visible=296 reason=- cost=- latency=65.7s
     correct pred='\\( e^3 \\)' tokens=1066 visible=294 reason=- cost=- latency=57.8s
     correct pred='\\( e^3 \\)' tokens=1634 visible=300 reason=- cost=- latency=57.7s
     wrong   pred='Yes, such a function necessarily must...' tokens=732 visible=216 reason=- cost=- latency=46.7s
     wrong   pred='Yes, such a function must necessarily...' tokens=1089 visible=210 reason=- cost=- latency=36.6s
     wrong   pred='\\(0\\).' tokens=1322 visible=512 reason=- cost=- latency=41.4s
     correct pred='\\(-4\\pi\\)' tokens=1731 visible=451 reason=- cost=- latency=46.9s
     wrong   pred='12' tokens=824 visible=231 reason=- cost=- latency=45.3s
     correct pred='6' tokens=1174 visible=201 reason=- cost=- latency=42.4s
     wrong   pred='0' tokens=978 visible=175 reason=- cost=- latency=43.4s
     correct pred='624' tokens=2282 visible=593 reason=- cost=- latency=55.9s
     correct pred='Yes' tokens=789 visible=207 reason=- cost=- latency=48.9s
     wrong   pred="Yes, Ito's formula can be used to fin..." tokens=1268 visible=282 reason=- cost=- latency=44.1s
     correct pred='Yes.' tokens=917 visible=323 reason=- cost=- latency=45.5s
     wrong   pred='The root of the second derivative of ...' tokens=1288 visible=340 reason=- cost=- latency=47.4s
     wrong   pred='\\(16478\\)' tokens=1674 visible=515 reason=- cost=- latency=57.7s
     wrong   pred='-342' tokens=2026 visible=370 reason=- cost=- latency=53.2s
     correct pred='\\( g_{ij} = \\delta_{ij} \\).' tokens=1134 visible=248 reason=- cost=- latency=53.3s
     wrong   pred='The components of the metric tensor a...' tokens=1837 visible=235 reason=- cost=- latency=51.5s
     correct pred='$27.03$' tokens=1622 visible=609 reason=- cost=- latency=61.3s
     wrong   pred='The calculation provided does not exa...' tokens=2242 visible=720 reason=- cost=- latency=73.8s
     wrong   pred='1' tokens=1077 visible=375 reason=- cost=- latency=65.6s
     correct pred='\\(\\frac{x_0}{C}\\)' tokens=1784 visible=458 reason=- cost=- latency=63.4s
     wrong   pred='[1, 7, 16, 24, 25]' tokens=1295 visible=359 reason=- cost=- latency=69.2s
     wrong   pred='[1, 16, 14, 28, 4, 17, 18]' tokens=2041 visible=472 reason=- cost=- latency=79.2s
     wrong   pred='The Galois group is likely \\(S_6\\) wi...' tokens=1429 visible=715 reason=- cost=- latency=75.2s
     wrong   pred='30' tokens=1831 visible=661 reason=- cost=- latency=67.0s
     wrong   pred='\\frac{1}{2}' tokens=1312 visible=463 reason=- cost=- latency=72.0s
     wrong   pred='\\frac{1}{2}' tokens=1724 visible=455 reason=- cost=- latency=74.5s
     correct pred='Yes.' tokens=1037 visible=341 reason=- cost=- latency=71.0s
     correct pred='Yes.' tokens=1368 visible=229 reason=- cost=- latency=61.5s
     correct pred='\\frac{21}{2}' tokens=1235 visible=350 reason=- cost=- latency=58.2s
     correct pred='\\frac{21}{2}' tokens=1719 visible=334 reason=- cost=- latency=56.2s
     wrong   pred='Yes, \\( M \\) is bounded.' tokens=1067 visible=372 reason=- cost=- latency=50.7s
     correct pred='Yes.' tokens=1505 visible=293 reason=- cost=- latency=43.5s
     wrong   pred='The series converges for \\( -1 < y < ...' tokens=1208 visible=489 reason=- cost=- latency=47.3s
     wrong   pred='The series converges for \\( -1 < y < ...' tokens=1665 visible=467 reason=- cost=- latency=54.2s
     wrong   pred='\\(-\\frac{7}{8}\\).' tokens=1462 visible=495 reason=- cost=- latency=58.4s
     wrong   pred='\\(-\\frac{7}{8}\\).' tokens=1800 visible=415 reason=- cost=- latency=60.5s
     wrong   pred='The probability density function of \\...' tokens=950 visible=310 reason=- cost=- latency=60.7s
     wrong   pred='\\[' tokens=1547 visible=441 reason=- cost=- latency=65.4s
     correct pred='580' tokens=1290 visible=351 reason=- cost=- latency=62.5s
     wrong   pred='760' tokens=1924 visible=321 reason=- cost=- latency=58.3s
     wrong   pred='It is possible to construct a simple ...' tokens=1011 visible=512 reason=- cost=- latency=51.3s
     wrong   pred='No' tokens=1473 visible=461 reason=- cost=- latency=45.8s
     correct pred='\\(4\\pi a^3\\)' tokens=1462 visible=568 reason=- cost=- latency=52.8s
     wrong   pred='\\(8\\pi a^3\\)' tokens=2388 visible=861 reason=- cost=- latency=64.0s
     wrong   pred='Yes, there are at most finitely many ...' tokens=993 visible=471 reason=- cost=- latency=63.0s
     wrong   pred='Yes, there are at most finitely many ...' tokens=1179 visible=188 reason=- cost=- latency=58.5s
     wrong   pred='\\(C = 2e^2 - \\frac{1}{3}\\).' tokens=1206 visible=362 reason=- cost=- latency=61.8s
     wrong   pred='\\(C = 2e^2 - \\frac{1}{3}\\).' tokens=1676 visible=381 reason=- cost=- latency=66.0s
     correct pred='\\(-\\frac{1}{2}\\).' tokens=1251 visible=406 reason=- cost=- latency=63.4s
     correct pred='\\(-\\frac{1}{2}\\)' tokens=1582 visible=335 reason=- cost=- latency=52.2s
     wrong   pred='\\( -\\frac{\\pi}{2} \\log 2 \\).' tokens=1486 visible=495 reason=- cost=- latency=58.1s
     correct pred='\\(\\pi \\log 2\\).' tokens=2084 visible=506 reason=- cost=- latency=69.0s
     wrong   pred='\\( I \\)' tokens=1018 visible=312 reason=- cost=- latency=66.4s
     wrong   pred='$I$' tokens=1459 visible=372 reason=- cost=- latency=63.5s
     correct pred='Yes.' tokens=847 visible=228 reason=- cost=- latency=56.1s
     correct pred='Yes' tokens=1319 visible=178 reason=- cost=- latency=49.5s
     wrong   pred='\\(32\\)' tokens=1277 visible=480 reason=- cost=- latency=48.7s
     correct pred='8' tokens=1491 visible=378 reason=- cost=- latency=44.3s
     correct pred='45' tokens=1107 visible=423 reason=- cost=- latency=45.9s
     correct pred='45' tokens=1411 visible=304 reason=- cost=- latency=45.5s
     wrong   pred='0.5' tokens=898 visible=347 reason=- cost=- latency=48.2s
     wrong   pred='\\( c = 0.5 \\)' tokens=1207 visible=329 reason=- cost=- latency=50.5s
     correct pred='Yes.' tokens=1091 visible=439 reason=- cost=- latency=46.5s
     correct pred='Yes.' tokens=1370 visible=282 reason=- cost=- latency=42.4s
     wrong   pred='\\(2\\pi ie\\)' tokens=888 visible=365 reason=- cost=- latency=40.7s
     wrong   pred='\\(2\\pi i e\\)' tokens=1122 visible=283 reason=- cost=- latency=39.5s
     correct pred='$\\frac{1}{3}$' tokens=921 visible=236 reason=- cost=- latency=38.2s
     correct pred='\\(\\frac{1}{3}\\).' tokens=1414 visible=225 reason=- cost=- latency=38.2s
     wrong   pred='8' tokens=1781 visible=631 reason=- cost=- latency=48.4s
     wrong   pred='\\( n = 7 \\).' tokens=1894 visible=430 reason=- cost=- latency=55.9s
     correct pred='0' tokens=684 visible=200 reason=- cost=- latency=51.7s
     correct pred='0' tokens=965 visible=84 reason=- cost=- latency=47.1s
     wrong   pred='The arc length of the curve \\( y = \\s...' tokens=961 visible=337 reason=- cost=- latency=50.6s
     correct pred='\\(\\pi\\)' tokens=1230 visible=336 reason=- cost=- latency=53.7s
     correct pred='\\(0\\)' tokens=857 visible=274 reason=- cost=- latency=42.2s
     wrong   pred='\\(\\lim_{(x,y)\\to (0,0)} \\frac{xy}{\\sq...' tokens=1231 visible=298 reason=- cost=- latency=37.4s
     wrong   pred='The optimal area is 5600 square feet.' tokens=953 visible=375 reason=- cost=- latency=42.0s
     correct pred='5600' tokens=1548 visible=503 reason=- cost=- latency=51.8s
     correct pred='\\(\\frac{1}{b}\\).' tokens=879 visible=203 reason=- cost=- latency=47.7s
     wrong   pred='\\(\\rho = \\frac{1}{b}\\)' tokens=1363 visible=182 reason=- cost=- latency=44.0s
     wrong   pred='\\( f(x) = 2x^{15} \\).' tokens=997 visible=295 reason=- cost=- latency=44.5s
     wrong   pred='\\( f(x) = 2x^{15} \\).' tokens=1712 visible=468 reason=- cost=- latency=48.6s
     correct pred='8' tokens=935 visible=315 reason=- cost=- latency=46.7s
     correct pred='8' tokens=1436 visible=311 reason=- cost=- latency=41.7s
     correct pred='Yes' tokens=671 visible=292 reason=- cost=- latency=41.7s
     correct pred='Yes' tokens=874 visible=216 reason=- cost=- latency=40.7s
     wrong   pred='$(x_0, M) = (1, 8)$' tokens=1404 visible=492 reason=- cost=- latency=46.4s
     wrong   pred='\\((x_0, M) = (1, 8)\\).' tokens=1849 visible=473 reason=- cost=- latency=47.5s
     correct pred='18' tokens=703 visible=213 reason=- cost=- latency=46.2s
     wrong   pred='The number of square units bounded by...' tokens=1087 visible=272 reason=- cost=- latency=45.5s
     wrong   pred='13' tokens=1585 visible=649 reason=- cost=- latency=57.4s
     correct pred='15' tokens=1667 visible=461 reason=- cost=- latency=65.5s

------------------------------------------------------------------------------
Prelim Eval (700/4000 calls, elapsed 6534.0s)
------------------------------------------------------------------------------
+---+---------+----------+--------------------+---------+--------------+-------------+----------+------------+------------+-------------+----------+
| k | correct | accuracy | bar                | mean in | mean visible | mean reason | mean out | mean total | reason sum | limit flags | cost     |
+---+---------+----------+--------------------+---------+--------------+-------------+----------+------------+------------+-------------+----------+
| 1 | 130/350 | 37.1%    | #######........... | 540.6   | 404.9        | -           | 607.0    | 1147.6     | -          | 2           | 0.000000 |
| 2 | 139/350 | 39.7%    | #######........... | 989.2   | 382.8        | -           | 581.4    | 1570.6     | -          | 0           | 0.000000 |
+---+---------+----------+--------------------+---------+--------------+-------------+----------+------------+------------+-------------+----------+
------------------------------------------------------------------------------
     correct pred='\\(\\frac{1}{n!}\\).' tokens=948 visible=282 reason=- cost=- latency=58.2s
     correct pred='\\(\\frac{1}{n!}\\)' tokens=1236 visible=129 reason=- cost=- latency=47.7s
     wrong   pred='The integral \\( \\int_1^\\infty \\sin\\le...' tokens=825 visible=305 reason=- cost=- latency=49.6s
     wrong   pred='The integral converges for \\( p > 1 \\).' tokens=1179 visible=350 reason=- cost=- latency=51.2s
     wrong   pred='23328' tokens=1195 visible=495 reason=- cost=- latency=45.2s
     wrong   pred='The smallest positive integer \\( n \\)...' tokens=1472 visible=403 reason=- cost=- latency=42.3s
     correct pred='\\frac{3}{2}' tokens=663 visible=114 reason=- cost=- latency=38.7s
     correct pred='\\frac{3}{2}' tokens=1103 visible=118 reason=- cost=- latency=38.4s
     correct pred='Yes' tokens=928 visible=327 reason=- cost=- latency=37.1s
     wrong   pred='Yes, the determinant equation always ...' tokens=1443 visible=351 reason=- cost=- latency=35.2s
     correct pred='\\(0\\)' tokens=1378 visible=611 reason=- cost=- latency=39.1s
     correct pred='\\(0\\)' tokens=1817 visible=647 reason=- cost=- latency=46.4s
     wrong   pred='\\(\\mathcal{L}_X R = 0\\).' tokens=878 visible=311 reason=- cost=- latency=49.5s
     wrong   pred='\\(\\mathcal{L}_X R = 0\\).' tokens=1523 visible=438 reason=- cost=- latency=55.7s
     wrong   pred='15' tokens=1339 visible=547 reason=- cost=- latency=63.4s
     correct pred='10' tokens=1783 visible=504 reason=- cost=- latency=71.2s
     wrong   pred='Thus, even though \\(g(x)\\) approaches...' tokens=987 visible=319 reason=- cost=- latency=64.1s
     wrong   pred='No.' tokens=1413 visible=323 reason=- cost=- latency=55.5s
     correct pred='43' tokens=1552 visible=520 reason=- cost=- latency=64.7s
     correct pred='43' tokens=2100 visible=562 reason=- cost=- latency=71.3s
     wrong   pred='The area of the finite region is \\( \\...' tokens=1039 visible=345 reason=- cost=- latency=67.4s
     correct pred='π' tokens=1166 visible=245 reason=- cost=- latency=59.6s
     wrong   pred='The area of triangle \\( \\triangle ABE...' tokens=1128 visible=466 reason=- cost=- latency=61.5s
     wrong   pred='The area of triangle \\( \\triangle ABE...' tokens=1975 visible=615 reason=- cost=- latency=69.8s
     correct pred='Yes.' tokens=1117 visible=256 reason=- cost=- latency=61.1s
     correct pred='Yes.' tokens=2130 visible=476 reason=- cost=- latency=57.4s
     wrong   pred='\\frac{2}{5}' tokens=1461 visible=519 reason=- cost=- latency=62.5s
     correct pred='\\(\\frac{2}{25}\\).' tokens=1456 visible=294 reason=- cost=- latency=64.2s
     correct pred='1023' tokens=1254 visible=349 reason=- cost=- latency=63.5s
     wrong   pred='-1' tokens=2150 visible=518 reason=- cost=- latency=60.8s
     correct pred='4' tokens=820 visible=385 reason=- cost=- latency=62.4s
     wrong   pred='2' tokens=805 visible=170 reason=- cost=- latency=54.6s
     wrong   pred='10' tokens=999 visible=306 reason=- cost=- latency=48.4s
     correct pred='12' tokens=1400 visible=295 reason=- cost=- latency=49.0s
     wrong   pred='65' tokens=1036 visible=312 reason=- cost=- latency=48.5s
     wrong   pred='173941' tokens=1423 visible=304 reason=- cost=- latency=43.5s
     wrong   pred='16' tokens=1502 visible=479 reason=- cost=- latency=48.1s
     wrong   pred='\\( x = 9 \\)' tokens=1630 visible=310 reason=- cost=- latency=51.3s
     correct pred='\\(0\\)' tokens=1022 visible=330 reason=- cost=- latency=50.9s
     correct pred='\\(0\\)' tokens=1485 visible=358 reason=- cost=- latency=51.9s
     correct pred='\\(\\frac{26}{105}\\).' tokens=1290 visible=454 reason=- cost=- latency=55.3s
     wrong   pred='\\(\\frac{46}{105}\\).' tokens=1505 visible=374 reason=- cost=- latency=57.2s
     correct pred='\\frac{abc}{27}' tokens=1039 visible=297 reason=- cost=- latency=50.6s
     wrong   pred='\\frac{abc}{(a + b + c)^3}' tokens=1596 visible=293 reason=- cost=- latency=49.5s
     correct pred='\\frac{48}{625}' tokens=893 visible=278 reason=- cost=- latency=47.6s
     correct pred='\\(\\frac{48}{625}\\)' tokens=1212 visible=221 reason=- cost=- latency=43.6s
     correct pred='\\( 2u \\).' tokens=1161 visible=403 reason=- cost=- latency=40.5s
     correct pred='\\( 2u \\).' tokens=1587 visible=378 reason=- cost=- latency=38.8s
     wrong   pred='The expectation \\( E[1/X] \\) is infin...' tokens=801 visible=306 reason=- cost=- latency=38.3s
     wrong   pred='The expectation \\( E\\left[\\frac{1}{X}...' tokens=1187 visible=318 reason=- cost=- latency=38.2s
     wrong   pred='No.' tokens=1169 visible=348 reason=- cost=- latency=39.4s
     wrong   pred='No.' tokens=1712 visible=338 reason=- cost=- latency=41.1s
     correct pred='\\( \\frac{2}{3} \\).' tokens=1023 visible=314 reason=- cost=- latency=39.6s
     correct pred='\\(\\frac{2}{3}\\)' tokens=1571 visible=377 reason=- cost=- latency=40.2s
     correct pred='\\frac{\\pi}{4}' tokens=1163 visible=411 reason=- cost=- latency=44.1s
     correct pred='\\(\\frac{\\pi}{4}\\)' tokens=1459 visible=357 reason=- cost=- latency=45.8s
     wrong   pred='Such an \\( X \\) exists if \\( B \\) has...' tokens=1073 visible=442 reason=- cost=- latency=46.5s
     wrong   pred='Yes, such a matrix \\( X \\) exists. An...' tokens=1399 visible=327 reason=- cost=- latency=46.2s
     wrong   pred='The initial conditions are \\(0 < y_0 ...' tokens=1011 visible=338 reason=- cost=- latency=46.1s
     wrong   pred='\\( 0 < y_0 < 6 \\) and \\( y_0 = 4 \\).' tokens=1271 visible=257 reason=- cost=- latency=42.4s
     correct pred='\\( \\frac{e}{2} \\)' tokens=1067 visible=347 reason=- cost=- latency=41.2s
     correct pred='\\(\\frac{e}{2}\\)' tokens=1430 visible=335 reason=- cost=- latency=40.8s
     correct pred='$0$' tokens=1666 visible=632 reason=- cost=- latency=48.1s
     wrong   pred='\\(1\\)' tokens=1594 visible=355 reason=- cost=- latency=49.6s
     wrong   pred='Yes, there exists a power series that...' tokens=1210 visible=493 reason=- cost=- latency=50.4s
     correct pred='Yes.' tokens=1607 visible=320 reason=- cost=- latency=51.0s
     correct pred='\\((2n)!\\)' tokens=579 visible=109 reason=- cost=- latency=45.0s
     correct pred='\\((2n)!\\)' tokens=947 visible=89 reason=- cost=- latency=39.3s
     correct pred='12' tokens=1180 visible=304 reason=- cost=- latency=29.8s
     correct pred='12' tokens=1848 visible=295 reason=- cost=- latency=26.8s
     wrong   pred='\\frac{\\pi}{2}' tokens=1182 visible=447 reason=- cost=- latency=28.5s
     correct pred='$\\frac{5\\pi}{4}$' tokens=2129 visible=731 reason=- cost=- latency=39.6s
     wrong   pred='The solution to the differential equa...' tokens=1058 visible=449 reason=- cost=- latency=46.7s
     wrong   pred='\\(y = (1 + x)^p\\)' tokens=1381 visible=396 reason=- cost=- latency=53.8s
     correct pred='\\(\\{0\\}\\)' tokens=673 visible=189 reason=- cost=- latency=51.8s
     correct pred='\\(\\{0\\}\\)' tokens=1054 visible=219 reason=- cost=- latency=50.6s
     wrong   pred='Yes, either \\( A \\) or \\( B \\) must c...' tokens=1073 visible=485 reason=- cost=- latency=48.0s
     correct pred='Yes.' tokens=1510 visible=374 reason=- cost=- latency=37.3s
     wrong   pred='It is always true that \\( \\lim_{n\\to\\...' tokens=1038 visible=287 reason=- cost=- latency=35.3s
     wrong   pred='Yes, it is always true that \\( \\lim_{...' tokens=1593 visible=373 reason=- cost=- latency=34.8s
     wrong   pred='100' tokens=1292 visible=575 reason=- cost=- latency=43.2s
     wrong   pred='225' tokens=1685 visible=458 reason=- cost=- latency=51.6s
     wrong   pred='Yes, if \\( x^d \\equiv 1 \\pmod{p} \\) h...' tokens=931 visible=305 reason=- cost=- latency=50.0s
     wrong   pred='Yes.' tokens=1579 visible=385 reason=- cost=- latency=51.6s
     wrong   pred='Yes, \\( m \\) necessarily follows that...' tokens=1099 visible=495 reason=- cost=- latency=52.8s
     wrong   pred='Yes, it necessarily follows that \\( m...' tokens=1330 visible=301 reason=- cost=- latency=49.3s
     wrong   pred='The limit does not exist as a finite ...' tokens=1096 visible=342 reason=- cost=- latency=45.0s
     wrong   pred='The limit does not exist.' tokens=1574 visible=330 reason=- cost=- latency=40.2s
     wrong   pred='0.089706' tokens=1268 visible=346 reason=- cost=- latency=45.1s
     correct pred='0.008969' tokens=1702 visible=338 reason=- cost=- latency=47.4s
     wrong   pred='Yes, such a sequence exists.' tokens=987 visible=408 reason=- cost=- latency=46.4s
     wrong   pred='Yes, there exists such a sequence.' tokens=1637 visible=583 reason=- cost=- latency=51.6s
     wrong   pred='M + xy + x' tokens=1132 visible=370 reason=- cost=- latency=52.0s
     wrong   pred='\\( g(y, x) = xy + y + x \\).' tokens=1691 visible=433 reason=- cost=- latency=53.8s
     wrong   pred='100' tokens=1772 visible=660 reason=- cost=- latency=59.2s
     wrong   pred='164' tokens=2397 visible=664 reason=- cost=- latency=65.6s
     correct pred='Yes' tokens=1250 visible=439 reason=- cost=- latency=68.8s
     wrong   pred='There exists a constant \\( c > 0 \\) (...' tokens=1771 visible=469 reason=- cost=- latency=70.0s
     wrong   pred='\\( R^* = \\frac{1}{4} \\)' tokens=1798 visible=792 reason=- cost=- latency=79.3s
     wrong   pred='\\frac{13}{24}' tokens=2200 visible=705 reason=- cost=- latency=86.5s

------------------------------------------------------------------------------
Prelim Eval (800/4000 calls, elapsed 7378.0s)
------------------------------------------------------------------------------
+---+---------+----------+--------------------+---------+--------------+-------------+----------+------------+------------+-------------+----------+
| k | correct | accuracy | bar                | mean in | mean visible | mean reason | mean out | mean total | reason sum | limit flags | cost     |
+---+---------+----------+--------------------+---------+--------------+-------------+----------+------------+------------+-------------+----------+
| 1 | 151/400 | 37.8%    | #######........... | 540.1   | 403.4        | -           | 604.2    | 1144.3     | -          | 2           | 0.000000 |
| 2 | 161/400 | 40.2%    | #######........... | 988.1   | 382.0        | -           | 580.7    | 1568.9     | -          | 0           | 0.000000 |
+---+---------+----------+--------------------+---------+--------------+-------------+----------+------------+------------+-------------+----------+
------------------------------------------------------------------------------
     correct pred='\\(\\pi^2\\).' tokens=754 visible=190 reason=- cost=- latency=74.5s
     correct pred='$\\pi^2$' tokens=1087 visible=140 reason=- cost=- latency=60.7s
     correct pred='$\\frac{1}{2}$' tokens=997 visible=256 reason=- cost=- latency=56.9s
     correct pred='$\\frac{1}{2}$' tokens=1666 visible=363 reason=- cost=- latency=55.0s
     wrong   pred='No' tokens=496 visible=180 reason=- cost=- latency=40.0s
     wrong   pred='No' tokens=701 visible=135 reason=- cost=- latency=25.5s
     wrong   pred='The limit of the probability \\( P(X_n...' tokens=1282 visible=546 reason=- cost=- latency=32.3s
     wrong   pred='0.9772' tokens=1479 visible=351 reason=- cost=- latency=36.8s
     wrong   pred='\\( 1 - \\pi \\)' tokens=1182 visible=448 reason=- cost=- latency=40.5s
     wrong   pred='\\( 1 - \\pi \\)' tokens=1471 visible=368 reason=- cost=- latency=40.1s
     wrong   pred='\\( g(4+3i) = 2 + 3i \\).' tokens=997 visible=308 reason=- cost=- latency=44.6s
     correct pred='\\( 2 - 3i \\)' tokens=1445 visible=379 reason=- cost=- latency=50.1s
     wrong   pred='Yes, \\(f(x)\\) must be a constant func...' tokens=1532 visible=709 reason=- cost=- latency=53.1s
     wrong   pred='Yes, \\(f(x)\\) must be a constant func...' tokens=1672 visible=407 reason=- cost=- latency=54.1s
     wrong   pred='-\\frac{\\sqrt{3}}{2}, -\\frac{3\\sqrt{91...' tokens=2334 visible=959 reason=- cost=- latency=68.9s
     wrong   pred='-\\frac{\\sqrt{3}}{2}, \\frac{\\sqrt{3}}{2}' tokens=1903 visible=539 reason=- cost=- latency=72.5s
     correct pred='177' tokens=1035 visible=288 reason=- cost=- latency=72.6s
     correct pred='177' tokens=2208 visible=644 reason=- cost=- latency=82.4s
     correct pred='Yes.' tokens=810 visible=251 reason=- cost=- latency=73.3s
     correct pred='Yes.' tokens=1362 visible=385 reason=- cost=- latency=71.5s
     wrong   pred='The cardinality of the set of commuti...' tokens=1234 visible=512 reason=- cost=- latency=54.4s
     correct pred='Yes' tokens=1710 visible=358 reason=- cost=- latency=47.7s
     wrong   pred='Yes, the set \\( A \\) must have an acc...' tokens=683 visible=248 reason=- cost=- latency=44.4s
     wrong   pred='Yes, \\( A \\) must have an accumulatio...' tokens=1155 visible=396 reason=- cost=- latency=32.6s
     correct pred='Yes.' tokens=964 visible=412 reason=- cost=- latency=35.0s
     correct pred='Yes.' tokens=1379 visible=470 reason=- cost=- latency=35.7s
     wrong   pred='\\( 2\\sqrt{2} \\)' tokens=1374 visible=417 reason=- cost=- latency=38.9s
     wrong   pred='\\( 2\\sqrt{2} \\).' tokens=1872 visible=417 reason=- cost=- latency=43.8s
     correct pred='\\sqrt{6}' tokens=902 visible=273 reason=- cost=- latency=46.1s
     correct pred='\\sqrt{6}' tokens=1371 visible=299 reason=- cost=- latency=47.5s
     wrong   pred='$\\frac{21}{32}$' tokens=1544 visible=520 reason=- cost=- latency=54.4s
     wrong   pred='$\\frac{21}{40}$' tokens=2103 visible=549 reason=- cost=- latency=62.2s
     correct pred='\\(4e - 2\\).' tokens=1139 visible=298 reason=- cost=- latency=59.5s
     wrong   pred='\\(4e - 1\\)' tokens=1637 visible=304 reason=- cost=- latency=57.3s
     wrong   pred='6' tokens=1387 visible=620 reason=- cost=- latency=62.1s
     correct pred='12' tokens=1812 visible=494 reason=- cost=- latency=64.6s
     wrong   pred='3.' tokens=1078 visible=373 reason=- cost=- latency=59.9s
     correct pred='\\( q = 3 \\)' tokens=1368 visible=329 reason=- cost=- latency=53.1s
     wrong   pred='The condition \\(\\sum_{a \\in A} \\frac{...' tokens=1430 visible=498 reason=- cost=- latency=56.4s
     wrong   pred='The condition \\(\\sum_{a \\in A} \\frac{...' tokens=2050 visible=504 reason=- cost=- latency=59.6s
     wrong   pred='The integral is never bounded for any...' tokens=1503 visible=692 reason=- cost=- latency=63.3s
     wrong   pred='\\( a > 1 \\).' tokens=1756 visible=638 reason=- cost=- latency=66.4s
     wrong   pred='\\(0\\).' tokens=1323 visible=473 reason=- cost=- latency=66.6s
     wrong   pred='\\(0\\)' tokens=1981 visible=418 reason=- cost=- latency=68.2s
     correct pred='Yes' tokens=1201 visible=391 reason=- cost=- latency=66.3s
     correct pred='Yes' tokens=1493 visible=260 reason=- cost=- latency=61.3s
     wrong   pred='\\(-2 < \\alpha < 0\\).' tokens=1423 visible=461 reason=- cost=- latency=57.8s
     wrong   pred='\\(0 < \\alpha < 2\\).' tokens=2066 visible=493 reason=- cost=- latency=56.6s
     wrong   pred='\\( x = 1.7 \\)' tokens=1325 visible=447 reason=- cost=- latency=59.1s
     wrong   pred='\\( x = 1 + \\frac{\\sqrt{77} - 1}{38} \\).' tokens=1842 visible=495 reason=- cost=- latency=62.5s
     correct pred='\\( \\frac{12}{31} \\)' tokens=1407 visible=451 reason=- cost=- latency=65.0s
     wrong   pred='\\frac{72}{31}' tokens=1963 visible=499 reason=- cost=- latency=71.0s
     correct pred='\\( \\frac{1}{2} \\).' tokens=1100 visible=343 reason=- cost=- latency=70.2s
     correct pred='$\\frac{1}{2}$' tokens=1417 visible=342 reason=- cost=- latency=68.7s
     correct pred='Yes' tokens=1077 visible=408 reason=- cost=- latency=64.0s
     correct pred='Yes' tokens=1482 visible=236 reason=- cost=- latency=56.1s
     correct pred='True' tokens=1318 visible=537 reason=- cost=- latency=53.5s
     wrong   pred='The statement is true.' tokens=1897 visible=455 reason=- cost=- latency=49.9s
     wrong   pred='\\(\\frac{660}{7}\\)' tokens=782 visible=179 reason=- cost=- latency=44.5s
     wrong   pred='60' tokens=1570 visible=374 reason=- cost=- latency=45.0s
     wrong   pred='3' tokens=1179 visible=412 reason=- cost=- latency=47.5s
     wrong   pred='4' tokens=2138 visible=592 reason=- cost=- latency=59.4s
     wrong   pred='2048' tokens=1301 visible=447 reason=- cost=- latency=60.1s
     correct pred='1025' tokens=1691 visible=347 reason=- cost=- latency=59.2s
     wrong   pred='The limit \\( \\lim_{z \\to 2k\\pi i} \\fr...' tokens=1115 visible=339 reason=- cost=- latency=62.8s
     wrong   pred='Infinite' tokens=1531 visible=316 reason=- cost=- latency=59.9s
     wrong   pred='106' tokens=1418 visible=464 reason=- cost=- latency=62.1s
     correct pred='2123' tokens=1745 visible=373 reason=- cost=- latency=53.7s
     wrong   pred='5' tokens=1157 visible=397 reason=- cost=- latency=52.5s
     wrong   pred='\\(5\\)' tokens=2096 visible=592 reason=- cost=- latency=60.2s
     correct pred='\\frac{1}{4}' tokens=1066 visible=307 reason=- cost=- latency=60.1s
     correct pred='\\frac{1}{4}' tokens=1509 visible=301 reason=- cost=- latency=60.9s
     wrong   pred='89' tokens=1077 visible=344 reason=- cost=- latency=56.4s
     wrong   pred='90' tokens=1699 visible=461 reason=- cost=- latency=56.8s
     wrong   pred='-\\frac{1}{2}x^2 + 1' tokens=1609 visible=621 reason=- cost=- latency=62.5s
     wrong   pred='\\[ y = -\\frac{1}{2}x^2 + 1. \\]' tokens=2159 visible=707 reason=- cost=- latency=61.7s
     wrong   pred='2019' tokens=1091 visible=638 reason=- cost=- latency=62.8s
     wrong   pred='1346' tokens=1369 visible=536 reason=- cost=- latency=62.2s
     wrong   pred='Every integer can be expressed as a m...' tokens=1132 visible=575 reason=- cost=- latency=63.8s
     wrong   pred='No' tokens=1326 visible=355 reason=- cost=- latency=60.0s
     correct pred='56' tokens=694 visible=216 reason=- cost=- latency=49.4s
     correct pred='56' tokens=1069 visible=235 reason=- cost=- latency=39.1s
     wrong   pred='4024' tokens=859 visible=257 reason=- cost=- latency=34.5s
     wrong   pred='4024' tokens=1575 visible=407 reason=- cost=- latency=35.1s
     correct pred='\\( \\frac{4}{e} \\).' tokens=1329 visible=503 reason=- cost=- latency=38.8s
     correct pred='\\(\\frac{4}{e}\\).' tokens=1647 visible=455 reason=- cost=- latency=45.4s
     correct pred='\\frac{40}{9}' tokens=1231 visible=355 reason=- cost=- latency=50.5s
     correct pred='\\frac{40}{9}' tokens=1704 visible=327 reason=- cost=- latency=54.4s
     correct pred='\\(a_n = -\\frac{1}{n!}\\).' tokens=759 visible=218 reason=- cost=- latency=54.5s
     correct pred='\\( a_n = -\\frac{1}{n!} \\).' tokens=1113 visible=194 reason=- cost=- latency=51.2s
     wrong   pred='\\(2\\pi i\\)' tokens=1140 visible=451 reason=- cost=- latency=46.6s
     wrong   pred='\\(-2\\pi i\\)' tokens=1640 visible=474 reason=- cost=- latency=42.6s
     wrong   pred='Yes, the extension \\(M/K\\) is also se...' tokens=883 visible=392 reason=- cost=- latency=39.3s
     wrong   pred='Yes, the extension $M/K$ is separable.' tokens=1197 visible=299 reason=- cost=- latency=35.4s
     correct pred='225' tokens=1165 visible=499 reason=- cost=- latency=40.6s
     wrong   pred='235' tokens=2068 visible=793 reason=- cost=- latency=53.0s
     wrong   pred='$\\frac{1}{4}$' tokens=1358 visible=399 reason=- cost=- latency=55.9s
     wrong   pred='\\(\\frac{1}{60}\\).' tokens=2052 visible=506 reason=- cost=- latency=61.5s
     wrong   pred='The region of convergence is \\( |u| <...' tokens=1118 visible=507 reason=- cost=- latency=64.8s
     wrong   pred='The region of convergence is \\(\\mathb...' tokens=1272 visible=293 reason=- cost=- latency=65.8s

------------------------------------------------------------------------------
Prelim Eval (900/4000 calls, elapsed 8278.5s)
------------------------------------------------------------------------------
+---+---------+----------+--------------------+---------+--------------+-------------+----------+------------+------------+-------------+----------+
| k | correct | accuracy | bar                | mean in | mean visible | mean reason | mean out | mean total | reason sum | limit flags | cost     |
+---+---------+----------+--------------------+---------+--------------+-------------+----------+------------+------------+-------------+----------+
| 1 | 169/450 | 37.6%    | #######........... | 541.4   | 405.3        | -           | 605.3    | 1146.7     | -          | 2           | 0.000000 |
| 2 | 181/450 | 40.2%    | #######........... | 990.7   | 385.3        | -           | 585.0    | 1575.7     | -          | 0           | 0.000000 |
+---+---------+----------+--------------------+---------+--------------+-------------+----------+------------+------------+-------------+----------+
------------------------------------------------------------------------------
     correct pred='\\(4\\pi R^2\\)' tokens=1076 visible=345 reason=- cost=- latency=63.6s
     wrong   pred='4\\pi' tokens=1523 visible=325 reason=- cost=- latency=53.8s
     wrong   pred='9' tokens=1081 visible=479 reason=- cost=- latency=52.6s
     wrong   pred='0' tokens=1204 visible=299 reason=- cost=- latency=45.6s
     wrong   pred='24' tokens=702 visible=226 reason=- cost=- latency=39.9s
     correct pred='21' tokens=1130 visible=243 reason=- cost=- latency=38.3s
     wrong   pred='1' tokens=1237 visible=518 reason=- cost=- latency=42.3s
     correct pred='\\(\\sqrt{2}\\)' tokens=1488 visible=457 reason=- cost=- latency=45.2s
     correct pred='\\( 2\\pi^2 I_0(a) \\).' tokens=1087 visible=343 reason=- cost=- latency=43.8s
     correct pred='\\( 2\\pi^2 I_0(a) \\).' tokens=1537 visible=336 reason=- cost=- latency=45.7s
     wrong   pred='10518' tokens=1247 visible=456 reason=- cost=- latency=52.1s
     wrong   pred='5372' tokens=1621 visible=396 reason=- cost=- latency=56.3s
     wrong   pred='\\(2\\pi |a|\\)' tokens=968 visible=296 reason=- cost=- latency=50.7s
     wrong   pred='2\\pi |a|' tokens=1929 visible=568 reason=- cost=- latency=53.5s
     correct pred='$\\frac{1}{2}$' tokens=1238 visible=396 reason=- cost=- latency=54.6s
     correct pred='\\frac{1}{2}' tokens=1831 visible=444 reason=- cost=- latency=56.6s
     wrong   pred='The polynomials \\(P(x)\\) that satisfy...' tokens=977 visible=396 reason=- cost=- latency=53.2s
     wrong   pred='The polynomials \\( P(x) \\) that satis...' tokens=1509 visible=457 reason=- cost=- latency=52.7s
     correct pred='\\frac{5}{8}' tokens=1042 visible=254 reason=- cost=- latency=52.4s
     wrong   pred='\\(\\cos \\angle B = \\frac{5}{8}\\).' tokens=1573 visible=241 reason=- cost=- latency=45.0s
     correct pred='\\frac{9}{8}' tokens=985 visible=265 reason=- cost=- latency=42.1s
     correct pred='\\frac{9}{8}' tokens=1965 visible=586 reason=- cost=- latency=45.5s
     wrong   pred='\\(-\\frac{1}{2}\\)' tokens=955 visible=233 reason=- cost=- latency=44.8s
     wrong   pred='\\(-2\\)' tokens=1542 visible=264 reason=- cost=- latency=44.5s
     wrong   pred="The number of '1's in the 1717th term..." tokens=1551 visible=612 reason=- cost=- latency=52.9s
     wrong   pred='8' tokens=1706 visible=494 reason=- cost=- latency=56.8s
     correct pred='\\(\\frac{v_0}{3}\\)' tokens=1015 visible=297 reason=- cost=- latency=57.2s
     correct pred='\\frac{v_0}{3}' tokens=1755 visible=468 reason=- cost=- latency=54.3s
     wrong   pred='\\frac{\\pi - \\arcsin\\left(\\frac{5}{13}...' tokens=1428 visible=479 reason=- cost=- latency=60.6s
     wrong   pred='\\frac{\\pi - \\arcsin\\left(\\frac{5}{13}...' tokens=1755 visible=409 reason=- cost=- latency=63.0s
     wrong   pred='\\(dA = \\frac{\\pi a b}{2\\sqrt{c}} dc\\)' tokens=1033 visible=371 reason=- cost=- latency=56.6s
     wrong   pred='\\( \\frac{\\pi a b}{2\\sqrt{c}} dc \\)' tokens=1510 visible=413 reason=- cost=- latency=56.1s
     wrong   pred='9' tokens=1558 visible=630 reason=- cost=- latency=65.1s
     wrong   pred='9' tokens=1754 visible=529 reason=- cost=- latency=67.1s
     wrong   pred='\\( \\frac{9800}{3} \\)' tokens=1063 visible=237 reason=- cost=- latency=61.3s
     wrong   pred='27311.62' tokens=1896 visible=348 reason=- cost=- latency=61.8s
     wrong   pred='\\( (1, 4\\sqrt{3}) \\)' tokens=1429 visible=474 reason=- cost=- latency=66.6s
     wrong   pred='\\( (2, 3\\sqrt{5}) \\)' tokens=2022 visible=547 reason=- cost=- latency=72.1s
     correct pred='\\(0\\)' tokens=1501 visible=610 reason=- cost=- latency=70.8s
     correct pred='0' tokens=1384 visible=297 reason=- cost=- latency=64.5s
     wrong   pred='(\\(\\mu \\times \\nu\\))(E) ≠ 0.' tokens=1230 visible=281 reason=- cost=- latency=64.8s
     wrong   pred='(\\(\\mu \\times \\nu\\))(E) = 0' tokens=2052 visible=404 reason=- cost=- latency=62.9s
     correct pred='\\( \\frac{e}{2} \\).' tokens=1002 visible=255 reason=- cost=- latency=57.0s
     correct pred='\\(\\frac{e}{2}\\).' tokens=1547 visible=323 reason=- cost=- latency=50.7s
     wrong   pred='\\(-2^{50}\\).' tokens=1361 visible=359 reason=- cost=- latency=46.3s
     wrong   pred='(B) $-2^{49}$' tokens=1822 visible=308 reason=- cost=- latency=48.1s
     wrong   pred='\\frac{1}{5}' tokens=1659 visible=649 reason=- cost=- latency=58.8s
     wrong   pred='\\frac{3}{4}' tokens=1814 visible=583 reason=- cost=- latency=64.4s
     correct pred='\\( v_1 \\cdot v_2 = 0 \\).' tokens=1014 visible=344 reason=- cost=- latency=65.1s
     correct pred='\\( v_1 \\cdot v_2 = 0 \\).' tokens=1434 visible=338 reason=- cost=- latency=64.3s
     wrong   pred='\\( 7 + 7\\sqrt{2} \\)' tokens=913 visible=332 reason=- cost=- latency=60.2s
     wrong   pred='\\frac{14 + 7\\sqrt{2}}{2}' tokens=1382 visible=342 reason=- cost=- latency=58.8s
     wrong   pred='\\mathbb{Z}_{\\frac{a}{\\gcd(a,b)}}' tokens=1069 visible=388 reason=- cost=- latency=50.1s
     wrong   pred='\\(\\mathbb{Z}_a\\)' tokens=1553 visible=494 reason=- cost=- latency=45.7s
     wrong   pred='20170' tokens=1359 visible=477 reason=- cost=- latency=47.0s
     wrong   pred='16137' tokens=2480 visible=780 reason=- cost=- latency=54.5s
     wrong   pred='\\( 3^{5/2} - 1 \\).' tokens=1656 visible=637 reason=- cost=- latency=64.1s
     wrong   pred='\\( 27\\sqrt{3} - 1 \\).' tokens=1870 visible=417 reason=- cost=- latency=68.7s
     wrong   pred='\\( \\frac{\\pi}{4} \\csc\\left(\\frac{3\\pi...' tokens=1358 visible=498 reason=- cost=- latency=71.6s
     wrong   pred='\\( \\frac{\\pi^2}{2} \\).' tokens=2258 visible=731 reason=- cost=- latency=79.4s
     wrong   pred='The closed unit ball in a finite-dime...' tokens=1035 visible=379 reason=- cost=- latency=78.4s
     wrong   pred='Yes, the closed unit ball with respec...' tokens=1688 visible=548 reason=- cost=- latency=74.4s
     wrong   pred='\\( E[Z] = \\frac{1}{2} \\)' tokens=1812 visible=626 reason=- cost=- latency=75.0s
     wrong   pred='The error in the calculation of \\( E[...' tokens=2466 visible=598 reason=- cost=- latency=80.3s
     correct pred='Yes.' tokens=785 visible=301 reason=- cost=- latency=73.3s
     correct pred='Yes.' tokens=1147 visible=249 reason=- cost=- latency=59.5s
     wrong   pred='74' tokens=1399 visible=480 reason=- cost=- latency=63.0s
     correct pred='1369' tokens=1642 visible=289 reason=- cost=- latency=58.8s
     wrong   pred='Yes, \\(A\\) is a finitely generated \\(...' tokens=1103 visible=435 reason=- cost=- latency=50.3s
     correct pred='Yes' tokens=1511 visible=372 reason=- cost=- latency=39.8s
     wrong   pred='2871' tokens=1554 visible=589 reason=- cost=- latency=50.1s
     wrong   pred='The correct solution involves careful...' tokens=2540 visible=932 reason=- cost=- latency=69.0s
     wrong   pred='12' tokens=1325 visible=221 reason=- cost=- latency=55.9s
     wrong   pred='\\(\\frac{288}{5}\\).' tokens=1326 visible=472 reason=- cost=- latency=58.7s
     correct pred='\\frac{576}{5}' tokens=1959 visible=457 reason=- cost=- latency=64.3s
     correct pred='Yes.' tokens=1229 visible=421 reason=- cost=- latency=57.6s
     correct pred='Yes.' tokens=1778 visible=352 reason=- cost=- latency=42.4s
     wrong   pred='2' tokens=918 visible=262 reason=- cost=- latency=42.6s
     wrong   pred='9' tokens=949 visible=308 reason=- cost=- latency=110.9s
     wrong   pred='2' tokens=1588 visible=341 reason=- cost=- latency=45.5s
     wrong   pred='The space of saltus functions.' tokens=487 visible=73 reason=- cost=- latency=34.7s
     wrong   pred='Saltus functions or Jump functions' tokens=815 visible=75 reason=- cost=- latency=27.7s
     correct pred='$\\frac{1}{2}$' tokens=900 visible=250 reason=- cost=- latency=25.4s
     correct pred='$\\frac{1}{2}$' tokens=1440 visible=288 reason=- cost=- latency=26.6s
     correct pred='\\(\\frac{2}{3}\\).' tokens=1174 visible=358 reason=- cost=- latency=29.3s
     correct pred='\\(\\frac{2}{3}\\)' tokens=1664 visible=369 reason=- cost=- latency=29.8s
     correct pred='83.25' tokens=942 visible=313 reason=- cost=- latency=34.3s
     correct pred='83.25' tokens=1255 visible=186 reason=- cost=- latency=36.5s
     wrong   pred='Yes, there exists a polynomial \\( g(x...' tokens=1170 visible=445 reason=- cost=- latency=39.1s
     wrong   pred='Yes, there exists a polynomial \\( g(x...' tokens=1685 visible=405 reason=- cost=- latency=39.9s
     wrong   pred='0.5' tokens=954 visible=69 reason=- cost=- latency=24.9s
     correct pred='\\( 18\\pi \\)' tokens=1119 visible=303 reason=- cost=- latency=25.9s
     correct pred='\\(18\\pi\\)' tokens=1645 visible=251 reason=- cost=- latency=28.5s
     wrong   pred='The ratio is 1:1.' tokens=816 visible=390 reason=- cost=- latency=26.2s
     wrong   pred='1:1' tokens=1562 visible=526 reason=- cost=- latency=30.1s
     wrong   pred='-6 \\cdot 2016^n + 12' tokens=1103 visible=339 reason=- cost=- latency=36.4s
     wrong   pred='\\(-1\\)' tokens=1852 visible=526 reason=- cost=- latency=41.4s
     correct pred='$2304\\pi$' tokens=948 visible=311 reason=- cost=- latency=42.3s
     correct pred='$2304\\pi$' tokens=1253 visible=216 reason=- cost=- latency=42.4s
     correct pred='2002' tokens=831 visible=201 reason=- cost=- latency=35.6s
     wrong   pred='The probability that at least half of...' tokens=1026 visible=314 reason=- cost=- latency=105.1s

------------------------------------------------------------------------------
Prelim Eval (1000/4000 calls, elapsed 9163.6s)
------------------------------------------------------------------------------
+---+---------+----------+--------------------+---------+--------------+-------------+----------+------------+------------+-------------+----------+
| k | correct | accuracy | bar                | mean in | mean visible | mean reason | mean out | mean total | reason sum | limit flags | cost     |
+---+---------+----------+--------------------+---------+--------------+-------------+----------+------------+------------+-------------+----------+
| 1 | 185/500 | 37.0%    | #######........... | 544.3   | 403.8        | -           | 602.9    | 1147.2     | -          | 2           | 0.000000 |
| 2 | 200/500 | 40.0%    | #######........... | 996.6   | 387.0        | -           | 586.8    | 1583.4     | -          | 0           | 0.000000 |
+---+---------+----------+--------------------+---------+--------------+-------------+----------+------------+------------+-------------+----------+
------------------------------------------------------------------------------
     correct pred='2002' tokens=1328 visible=223 reason=- cost=- latency=40.0s
     wrong   pred='\\( 6\\pi i - 3\\pi \\)' tokens=1322 visible=486 reason=- cost=- latency=40.5s
     correct pred='\\( 6\\pi i \\).' tokens=1544 visible=379 reason=- cost=- latency=43.1s
     wrong   pred='\\( f(x) = -x + 1 \\).' tokens=1504 visible=588 reason=- cost=- latency=51.7s
     wrong   pred='\\( f(x) = x + 1 - \\sqrt{2} \\).' tokens=2666 visible=899 reason=- cost=- latency=71.9s
     wrong   pred='$\\frac{5\\pi^2 a^3}{2}$' tokens=1293 visible=426 reason=- cost=- latency=74.9s
     correct pred='\\( 5\\pi^2 a^3 \\)' tokens=1589 visible=352 reason=- cost=- latency=79.2s
     wrong   pred='Yes, there exists such a function \\(z...' tokens=1078 visible=366 reason=- cost=- latency=74.7s
     wrong   pred='Yes, there exists such a function.' tokens=1581 visible=389 reason=- cost=- latency=73.2s
     wrong   pred='0.84270079' tokens=1382 visible=465 reason=- cost=- latency=71.6s
     wrong   pred='\\(0.866\\)' tokens=1919 visible=545 reason=- cost=- latency=61.2s
     wrong   pred="Yes, the second equality in Green's i..." tokens=671 visible=178 reason=- cost=- latency=53.7s
     wrong   pred="Yes, the second equality in Green's i..." tokens=1063 visible=258 reason=- cost=- latency=49.2s
     wrong   pred='\\frac{128}{3}' tokens=1589 visible=584 reason=- cost=- latency=56.0s
     wrong   pred='\\frac{64}{3}' tokens=1713 visible=338 reason=- cost=- latency=56.9s
     wrong   pred='The hotel can accept up to 360 reserv...' tokens=1620 visible=755 reason=- cost=- latency=61.1s
     wrong   pred='The hotel can accept up to 335 reserv...' tokens=1967 visible=699 reason=- cost=- latency=63.3s
     correct pred='20' tokens=641 visible=143 reason=- cost=- latency=62.0s
     correct pred='20' tokens=1027 visible=94 reason=- cost=- latency=59.8s
     wrong   pred='\\(\\frac{\\sqrt{2\\pi}}{5}\\)' tokens=1347 visible=502 reason=- cost=- latency=56.0s
     wrong   pred='\\frac{32}{75}' tokens=1913 visible=446 reason=- cost=- latency=58.4s
     wrong   pred='840' tokens=1053 visible=457 reason=- cost=- latency=50.2s
     wrong   pred='\\( N = 3 \\).' tokens=1496 visible=485 reason=- cost=- latency=43.4s
     wrong   pred='The statement is true.' tokens=1056 visible=391 reason=- cost=- latency=47.8s
     wrong   pred='The statement is true. If \\( d \\in D(...' tokens=1620 visible=404 reason=- cost=- latency=53.2s
     wrong   pred='5' tokens=1649 visible=550 reason=- cost=- latency=59.4s
     correct pred='\\(6\\)' tokens=2304 visible=754 reason=- cost=- latency=68.8s
     wrong   pred='The function \\(\\varphi(a) = a^m\\) is ...' tokens=1033 visible=443 reason=- cost=- latency=68.0s
     correct pred='\\gcd(m, n) = 1' tokens=1360 visible=344 reason=- cost=- latency=64.9s
     wrong   pred='The limit diverges to \\( +\\infty \\).' tokens=949 visible=339 reason=- cost=- latency=66.2s
     wrong   pred='The limit diverges to \\(-\\infty\\).' tokens=1254 visible=307 reason=- cost=- latency=66.8s
     wrong   pred='(-3, 1.5).' tokens=1504 visible=559 reason=- cost=- latency=64.1s
     wrong   pred='\\( p \\in (-\\infty, -2.121) \\cup (0, 2...' tokens=2106 visible=618 reason=- cost=- latency=60.0s
     wrong   pred='\\frac{7\\sqrt{13}}{8}' tokens=1654 visible=518 reason=- cost=- latency=67.2s
     wrong   pred='48' tokens=2123 visible=459 reason=- cost=- latency=74.7s
     correct pred='\\frac{\\pi}{10}' tokens=1200 visible=299 reason=- cost=- latency=74.3s
     correct pred='\\frac{\\pi}{10}' tokens=1741 visible=257 reason=- cost=- latency=73.2s
     wrong   pred='\\(\\frac{3\\pi^2}{8}\\).' tokens=1431 visible=516 reason=- cost=- latency=71.1s
     wrong   pred='\\frac{\\pi^3}{8}' tokens=1981 visible=496 reason=- cost=- latency=67.0s
     wrong   pred='\\(-2g + 2\\)' tokens=586 visible=153 reason=- cost=- latency=55.1s
     wrong   pred='\\(-2g + 2\\)' tokens=840 visible=111 reason=- cost=- latency=43.7s
     correct pred='\\(\\frac{1}{2}\\)' tokens=1000 visible=300 reason=- cost=- latency=42.6s
     correct pred='\\(\\frac{1}{2}\\)' tokens=1378 visible=255 reason=- cost=- latency=41.3s
     wrong   pred='0' tokens=1947 visible=693 reason=- cost=- latency=48.9s
     wrong   pred='\\frac{16}{45}' tokens=2061 visible=464 reason=- cost=- latency=50.3s
     correct pred='5' tokens=553 visible=90 reason=- cost=- latency=49.8s
     correct pred='5' tokens=835 visible=86 reason=- cost=- latency=49.8s
     wrong   pred='\\(-\\ln(2)\\)' tokens=1008 visible=428 reason=- cost=- latency=50.9s
     wrong   pred='\\(-\\ln(2)\\)' tokens=1213 visible=228 reason=- cost=- latency=50.1s
     correct pred='Yes' tokens=983 visible=301 reason=- cost=- latency=37.3s
     correct pred='Yes.' tokens=1224 visible=194 reason=- cost=- latency=27.5s
     wrong   pred='\\( xy + x^2 y + \\frac{y^2}{2} \\)' tokens=1637 visible=515 reason=- cost=- latency=39.2s
     wrong   pred='\\( xy + xy^2 \\)' tokens=2079 visible=489 reason=- cost=- latency=49.0s
     wrong   pred='\\(\\frac{xyz}{(1-x)(1-y)(1-z)} \\le \\fr...' tokens=888 visible=233 reason=- cost=- latency=46.9s
     wrong   pred='The inequality \\(\\frac{xyz}{(1-x)(1-y...' tokens=1292 visible=230 reason=- cost=- latency=47.7s
     wrong   pred='Yes, there exists a uniform natural n...' tokens=1362 visible=537 reason=- cost=- latency=50.8s
     wrong   pred='Yes, there exists a uniform natural n...' tokens=1777 visible=366 reason=- cost=- latency=53.5s
     wrong   pred='\\( \\frac{161}{22} \\)' tokens=992 visible=398 reason=- cost=- latency=47.0s
     correct pred='7' tokens=1306 visible=333 reason=- cost=- latency=41.3s
     correct pred='Yes' tokens=652 visible=147 reason=- cost=- latency=38.2s
     correct pred='Yes' tokens=1087 visible=199 reason=- cost=- latency=35.6s
     wrong   pred='2013' tokens=1200 visible=409 reason=- cost=- latency=34.8s
     wrong   pred='357' tokens=1570 visible=384 reason=- cost=- latency=35.3s
     correct pred='\\frac{\\pi}{4}' tokens=1057 visible=362 reason=- cost=- latency=36.1s
     correct pred='\\frac{\\pi}{4}' tokens=1479 visible=371 reason=- cost=- latency=38.6s
     correct pred='$\\frac{1}{2}$' tokens=903 visible=227 reason=- cost=- latency=41.7s
     correct pred='$\\frac{1}{2}$' tokens=1332 visible=233 reason=- cost=- latency=44.4s
     correct pred='Yes.' tokens=921 visible=221 reason=- cost=- latency=39.8s
     wrong   pred='Yes, \\( f = 0 \\) almost everywhere on...' tokens=1576 visible=340 reason=- cost=- latency=39.1s
     correct pred='111' tokens=862 visible=220 reason=- cost=- latency=35.6s
     correct pred='111' tokens=1254 visible=195 reason=- cost=- latency=30.7s
     wrong   pred='\\(1:1:2\\)' tokens=1172 visible=490 reason=- cost=- latency=35.0s
     wrong   pred='3:2:1' tokens=1792 visible=674 reason=- cost=- latency=42.6s
     wrong   pred='The series \\(\\sum_{j=1}^n ja_j\\) grow...' tokens=1296 visible=492 reason=- cost=- latency=48.9s
     wrong   pred='The series \\(\\sum_{j=1}^n ja_j\\) grow...' tokens=1782 visible=542 reason=- cost=- latency=53.6s
     wrong   pred='\\( f(x) = 1 \\)' tokens=1223 visible=436 reason=- cost=- latency=57.9s
     wrong   pred='\\( f(x) = e^x \\).' tokens=1868 visible=484 reason=- cost=- latency=64.9s
     correct pred='Yes.' tokens=950 visible=199 reason=- cost=- latency=58.7s
     correct pred='Yes.' tokens=1575 visible=201 reason=- cost=- latency=49.3s
     correct pred='Yes' tokens=789 visible=164 reason=- cost=- latency=42.1s
     correct pred='Yes' tokens=1195 visible=135 reason=- cost=- latency=33.7s
     wrong   pred='420' tokens=723 visible=241 reason=- cost=- latency=28.6s
     wrong   pred='420' tokens=1056 visible=218 reason=- cost=- latency=21.3s
     wrong   pred='\\(a > 2\\)' tokens=1080 visible=391 reason=- cost=- latency=26.1s
     correct pred='\\( (2, \\infty) \\)' tokens=1345 visible=288 reason=- cost=- latency=28.8s
     wrong   pred='60' tokens=993 visible=319 reason=- cost=- latency=33.0s
     wrong   pred='60' tokens=1349 visible=316 reason=- cost=- latency=38.0s
     correct pred='Yes.' tokens=606 visible=275 reason=- cost=- latency=38.1s
     correct pred='Yes.' tokens=765 visible=188 reason=- cost=- latency=37.6s
     wrong   pred='The Taylor series of \\(f(x)\\) can be ...' tokens=857 visible=244 reason=- cost=- latency=34.1s
     wrong   pred='Yes, the Taylor series of the functio...' tokens=1349 visible=258 reason=- cost=- latency=33.6s
     wrong   pred='\\mathbb{R} \\setminus \\{k\\pi : k \\in \\...' tokens=1165 visible=518 reason=- cost=- latency=35.6s
     wrong   pred='All real numbers.' tokens=1590 visible=536 reason=- cost=- latency=37.8s
     correct pred='Yes' tokens=964 visible=342 reason=- cost=- latency=40.1s
     correct pred='Yes' tokens=1419 visible=363 reason=- cost=- latency=43.6s
     correct pred='\\( n^{n-2} \\)' tokens=950 visible=377 reason=- cost=- latency=45.4s
     correct pred='\\( n^{n-2} \\).' tokens=1456 visible=408 reason=- cost=- latency=47.6s
     wrong   pred='Yes, the matrix \\( \\sum_{i=1}^n \\bold...' tokens=886 visible=308 reason=- cost=- latency=43.7s
     wrong   pred='Yes, the matrix \\(\\sum_{i=1}^n \\bolds...' tokens=1334 visible=352 reason=- cost=- latency=40.5s

------------------------------------------------------------------------------
Prelim Eval (1100/4000 calls, elapsed 9982.9s)
------------------------------------------------------------------------------
+---+---------+----------+--------------------+---------+--------------+-------------+----------+------------+------------+-------------+----------+
| k | correct | accuracy | bar                | mean in | mean visible | mean reason | mean out | mean total | reason sum | limit flags | cost     |
+---+---------+----------+--------------------+---------+--------------+-------------+----------+------------+------------+-------------+----------+
| 1 | 201/550 | 36.5%    | #######........... | 543.8   | 401.2        | -           | 599.2    | 1142.9     | -          | 2           | 0.000000 |
| 2 | 221/550 | 40.2%    | #######........... | 995.5   | 384.9        | -           | 582.9    | 1578.5     | -          | 0           | 0.000000 |
+---+---------+----------+--------------------+---------+--------------+-------------+----------+------------+------------+-------------+----------+
------------------------------------------------------------------------------
     correct pred='\\frac{7}{2}' tokens=1070 visible=344 reason=- cost=- latency=43.1s
     wrong   pred='\\(-\\frac{9}{2}\\).' tokens=1497 visible=435 reason=- cost=- latency=46.7s
     correct pred='\\(\\frac{\\pi}{4}\\)' tokens=1245 visible=418 reason=- cost=- latency=49.0s
     correct pred='\\frac{\\pi}{4}' tokens=2011 visible=487 reason=- cost=- latency=52.9s
     correct pred='\\( 2e \\).' tokens=1128 visible=307 reason=- cost=- latency=54.6s
     wrong   pred='$6e - 1$' tokens=1947 visible=412 reason=- cost=- latency=59.8s
     wrong   pred='1219' tokens=2351 visible=774 reason=- cost=- latency=76.4s
     wrong   pred='\\( 571 \\).' tokens=1673 visible=428 reason=- cost=- latency=75.1s
     wrong   pred='16' tokens=1488 visible=554 reason=- cost=- latency=78.7s
     wrong   pred='\\(8\\sqrt{2}\\)' tokens=1905 visible=414 reason=- cost=- latency=77.8s
     correct pred='\\(256\\)' tokens=1503 visible=569 reason=- cost=- latency=85.3s
     wrong   pred='\\( x = 225 \\)' tokens=1774 visible=492 reason=- cost=- latency=87.3s
     wrong   pred='\\( y(x) = -x + 1 \\).' tokens=1498 visible=555 reason=- cost=- latency=74.7s
     wrong   pred='\\( y(x) = -\\frac{1}{4} x^4 + 7 \\)' tokens=1904 visible=455 reason=- cost=- latency=77.2s
     wrong   pred='Yes, \\( u \\) is in \\( L^1(\\mu) \\).' tokens=1450 visible=538 reason=- cost=- latency=76.3s
     wrong   pred='Yes, $u$ is in $L^1(\\mu)$.' tokens=1623 visible=284 reason=- cost=- latency=71.3s
     wrong   pred='1' tokens=1115 visible=295 reason=- cost=- latency=64.2s
     wrong   pred='1' tokens=2027 visible=521 reason=- cost=- latency=65.1s
     wrong   pred='Yes, if $\\exp(X)\\exp(Y) = \\exp(X+Y)$ ...' tokens=962 visible=320 reason=- cost=- latency=57.8s
     wrong   pred='Yes, if \\(\\exp(X)\\exp(Y) = \\exp(X+Y)\\...' tokens=1415 visible=264 reason=- cost=- latency=51.5s
     wrong   pred='\\frac{3\\pi^2}{2}' tokens=1424 visible=504 reason=- cost=- latency=52.1s
     correct pred='0' tokens=1871 visible=498 reason=- cost=- latency=57.7s
     correct pred='Yes.' tokens=1222 visible=437 reason=- cost=- latency=58.6s
     correct pred='Yes.' tokens=1703 visible=383 reason=- cost=- latency=52.2s
     correct pred='26' tokens=1016 visible=247 reason=- cost=- latency=53.1s
     wrong   pred='12' tokens=1332 visible=170 reason=- cost=- latency=52.3s
     wrong   pred='41' tokens=1190 visible=408 reason=- cost=- latency=50.0s
     wrong   pred='34' tokens=2733 visible=847 reason=- cost=- latency=64.9s
     correct pred='-4' tokens=1356 visible=517 reason=- cost=- latency=68.4s
     wrong   pred='2' tokens=1808 visible=501 reason=- cost=- latency=73.1s
     wrong   pred='$|f(i/2)| \\leq \\frac{8}{17}$.' tokens=1492 visible=508 reason=- cost=- latency=78.8s
     correct pred='\\( \\frac{8}{17} \\)' tokens=2167 visible=532 reason=- cost=- latency=88.2s
     correct pred='\\( 2\\pi i \\)' tokens=937 visible=314 reason=- cost=- latency=85.9s
     correct pred='\\( 2\\pi i \\).' tokens=1206 visible=249 reason=- cost=- latency=66.1s
     correct pred='\\( \\frac{\\pi}{4} \\).' tokens=1001 visible=304 reason=- cost=- latency=60.7s
     correct pred='\\( \\frac{\\pi}{4} \\)' tokens=1452 visible=310 reason=- cost=- latency=55.2s
     wrong   pred='Yes, for every polynomial \\( P \\) of ...' tokens=865 visible=320 reason=- cost=- latency=48.6s
     correct pred='Yes.' tokens=1406 visible=410 reason=- cost=- latency=42.7s
     wrong   pred='The pdf of the minimum distance \\( W ...' tokens=1367 visible=588 reason=- cost=- latency=47.0s
     wrong   pred='\\( f_W(w) = 3(1 - w)^2 \\)' tokens=1769 visible=537 reason=- cost=- latency=51.4s
     wrong   pred='\\( 1 \\).' tokens=1208 visible=418 reason=- cost=- latency=53.9s
     wrong   pred='\\( e^{-\\frac{1}{\\pi}} \\)' tokens=1439 visible=263 reason=- cost=- latency=52.5s
     wrong   pred='\\(-6 - 2i\\)' tokens=1240 visible=388 reason=- cost=- latency=57.3s
     wrong   pred='\\(\\lambda = -6 - 2i\\)' tokens=1611 visible=351 reason=- cost=- latency=59.2s
     wrong   pred='4' tokens=721 visible=189 reason=- cost=- latency=51.8s
     wrong   pred='Voldemort had to pay $4$ dollars.' tokens=1037 visible=199 reason=- cost=- latency=45.2s
     wrong   pred='The range of \\( k(x) = \\frac{2x + 7}{...' tokens=901 visible=386 reason=- cost=- latency=42.6s
     wrong   pred='The range of the function \\( k(x) = \\...' tokens=1259 visible=352 reason=- cost=- latency=43.5s
     wrong   pred='The limit property \\(\\lim_{n\\rightarr...' tokens=913 visible=288 reason=- cost=- latency=38.9s
     wrong   pred='The limit property \\(\\lim_{n\\rightarr...' tokens=1412 visible=326 reason=- cost=- latency=35.9s
     wrong   pred='2023065' tokens=1726 visible=568 reason=- cost=- latency=47.2s
     wrong   pred='2023065' tokens=1956 visible=416 reason=- cost=- latency=53.8s
     correct pred='0' tokens=1387 visible=549 reason=- cost=- latency=59.5s
     correct pred='0' tokens=1726 visible=536 reason=- cost=- latency=63.6s
     wrong   pred='\\( \\frac{\\partial \\lambda_i}{\\partial...' tokens=876 visible=338 reason=- cost=- latency=62.8s
     wrong   pred='\\[ \\frac{\\partial \\lambda_i}{\\partial...' tokens=1313 visible=291 reason=- cost=- latency=60.9s
     correct pred='\\( \\frac{1}{e} \\).' tokens=1117 visible=398 reason=- cost=- latency=54.5s
     correct pred='\\(\\frac{1}{e}\\)' tokens=1434 visible=392 reason=- cost=- latency=51.9s
     correct pred='\\frac{1}{4}' tokens=1381 visible=440 reason=- cost=- latency=51.0s
     correct pred='\\frac{1}{4}' tokens=1769 visible=398 reason=- cost=- latency=50.3s
     correct pred='\\(-\\frac{x}{z}\\)' tokens=793 visible=213 reason=- cost=- latency=49.6s
     correct pred='\\(-\\frac{x}{z}\\)' tokens=1189 visible=232 reason=- cost=- latency=49.0s
     wrong   pred='Yes, the function \\( f \\) is differen...' tokens=1050 visible=430 reason=- cost=- latency=46.5s
     wrong   pred='Yes, the function \\( f \\) is differen...' tokens=1647 visible=440 reason=- cost=- latency=46.7s
     wrong   pred='The probability that you will eventua...' tokens=895 visible=323 reason=- cost=- latency=40.8s
     wrong   pred='0.75' tokens=1451 visible=331 reason=- cost=- latency=38.0s
     wrong   pred='$\\sqrt{2} + 2$' tokens=1582 visible=502 reason=- cost=- latency=45.4s
     correct pred='\\( 4 - 2\\sqrt{2} \\)' tokens=2276 visible=487 reason=- cost=- latency=53.1s
     wrong   pred='$\\beta = 1$.' tokens=1276 visible=495 reason=- cost=- latency=56.0s
     wrong   pred='\\(-\\frac{1}{3}\\).' tokens=2117 visible=667 reason=- cost=- latency=62.0s
     wrong   pred='\\( \\lambda > 1 \\)' tokens=1198 visible=598 reason=- cost=- latency=66.5s
     wrong   pred='\\( \\lambda > 1 \\)' tokens=1403 visible=399 reason=- cost=- latency=66.3s
     correct pred='\\(\\frac{7}{5k}\\).' tokens=708 visible=220 reason=- cost=- latency=59.6s
     correct pred='\\(\\frac{7}{5k}\\)' tokens=928 visible=210 reason=- cost=- latency=52.3s
     wrong   pred='Yes, the operator $P$ is an orthogona...' tokens=1397 visible=586 reason=- cost=- latency=53.9s
     wrong   pred='The linear operator \\( P \\) is an ort...' tokens=2066 visible=612 reason=- cost=- latency=52.7s
     wrong   pred='21' tokens=1063 visible=427 reason=- cost=- latency=50.0s
     wrong   pred='101' tokens=1529 visible=401 reason=- cost=- latency=50.3s
     wrong   pred='0' tokens=1173 visible=389 reason=- cost=- latency=53.4s
     wrong   pred='2' tokens=1842 visible=508 reason=- cost=- latency=59.1s
     wrong   pred='Yes, this implies that \\( A \\) is lik...' tokens=1109 visible=483 reason=- cost=- latency=55.1s
     wrong   pred='Yes, if \\( U \\) in the LU decompositi...' tokens=1482 visible=319 reason=- cost=- latency=47.0s
     correct pred='Yes.' tokens=896 visible=291 reason=- cost=- latency=44.3s
     wrong   pred='Yes, if the norm group of the unramif...' tokens=1254 visible=180 reason=- cost=- latency=39.9s
     wrong   pred="Yes, \\(P^*{D'}P\\) is the only Hermiti..." tokens=952 visible=443 reason=- cost=- latency=38.3s
     wrong   pred="Yes, \\(P^*{D'}P\\) is the only Hermiti..." tokens=1273 visible=339 reason=- cost=- latency=33.1s
     correct pred='$(5, -5, -6)$' tokens=1406 visible=482 reason=- cost=- latency=37.7s
     correct pred='(5, -5, -6)' tokens=1854 visible=395 reason=- cost=- latency=43.8s
     wrong   pred='1009016' tokens=1237 visible=412 reason=- cost=- latency=49.0s
     wrong   pred='1004' tokens=1646 visible=416 reason=- cost=- latency=55.5s
     wrong   pred='11' tokens=1862 visible=701 reason=- cost=- latency=67.1s
     wrong   pred='-24' tokens=2471 visible=687 reason=- cost=- latency=81.5s
     correct pred='-1' tokens=1076 visible=326 reason=- cost=- latency=77.8s
     wrong   pred='0' tokens=1425 visible=240 reason=- cost=- latency=74.0s
     wrong   pred='$-11x + 6y + z = 0$.' tokens=1733 visible=588 reason=- cost=- latency=80.1s
     wrong   pred='\\( 11x - 38y + 22z = 0 \\).' tokens=2572 visible=758 reason=- cost=- latency=91.5s
     correct pred='Yes' tokens=1060 visible=416 reason=- cost=- latency=79.4s
     correct pred='Yes' tokens=1503 visible=286 reason=- cost=- latency=64.2s
     wrong   pred='No, there does not exist a bijection ...' tokens=876 visible=266 reason=- cost=- latency=60.9s
     wrong   pred='No.' tokens=1255 visible=215 reason=- cost=- latency=57.5s

------------------------------------------------------------------------------
Prelim Eval (1200/4000 calls, elapsed 10946.8s)
------------------------------------------------------------------------------
+---+---------+----------+--------------------+---------+--------------+-------------+----------+------------+------------+-------------+----------+
| k | correct | accuracy | bar                | mean in | mean visible | mean reason | mean out | mean total | reason sum | limit flags | cost     |
+---+---------+----------+--------------------+---------+--------------+-------------+----------+------------+------------+-------------+----------+
| 1 | 219/600 | 36.5%    | #######........... | 544.8   | 403.4        | -           | 603.7    | 1148.5     | -          | 2           | 0.000000 |
| 2 | 236/600 | 39.3%    | #######........... | 997.7   | 386.6        | -           | 588.2    | 1585.9     | -          | 0           | 0.000000 |
+---+---------+----------+--------------------+---------+--------------+-------------+----------+------------+------------+-------------+----------+
------------------------------------------------------------------------------
     correct pred='\\(-\\frac{10}{3}\\)' tokens=846 visible=237 reason=- cost=- latency=47.4s
     correct pred='\\(-\\frac{10}{3}\\).' tokens=1165 visible=227 reason=- cost=- latency=32.4s
     wrong   pred='\\( -2\\pi a^2 \\)' tokens=1276 visible=405 reason=- cost=- latency=35.7s
     wrong   pred='\\(0\\)' tokens=1632 visible=301 reason=- cost=- latency=38.1s
     wrong   pred='The asymptotic probability that at le...' tokens=1262 visible=685 reason=- cost=- latency=43.3s
     wrong   pred='1 - e^{-n^{b-a}}' tokens=1926 visible=682 reason=- cost=- latency=52.0s
     correct pred='\\( q < 1 \\).' tokens=744 visible=227 reason=- cost=- latency=50.3s
     correct pred='\\( q < 1 \\).' tokens=1085 visible=221 reason=- cost=- latency=48.4s
     wrong   pred='34' tokens=1574 visible=549 reason=- cost=- latency=51.8s
     wrong   pred='103' tokens=1848 visible=362 reason=- cost=- latency=53.1s
     wrong   pred='$(1, 2)$' tokens=1576 visible=537 reason=- cost=- latency=57.2s
     correct pred='\\((-2, -1)\\).' tokens=2297 visible=611 reason=- cost=- latency=61.7s
     correct pred='Yes' tokens=835 visible=332 reason=- cost=- latency=61.6s
     correct pred='Yes' tokens=1095 visible=104 reason=- cost=- latency=59.0s
     correct pred='$\\frac{\\pi}{4}$' tokens=1280 visible=475 reason=- cost=- latency=57.1s
     correct pred='$\\frac{\\pi}{4}$' tokens=1447 visible=297 reason=- cost=- latency=56.1s
     correct pred='$-\\frac{2}{3}$' tokens=1129 visible=313 reason=- cost=- latency=50.1s
     wrong   pred='\\(-\\infty\\)' tokens=1479 visible=252 reason=- cost=- latency=38.8s
     wrong   pred='Yes, \\( co^{-1}(V) \\) is an open set ...' tokens=1110 visible=434 reason=- cost=- latency=41.6s
     correct pred='Yes' tokens=1552 visible=362 reason=- cost=- latency=45.9s
     correct pred='3350' tokens=964 visible=306 reason=- cost=- latency=41.8s
     wrong   pred='2690' tokens=1689 visible=522 reason=- cost=- latency=46.2s
     correct pred='\\( e - 2 \\)' tokens=1456 visible=466 reason=- cost=- latency=50.5s
     wrong   pred='\\( 1 - \\frac{1}{e} \\).' tokens=1965 visible=460 reason=- cost=- latency=56.5s
     wrong   pred='Yes, \\(G \\cong A_5 \\times A_5\\).' tokens=920 visible=296 reason=- cost=- latency=55.1s
     wrong   pred='Yes, \\(G \\cong A_5 \\times A_5\\).' tokens=1282 visible=229 reason=- cost=- latency=54.0s
     wrong   pred='\\[ y = Ce^{kx}, \\]' tokens=970 visible=377 reason=- cost=- latency=55.6s
     wrong   pred='\\[ y = e^{\\frac{x^2}{4} + C} \\]' tokens=1347 visible=413 reason=- cost=- latency=53.6s
     wrong   pred='Yes, $G$ is dense in $\\mathbb{R}^2$.' tokens=933 visible=257 reason=- cost=- latency=46.1s
     wrong   pred='Yes, \\( G \\) is dense in \\( \\mathbb{R...' tokens=1294 visible=139 reason=- cost=- latency=36.9s
     wrong   pred='1' tokens=1055 visible=337 reason=- cost=- latency=39.4s
     wrong   pred='The greatest common factor (GCF) of t...' tokens=1213 visible=193 reason=- cost=- latency=39.6s
     wrong   pred='Yes, the dimension \\( \\dim_Z(F) \\) fo...' tokens=848 visible=279 reason=- cost=- latency=36.3s
     wrong   pred='Yes, the dimension \\( \\dim_Z(F) \\) ov...' tokens=1224 visible=246 reason=- cost=- latency=31.1s
     wrong   pred='Yes, $a_i = 0$ for all $1 \\leq i \\leq...' tokens=874 visible=174 reason=- cost=- latency=29.4s
     wrong   pred='Yes, \\(a_i = 0\\) for all \\(1 \\leq i \\...' tokens=1571 visible=260 reason=- cost=- latency=31.6s
     wrong   pred='The function \\( u \\) is continuous in...' tokens=870 visible=187 reason=- cost=- latency=26.9s
     wrong   pred='The function \\( u \\) is continuous in...' tokens=1418 visible=207 reason=- cost=- latency=26.0s
     wrong   pred='0' tokens=834 visible=317 reason=- cost=- latency=26.1s
     correct pred='\\(c^n\\)' tokens=1158 visible=229 reason=- cost=- latency=25.7s
     wrong   pred='Petya can always guarantee a win.' tokens=999 visible=452 reason=- cost=- latency=28.8s
     wrong   pred='Petya can always guarantee a win.' tokens=1509 visible=474 reason=- cost=- latency=30.2s
     wrong   pred='The extremal of the functional is \\( ...' tokens=1231 visible=383 reason=- cost=- latency=36.1s
     correct pred='\\( u(t) = t + 1 \\).' tokens=1669 visible=345 reason=- cost=- latency=41.1s
     wrong   pred='5' tokens=1630 visible=671 reason=- cost=- latency=52.7s
     wrong   pred='21' tokens=1937 visible=589 reason=- cost=- latency=64.2s
     correct pred='\\(\\frac{7}{144}\\)' tokens=1927 visible=667 reason=- cost=- latency=77.1s
     correct pred='\\(\\frac{7}{144}\\).' tokens=2291 visible=647 reason=- cost=- latency=87.6s
     wrong   pred='\\(0.5\\)' tokens=1153 visible=345 reason=- cost=- latency=85.1s
     wrong   pred='0.5' tokens=1762 visible=319 reason=- cost=- latency=83.4s
     wrong   pred='Yes, \\( V_\\kappa \\) is a transitive m...' tokens=934 visible=427 reason=- cost=- latency=73.9s
     wrong   pred='Yes, \\( V_k \\) is a transitive model ...' tokens=1255 visible=440 reason=- cost=- latency=64.9s
     correct pred='Yes' tokens=882 visible=279 reason=- cost=- latency=51.6s
     correct pred='Yes.' tokens=1294 visible=267 reason=- cost=- latency=41.1s
     wrong   pred='Yes, \\( yax = a^{-1} \\) always holds.' tokens=1197 visible=558 reason=- cost=- latency=44.6s
     wrong   pred='Yes, it is always true that \\( yax = ...' tokens=1163 visible=209 reason=- cost=- latency=41.5s
     correct pred='Yes' tokens=930 visible=361 reason=- cost=- latency=41.2s
     wrong   pred='Yes, \\( \\frac{1}{f(x)} \\) is also \\( ...' tokens=1310 visible=406 reason=- cost=- latency=41.6s
     correct pred='Yes.' tokens=1009 visible=306 reason=- cost=- latency=41.3s
     wrong   pred='Yes, \\( F \\) is convex at every point...' tokens=1583 visible=317 reason=- cost=- latency=41.3s
     correct pred='15' tokens=844 visible=192 reason=- cost=- latency=34.4s
     correct pred='15' tokens=1458 visible=262 reason=- cost=- latency=35.3s
     correct pred='$\\frac{1}{2}$' tokens=1066 visible=416 reason=- cost=- latency=37.6s
     correct pred='\\( \\frac{1}{2} \\)' tokens=1242 visible=316 reason=- cost=- latency=37.3s
     correct pred='Yes' tokens=684 visible=103 reason=- cost=- latency=33.4s
     correct pred='Yes' tokens=1140 visible=70 reason=- cost=- latency=28.3s
     wrong   pred='x^2 = 4ay' tokens=1383 visible=536 reason=- cost=- latency=38.1s
     wrong   pred='y^2 = -4ax' tokens=1717 visible=540 reason=- cost=- latency=45.9s
     wrong   pred='1257' tokens=1521 visible=479 reason=- cost=- latency=50.3s
     wrong   pred='1' tokens=1681 visible=339 reason=- cost=- latency=52.4s
     wrong   pred='The image of \\( f \\) is all of \\( \\ma...' tokens=1299 visible=527 reason=- cost=- latency=61.3s
     wrong   pred='The image of \\( f \\) is a divisible s...' tokens=1865 visible=615 reason=- cost=- latency=72.0s
     correct pred='\\([-1, 1]\\).' tokens=1160 visible=428 reason=- cost=- latency=67.5s
     correct pred='\\([-1, 1]\\).' tokens=1516 visible=354 reason=- cost=- latency=61.9s
     wrong   pred='-\\frac{1}{3}' tokens=1537 visible=588 reason=- cost=- latency=62.0s
     wrong   pred='\\(-1\\).' tokens=2835 visible=847 reason=- cost=- latency=78.6s
     correct pred='\\frac{\\pi}{4}' tokens=1351 visible=479 reason=- cost=- latency=79.0s
     correct pred='\\frac{\\pi}{4}' tokens=1858 visible=404 reason=- cost=- latency=77.9s
     wrong   pred='$\\ln(2)$' tokens=985 visible=295 reason=- cost=- latency=75.7s
     wrong   pred='$\\ln(2)$' tokens=1433 visible=282 reason=- cost=- latency=75.2s
     correct pred='375' tokens=1507 visible=576 reason=- cost=- latency=75.4s
     wrong   pred='0' tokens=1516 visible=380 reason=- cost=- latency=57.5s
     correct pred='Yes' tokens=881 visible=329 reason=- cost=- latency=50.9s
     wrong   pred='Therefore, the conditions given do no...' tokens=1322 visible=238 reason=- cost=- latency=43.5s
     wrong   pred='\\( W = -2\\pi \\)' tokens=1590 visible=583 reason=- cost=- latency=50.7s
     wrong   pred='\\( -4\\pi \\)' tokens=1838 visible=445 reason=- cost=- latency=53.2s
     correct pred='\\( b \\cdot b \\)' tokens=1137 visible=396 reason=- cost=- latency=48.2s
     wrong   pred='\\(|b|^2\\)' tokens=1457 visible=325 reason=- cost=- latency=48.1s
     correct pred='$36$' tokens=734 visible=185 reason=- cost=- latency=47.5s
     correct pred='36' tokens=1065 visible=132 reason=- cost=- latency=46.7s
     wrong   pred='72' tokens=891 visible=259 reason=- cost=- latency=38.9s
     wrong   pred='72' tokens=1188 visible=236 reason=- cost=- latency=34.5s
     wrong   pred='Yes, every ideal of \\(\\mathbb{Z}[x]\\)...' tokens=669 visible=187 reason=- cost=- latency=28.9s
     wrong   pred='Yes, every ideal of \\(\\mathbb{Z}[x]\\)...' tokens=1046 visible=203 reason=- cost=- latency=24.9s
     wrong   pred='The function \\( f(x) = \\sum_{n=0}^{\\i...' tokens=1047 visible=370 reason=- cost=- latency=29.5s
     wrong   pred='The function \\( f(x) = \\sum_{n=0}^{\\i...' tokens=1457 visible=366 reason=- cost=- latency=35.2s
     correct pred='\\( e^{\\pi - e} \\).' tokens=1007 visible=241 reason=- cost=- latency=34.9s
     correct pred='$e^{\\pi - e}$' tokens=1645 visible=230 reason=- cost=- latency=37.3s
     correct pred='$e^5$.' tokens=827 visible=251 reason=- cost=- latency=39.0s
     correct pred='$e^5$.' tokens=1245 visible=262 reason=- cost=- latency=40.6s

------------------------------------------------------------------------------
Prelim Eval (1300/4000 calls, elapsed 11751.8s)
------------------------------------------------------------------------------
+---+---------+----------+--------------------+---------+--------------+-------------+----------+------------+------------+-------------+----------+
| k | correct | accuracy | bar                | mean in | mean visible | mean reason | mean out | mean total | reason sum | limit flags | cost     |
+---+---------+----------+--------------------+---------+--------------+-------------+----------+------------+------------+-------------+----------+
| 1 | 241/650 | 37.1%    | #######........... | 544.9   | 401.7        | -           | 600.4    | 1145.3     | -          | 2           | 0.000000 |
| 2 | 254/650 | 39.1%    | #######........... | 997.9   | 383.3        | -           | 582.9    | 1580.8     | -          | 0           | 0.000000 |
+---+---------+----------+--------------------+---------+--------------+-------------+----------+------------+------------+-------------+----------+
------------------------------------------------------------------------------
     wrong   pred='There exists an integer \\( n \\) such ...' tokens=1035 visible=408 reason=- cost=- latency=39.4s
     correct pred='Yes' tokens=1419 visible=353 reason=- cost=- latency=36.9s
     correct pred='\\frac{n+1}{2}' tokens=945 visible=268 reason=- cost=- latency=36.7s
     correct pred='\\(\\frac{n+1}{2}\\)' tokens=1242 visible=146 reason=- cost=- latency=32.2s
     wrong   pred='No.' tokens=848 visible=442 reason=- cost=- latency=32.9s
     wrong   pred='No, it is not necessarily true that a...' tokens=1231 visible=449 reason=- cost=- latency=33.4s
     wrong   pred='104' tokens=1427 visible=479 reason=- cost=- latency=38.3s
     wrong   pred='14' tokens=1952 visible=481 reason=- cost=- latency=44.5s
     correct pred='\\frac{16}{3}' tokens=1876 visible=660 reason=- cost=- latency=56.3s
     correct pred='\\frac{16}{3}' tokens=2122 visible=487 reason=- cost=- latency=65.8s
     correct pred='\\(0\\).' tokens=1246 visible=415 reason=- cost=- latency=70.9s
     correct pred='0' tokens=1350 visible=312 reason=- cost=- latency=71.2s
     correct pred='6' tokens=852 visible=219 reason=- cost=- latency=64.9s
     wrong   pred='\\(-16\\)' tokens=1318 visible=285 reason=- cost=- latency=59.8s
     wrong   pred='\\( x = m - n(k-1) \\)' tokens=757 visible=253 reason=- cost=- latency=46.5s
     wrong   pred='\\(x = m - n(k-1)\\).' tokens=1236 visible=264 reason=- cost=- latency=39.2s
     correct pred='Yes' tokens=638 visible=117 reason=- cost=- latency=30.7s
     correct pred='Yes.' tokens=1053 visible=140 reason=- cost=- latency=27.2s
     wrong   pred='$\\sqrt{\\pi}$' tokens=1295 visible=443 reason=- cost=- latency=32.2s
     wrong   pred='\\( \\frac{3\\sqrt{\\pi}}{2} \\)' tokens=1841 visible=477 reason=- cost=- latency=37.1s
     correct pred='(1, 1)' tokens=746 visible=202 reason=- cost=- latency=37.5s
     correct pred='(1, 1)' tokens=1108 visible=230 reason=- cost=- latency=36.7s
     wrong   pred='n+1' tokens=1260 visible=573 reason=- cost=- latency=44.6s
     wrong   pred='\\left\\lceil \\frac{n(n+1)}{2} \\right\\r...' tokens=1956 visible=647 reason=- cost=- latency=55.7s
     wrong   pred='$0$' tokens=1428 visible=538 reason=- cost=- latency=56.7s
     wrong   pred='$-\\infty$' tokens=1811 visible=285 reason=- cost=- latency=54.3s
     wrong   pred='(4, 8)' tokens=1439 visible=567 reason=- cost=- latency=61.4s
     wrong   pred='\\((-4, \\infty)\\)' tokens=2087 visible=565 reason=- cost=- latency=69.7s
     correct pred='Yes.' tokens=549 visible=136 reason=- cost=- latency=61.9s
     wrong   pred='Yes, \\( M \\) is necessarily a quotien...' tokens=851 visible=159 reason=- cost=- latency=50.8s
     wrong   pred='Yes, it is true that \\(\\operatorname{...' tokens=863 visible=284 reason=- cost=- latency=44.5s
     wrong   pred='Yes, it is true that \\(\\operatorname{...' tokens=1258 visible=281 reason=- cost=- latency=40.5s
     correct pred='Yes.' tokens=910 visible=333 reason=- cost=- latency=34.0s
     correct pred='Yes.' tokens=1291 visible=234 reason=- cost=- latency=24.7s
     correct pred='Yes.' tokens=1026 visible=414 reason=- cost=- latency=28.9s
     correct pred='Yes.' tokens=1544 visible=463 reason=- cost=- latency=33.5s
     correct pred='$e^{-6}$' tokens=1188 visible=359 reason=- cost=- latency=36.9s
     correct pred='$e^{-6}$' tokens=1371 visible=122 reason=- cost=- latency=35.6s
     wrong   pred='7' tokens=1560 visible=504 reason=- cost=- latency=43.8s
     correct pred='6' tokens=1915 visible=461 reason=- cost=- latency=50.6s
     correct pred='\\(\\mathbb{F}_{16}\\)' tokens=1088 visible=362 reason=- cost=- latency=51.5s
     wrong   pred='\\(\\mathbb{F}_4\\)' tokens=1742 visible=422 reason=- cost=- latency=54.3s
     correct pred='42' tokens=1219 visible=468 reason=- cost=- latency=55.3s
     correct pred='42' tokens=1658 visible=428 reason=- cost=- latency=60.6s
     correct pred='6' tokens=999 visible=295 reason=- cost=- latency=54.3s
     correct pred='6' tokens=1430 visible=292 reason=- cost=- latency=51.0s
     wrong   pred='6' tokens=1304 visible=490 reason=- cost=- latency=55.6s
     correct pred='7' tokens=1753 visible=478 reason=- cost=- latency=58.7s
     wrong   pred='The volume of the largest rectangular...' tokens=805 visible=198 reason=- cost=- latency=53.3s
     wrong   pred='\\(\\frac{81}{16}\\)' tokens=1149 visible=139 reason=- cost=- latency=46.9s
     wrong   pred='10' tokens=1227 visible=502 reason=- cost=- latency=50.8s
     wrong   pred='10' tokens=1398 visible=395 reason=- cost=- latency=51.7s
     correct pred='71040' tokens=1255 visible=390 reason=- cost=- latency=50.6s
     wrong   pred='\\(59520\\)' tokens=1578 visible=347 reason=- cost=- latency=47.4s
     wrong   pred='Yes, \\(f(x) = C \\log x\\) is the only ...' tokens=1267 visible=518 reason=- cost=- latency=54.5s
     wrong   pred='Yes, \\( f(x) = C \\log x \\) is the onl...' tokens=1739 visible=571 reason=- cost=- latency=64.0s
     wrong   pred='12115' tokens=1143 visible=544 reason=- cost=- latency=63.0s
     correct pred='12109' tokens=1323 visible=312 reason=- cost=- latency=62.1s
     wrong   pred='3240' tokens=1267 visible=470 reason=- cost=- latency=63.1s
     wrong   pred='\\frac{1017\\pi}{2}' tokens=2060 visible=690 reason=- cost=- latency=71.7s
     wrong   pred='Yes, there exists a chain of subgroup...' tokens=1382 visible=500 reason=- cost=- latency=69.1s
     wrong   pred='Yes, there exists a chain of subgroup...' tokens=2009 visible=429 reason=- cost=- latency=64.1s
     wrong   pred='Yes, if a non-zero entire function ha...' tokens=594 visible=229 reason=- cost=- latency=57.1s
     wrong   pred='Yes, it is always transcendental.' tokens=956 visible=296 reason=- cost=- latency=53.5s
     correct pred='\\(\\frac{x}{2}\\).' tokens=1341 visible=459 reason=- cost=- latency=52.5s
     correct pred='\\frac{x}{2}' tokens=1627 visible=328 reason=- cost=- latency=41.8s
     wrong   pred='6' tokens=1183 visible=519 reason=- cost=- latency=42.3s
     wrong   pred='4.5' tokens=1381 visible=319 reason=- cost=- latency=40.0s
     wrong   pred='\\(0\\)' tokens=1081 visible=331 reason=- cost=- latency=44.8s
     correct pred='\\frac{\\pi}{2}' tokens=1687 visible=408 reason=- cost=- latency=51.1s
     correct pred='\\frac{1}{e}' tokens=890 visible=234 reason=- cost=- latency=45.3s
     correct pred='\\(\\frac{1}{e}\\).' tokens=1386 visible=253 reason=- cost=- latency=43.1s
     wrong   pred='\\( t = 10 \\)' tokens=711 visible=196 reason=- cost=- latency=38.9s
     wrong   pred='There is no valid positive integer so...' tokens=1068 visible=305 reason=- cost=- latency=39.8s
     wrong   pred='\\(\\frac{1}{7}\\).' tokens=943 visible=215 reason=- cost=- latency=36.7s
     wrong   pred='$\\frac{2}{9}$' tokens=1884 visible=387 reason=- cost=- latency=37.4s
     correct pred='Yes.' tokens=868 visible=345 reason=- cost=- latency=37.7s
     correct pred='Yes.' tokens=1094 visible=196 reason=- cost=- latency=34.6s
     correct pred='12' tokens=668 visible=193 reason=- cost=- latency=33.7s
     correct pred='12' tokens=1050 visible=263 reason=- cost=- latency=32.7s
     correct pred='\\frac{4}{\\pi}' tokens=1642 visible=516 reason=- cost=- latency=41.5s
     correct pred='\\frac{4}{\\pi}' tokens=2150 visible=445 reason=- cost=- latency=43.0s
     wrong   pred='The equation \\(a^{i\\frac{\\pi}{\\log(a)...' tokens=835 visible=217 reason=- cost=- latency=42.3s
     wrong   pred='Yes, the equation \\(a^{i\\frac{\\pi}{\\l...' tokens=1293 visible=239 reason=- cost=- latency=44.8s
     correct pred='$\\lambda$' tokens=1594 visible=625 reason=- cost=- latency=55.0s
     correct pred='$\\lambda$' tokens=1628 visible=345 reason=- cost=- latency=56.9s
     wrong   pred='Yes, there always exists a positive i...' tokens=923 visible=330 reason=- cost=- latency=48.9s
     wrong   pred='Yes, there always exists a positive i...' tokens=1364 visible=282 reason=- cost=- latency=42.1s
     wrong   pred='\\(0\\)' tokens=1070 visible=293 reason=- cost=- latency=44.4s
     wrong   pred='\\(0\\)' tokens=1754 visible=414 reason=- cost=- latency=49.0s
     wrong   pred='True' tokens=734 visible=281 reason=- cost=- latency=38.6s
     wrong   pred='True' tokens=1170 visible=321 reason=- cost=- latency=36.0s
     wrong   pred='\\(\\frac{4}{3}\\pi\\)' tokens=1172 visible=459 reason=- cost=- latency=40.4s
     wrong   pred='\\(9\\pi\\)' tokens=1352 visible=245 reason=- cost=- latency=41.9s
     wrong   pred='720' tokens=1351 visible=501 reason=- cost=- latency=46.1s
     wrong   pred='920' tokens=1773 visible=489 reason=- cost=- latency=46.8s
     correct pred='True' tokens=1065 visible=472 reason=- cost=- latency=51.0s
     correct pred='True' tokens=1396 visible=377 reason=- cost=- latency=53.1s
     correct pred='6' tokens=1250 visible=419 reason=- cost=- latency=52.0s
     correct pred='6' tokens=1732 visible=408 reason=- cost=- latency=53.2s

------------------------------------------------------------------------------
Prelim Eval (1400/4000 calls, elapsed 12547.5s)
------------------------------------------------------------------------------
+---+---------+----------+--------------------+---------+--------------+-------------+----------+------------+------------+-------------+----------+
| k | correct | accuracy | bar                | mean in | mean visible | mean reason | mean out | mean total | reason sum | limit flags | cost     |
+---+---------+----------+--------------------+---------+--------------+-------------+----------+------------+------------+-------------+----------+
| 1 | 263/700 | 37.6%    | #######........... | 544.8   | 400.4        | -           | 597.0    | 1141.8     | -          | 2           | 0.000000 |
| 2 | 277/700 | 39.6%    | #######........... | 997.6   | 381.1        | -           | 578.2    | 1575.8     | -          | 0           | 0.000000 |
+---+---------+----------+--------------------+---------+--------------+-------------+----------+------------+------------+-------------+----------+
------------------------------------------------------------------------------
     wrong   pred='-30' tokens=1353 visible=430 reason=- cost=- latency=53.1s
     wrong   pred='The residue of \\( f(z) = \\frac{(z-2)^...' tokens=1916 visible=430 reason=- cost=- latency=54.9s
     wrong   pred='Yes, \\( f \\) must be injective.' tokens=1383 visible=403 reason=- cost=- latency=54.7s
     wrong   pred='Yes, \\( f \\) must be injective.' tokens=1947 visible=247 reason=- cost=- latency=53.1s
     wrong   pred='0' tokens=949 visible=299 reason=- cost=- latency=51.4s
     wrong   pred='\\( J_0(2) \\)' tokens=1382 visible=385 reason=- cost=- latency=51.5s
     wrong   pred='487' tokens=1267 visible=409 reason=- cost=- latency=51.1s
     wrong   pred='363' tokens=1793 visible=371 reason=- cost=- latency=50.9s
     correct pred='\\frac{\\pi}{3}' tokens=1464 visible=483 reason=- cost=- latency=55.5s
     wrong   pred='\\(\\pi\\)' tokens=1809 visible=396 reason=- cost=- latency=60.5s
     correct pred='49' tokens=869 visible=188 reason=- cost=- latency=58.5s
     correct pred='49' tokens=1326 visible=189 reason=- cost=- latency=55.9s
     wrong   pred='-1.54' tokens=1299 visible=430 reason=- cost=- latency=56.5s
     wrong   pred='\\(-1.64\\)' tokens=2007 visible=576 reason=- cost=- latency=59.9s
     wrong   pred='0' tokens=1168 visible=425 reason=- cost=- latency=57.8s
     wrong   pred='\\(0\\)' tokens=1633 visible=486 reason=- cost=- latency=59.5s
     wrong   pred='\\frac{4}{3}' tokens=1807 visible=667 reason=- cost=- latency=72.0s
     wrong   pred='\\( \\frac{20}{3} + \\frac{2\\pi}{3} \\)' tokens=2371 visible=689 reason=- cost=- latency=85.0s
     wrong   pred='$\\frac{1}{12}$' tokens=1487 visible=550 reason=- cost=- latency=88.1s
     wrong   pred='$\\bar{x} = \\frac{1}{4}$' tokens=2063 visible=636 reason=- cost=- latency=89.5s
     wrong   pred='The degree of the Taylor polynomial i...' tokens=1095 visible=301 reason=- cost=- latency=86.5s
     wrong   pred='12' tokens=1904 visible=451 reason=- cost=- latency=86.6s
     wrong   pred='\\(-300\\)' tokens=1062 visible=327 reason=- cost=- latency=77.3s
     wrong   pred='900' tokens=1553 visible=323 reason=- cost=- latency=68.3s
     wrong   pred='\\( d_{2017}(O, A) = 305 \\).' tokens=1773 visible=506 reason=- cost=- latency=69.5s
     wrong   pred='912' tokens=3056 visible=760 reason=- cost=- latency=78.4s
     correct pred='\\( f(1) \\).' tokens=1121 visible=416 reason=- cost=- latency=79.8s
     correct pred='\\(f(1)\\).' tokens=1272 visible=233 reason=- cost=- latency=72.6s
     wrong   pred='9' tokens=917 visible=318 reason=- cost=- latency=70.9s
     correct pred='11' tokens=1086 visible=143 reason=- cost=- latency=65.2s
     wrong   pred='No' tokens=641 visible=131 reason=- cost=- latency=51.4s
     wrong   pred='The LP relaxation of the maximum weig...' tokens=1052 visible=104 reason=- cost=- latency=27.3s
     wrong   pred='The function \\( f \\) is continuous.' tokens=1010 visible=369 reason=- cost=- latency=25.3s
     wrong   pred='The function \\( f \\) is continuous.' tokens=1706 visible=524 reason=- cost=- latency=30.8s
     wrong   pred='20' tokens=1739 visible=630 reason=- cost=- latency=35.7s
     wrong   pred='26' tokens=2872 visible=668 reason=- cost=- latency=47.3s
     wrong   pred='The real numbers \\( c \\) for which th...' tokens=1116 visible=385 reason=- cost=- latency=54.1s
     wrong   pred='The real numbers \\( c \\) such that th...' tokens=1585 visible=416 reason=- cost=- latency=61.6s
     wrong   pred='100' tokens=1213 visible=465 reason=- cost=- latency=64.8s
     wrong   pred='99' tokens=1446 visible=364 reason=- cost=- latency=61.5s
     wrong   pred='The only connected graph of order 5 w...' tokens=938 visible=538 reason=- cost=- latency=57.2s
     correct pred='\\[ K_5 \\]' tokens=1096 visible=301 reason=- cost=- latency=46.1s
     correct pred='\\(2\\pi I_0(1)\\)' tokens=776 visible=175 reason=- cost=- latency=41.2s
     correct pred='\\(2\\pi I_0(1)\\)' tokens=1143 visible=132 reason=- cost=- latency=35.1s
     wrong   pred='\\frac{1}{2}' tokens=1502 visible=632 reason=- cost=- latency=37.5s
     wrong   pred='\\frac{1}{2}' tokens=1795 visible=471 reason=- cost=- latency=38.9s
     wrong   pred='\\(n = 6\\)' tokens=804 visible=241 reason=- cost=- latency=37.6s
     correct pred='6' tokens=1031 visible=183 reason=- cost=- latency=37.9s
     correct pred='15' tokens=942 visible=443 reason=- cost=- latency=40.7s
     correct pred='15' tokens=1584 visible=510 reason=- cost=- latency=47.8s
     correct pred="f_1'(0) x" tokens=1291 visible=485 reason=- cost=- latency=46.0s
     wrong   pred="\\( x f_1'(0) \\)." tokens=1729 visible=437 reason=- cost=- latency=47.7s
     wrong   pred='\\(C_2 \\times C_2\\)' tokens=1152 visible=480 reason=- cost=- latency=50.6s
     wrong   pred='\\( C_2 \\times C_2 \\)' tokens=1758 visible=443 reason=- cost=- latency=56.7s
     wrong   pred='The probability that the total servic...' tokens=967 visible=349 reason=- cost=- latency=56.4s
     correct pred='0.1587' tokens=1491 visible=398 reason=- cost=- latency=53.6s
     correct pred='\\( VW - WV \\neq I \\).' tokens=1028 visible=372 reason=- cost=- latency=50.1s
     correct pred='\\( VW - WV \\neq I \\).' tokens=1449 visible=331 reason=- cost=- latency=46.5s
     wrong   pred='\\(\\mathbb{E}^\\mathbb{Q}[B_t] = 0\\), a...' tokens=1358 visible=472 reason=- cost=- latency=48.5s
     wrong   pred='\\(\\mathbb{E}^\\mathbb{Q}[B_t] = 0\\); n...' tokens=1973 visible=500 reason=- cost=- latency=49.7s
     wrong   pred='4032.6 \\text{ ft-lb}' tokens=1668 visible=740 reason=- cost=- latency=60.9s
     wrong   pred='\\( 10530\\pi \\) ft-lb' tokens=1793 visible=540 reason=- cost=- latency=67.1s
     correct pred='\\((8, -1)\\)' tokens=875 visible=262 reason=- cost=- latency=66.0s
     correct pred='(8, -1)' tokens=1317 visible=351 reason=- cost=- latency=66.4s
     correct pred='0' tokens=641 visible=258 reason=- cost=- latency=61.7s
     correct pred='\\( 0 \\).' tokens=729 visible=220 reason=- cost=- latency=54.8s
     correct pred='\\( 0 \\).' tokens=811 visible=215 reason=- cost=- latency=43.1s
     correct pred='\\( 0 \\).' tokens=1172 visible=210 reason=- cost=- latency=35.5s
     correct pred='0' tokens=1021 visible=406 reason=- cost=- latency=37.2s
     correct pred='0' tokens=1522 visible=423 reason=- cost=- latency=39.3s
     wrong   pred='12.5n' tokens=1358 visible=445 reason=- cost=- latency=42.5s
     correct pred='25' tokens=2170 visible=521 reason=- cost=- latency=48.9s
     wrong   pred='f(t) = M t^2' tokens=1085 visible=311 reason=- cost=- latency=49.9s
     wrong   pred='Yes, there exists such a function \\(f\\).' tokens=1511 visible=231 reason=- cost=- latency=48.7s
     wrong   pred='[-1, 1]' tokens=1232 visible=400 reason=- cost=- latency=50.4s
     correct pred='\\{-1, 1\\}' tokens=1699 visible=395 reason=- cost=- latency=50.2s
     wrong   pred='Yes, it is always possible to find a ...' tokens=1148 visible=533 reason=- cost=- latency=49.9s
     wrong   pred='Yes, it is always possible.' tokens=1646 visible=484 reason=- cost=- latency=47.6s
     correct pred='$\\frac{1}{3}$' tokens=800 visible=142 reason=- cost=- latency=44.7s
     correct pred='$\\frac{1}{3}$' tokens=1297 visible=176 reason=- cost=- latency=44.2s
     correct pred='$\\sqrt{85}$' tokens=828 visible=272 reason=- cost=- latency=40.8s
     correct pred='$\\sqrt{85}$' tokens=1402 visible=405 reason=- cost=- latency=41.4s
     wrong   pred='\\(2a^2\\)' tokens=1207 visible=461 reason=- cost=- latency=42.4s
     wrong   pred='\\(4a^2\\)' tokens=1642 visible=427 reason=- cost=- latency=42.9s
     wrong   pred='\\( f(x) = \\sqrt{x} \\).' tokens=905 visible=292 reason=- cost=- latency=44.6s
     wrong   pred='\\( f(x) = \\sqrt{1 + |x|} \\).' tokens=1642 visible=495 reason=- cost=- latency=50.0s
     wrong   pred='The polynomial \\( \\prod_{j=1}^n (z - ...' tokens=1012 visible=491 reason=- cost=- latency=51.5s
     correct pred='Yes.' tokens=1338 visible=426 reason=- cost=- latency=48.1s
     wrong   pred='No' tokens=851 visible=323 reason=- cost=- latency=45.6s
     correct pred='False' tokens=1196 visible=339 reason=- cost=- latency=44.3s
     correct pred='\\infty' tokens=1250 visible=479 reason=- cost=- latency=49.6s
     wrong   pred='1' tokens=1377 visible=329 reason=- cost=- latency=46.4s
     correct pred='$\\pi$' tokens=1273 visible=439 reason=- cost=- latency=49.0s
     correct pred='\\(\\pi\\)' tokens=1793 visible=476 reason=- cost=- latency=53.4s
     correct pred='\\([-1, 5]\\)' tokens=1177 visible=434 reason=- cost=- latency=57.3s
     wrong   pred='The series \\(\\sum_{n=1}^\\infty \\frac{...' tokens=1658 visible=534 reason=- cost=- latency=62.4s
     correct pred='0' tokens=853 visible=289 reason=- cost=- latency=58.0s
     correct pred='0' tokens=1110 visible=265 reason=- cost=- latency=56.9s
     wrong   pred='Yes, there exist real non-diagonaliza...' tokens=729 visible=295 reason=- cost=- latency=50.7s
     wrong   pred='Yes, there exist real non-diagonaliza...' tokens=1328 visible=413 reason=- cost=- latency=47.0s

------------------------------------------------------------------------------
Prelim Eval (1500/4000 calls, elapsed 13434.7s)
------------------------------------------------------------------------------
+---+---------+----------+--------------------+---------+--------------+-------------+----------+------------+------------+-------------+----------+
| k | correct | accuracy | bar                | mean in | mean visible | mean reason | mean out | mean total | reason sum | limit flags | cost     |
+---+---------+----------+--------------------+---------+--------------+-------------+----------+------------+------------+-------------+----------+
| 1 | 280/750 | 37.3%    | #######........... | 544.6   | 400.1        | -           | 596.0    | 1140.6     | -          | 2           | 0.000000 |
| 2 | 298/750 | 39.7%    | #######........... | 997.3   | 382.1        | -           | 580.4    | 1577.6     | -          | 0           | 0.000000 |
+---+---------+----------+--------------------+---------+--------------+-------------+----------+------------+------------+-------------+----------+
------------------------------------------------------------------------------
     correct pred='100' tokens=850 visible=231 reason=- cost=- latency=40.2s
     correct pred='100' tokens=1376 visible=256 reason=- cost=- latency=31.8s
     correct pred='\\(\\frac{5}{6}\\).' tokens=1071 visible=370 reason=- cost=- latency=33.2s
     correct pred='\\frac{5}{6}' tokens=1687 visible=456 reason=- cost=- latency=38.1s
     wrong   pred='\\pi' tokens=894 visible=216 reason=- cost=- latency=39.5s
     correct pred='\\(\\frac{\\pi}{2}\\)' tokens=1381 visible=247 reason=- cost=- latency=38.3s
     wrong   pred='\\frac{3}{2}' tokens=2067 visible=816 reason=- cost=- latency=57.0s
     wrong   pred='\\[ 96 \\left( \\frac{3}{4} \\right)^5 - ...' tokens=2962 visible=956 reason=- cost=- latency=82.2s flags=hit_max_tokens
     token warning: completion=2048/2048, reasoning=-, visible=956
     wrong   pred='Yes, if \\( f \\) factors with respect ...' tokens=1267 visible=513 reason=- cost=- latency=84.2s
     wrong   pred='True' tokens=1786 visible=529 reason=- cost=- latency=84.1s
     wrong   pred='\\(a = 1\\).' tokens=1433 visible=552 reason=- cost=- latency=90.9s
     correct pred='[0, 2]' tokens=2001 visible=575 reason=- cost=- latency=98.0s
     correct pred='7' tokens=667 visible=148 reason=- cost=- latency=78.1s
     correct pred='7' tokens=1030 visible=157 reason=- cost=- latency=51.0s
     wrong   pred='$(\\| l \\|, \\| T \\|) = (1, 1)$' tokens=1612 visible=583 reason=- cost=- latency=55.2s
     correct pred='(1, 1)' tokens=2314 visible=677 reason=- cost=- latency=61.1s
     correct pred='\\( \\frac{2}{\\pi} \\)' tokens=991 visible=318 reason=- cost=- latency=55.5s
     correct pred='\\(\\frac{2}{\\pi}\\).' tokens=1345 visible=215 reason=- cost=- latency=47.5s
     wrong   pred='$0$' tokens=1295 visible=411 reason=- cost=- latency=56.3s
     wrong   pred='$0$' tokens=1612 visible=355 reason=- cost=- latency=64.0s
     wrong   pred='Yes, the finite group \\( G \\) acting ...' tokens=824 visible=257 reason=- cost=- latency=54.0s
     wrong   pred='No, we cannot generally assert that a...' tokens=1399 visible=424 reason=- cost=- latency=43.9s
     correct pred='0' tokens=898 visible=309 reason=- cost=- latency=43.3s
     wrong   pred='\\(\\epsilon_{ijk} \\, a_k\\)' tokens=1500 visible=399 reason=- cost=- latency=47.1s
     wrong   pred='\\((k+1)^2\\).' tokens=1035 visible=309 reason=- cost=- latency=42.8s
     wrong   pred='\\((k + 1)^2 - 1\\).' tokens=1565 visible=380 reason=- cost=- latency=41.0s
     correct pred='\\(2007\\)' tokens=1170 visible=375 reason=- cost=- latency=45.8s
     correct pred='\\(2007\\).' tokens=1382 visible=231 reason=- cost=- latency=45.5s
     correct pred='\\(\\frac{4}{3}\\).' tokens=915 visible=206 reason=- cost=- latency=44.9s
     correct pred='\\(\\frac{4}{3}\\).' tokens=1269 visible=149 reason=- cost=- latency=40.1s
     wrong   pred='No, a compact Lie group cannot have a...' tokens=739 visible=366 reason=- cost=- latency=37.3s
     correct pred='Yes.' tokens=971 visible=193 reason=- cost=- latency=31.6s
     wrong   pred='Yes, there exists a nowhere continuou...' tokens=954 visible=328 reason=- cost=- latency=29.2s
     wrong   pred='Yes, there exists such a function.' tokens=1390 visible=371 reason=- cost=- latency=30.5s
     wrong   pred='\\(8\\pi - 16\\)' tokens=1074 visible=302 reason=- cost=- latency=33.3s
     correct pred='\\(-\\frac{16}{3}\\)' tokens=1654 visible=423 reason=- cost=- latency=39.7s
     wrong   pred='The radius of convergence is \\( 2 \\).' tokens=1478 visible=518 reason=- cost=- latency=47.9s
     wrong   pred='The radius of convergence is \\( 2 \\).' tokens=1713 visible=342 reason=- cost=- latency=53.8s
     wrong   pred='\\( k = 10 \\)' tokens=1201 visible=393 reason=- cost=- latency=56.7s
     wrong   pred='10.' tokens=1350 visible=209 reason=- cost=- latency=55.0s
     wrong   pred='\\(\\frac{63}{512}\\)' tokens=1045 visible=408 reason=- cost=- latency=54.4s
     correct pred='\\(\\frac{63}{256}\\)' tokens=1561 visible=460 reason=- cost=- latency=52.4s
     wrong   pred='\\( x = 1.8 \\).' tokens=2515 visible=895 reason=- cost=- latency=66.8s
     wrong   pred='No valid solution exists.' tokens=2962 visible=955 reason=- cost=- latency=83.7s
     correct pred='32' tokens=1552 visible=627 reason=- cost=- latency=90.0s
     correct pred='\\( 32 \\)' tokens=1976 visible=670 reason=- cost=- latency=101.5s
     wrong   pred='Yes, the Lie group \\( G \\) acts on it...' tokens=941 visible=382 reason=- cost=- latency=100.6s
     correct pred='Yes.' tokens=1305 visible=396 reason=- cost=- latency=98.2s
     wrong   pred='\\( f(z) = 2 \\ln z \\).' tokens=1384 visible=457 reason=- cost=- latency=83.1s
     wrong   pred='\\( f(z) = \\ln|z| + i\\arg(z) \\).' tokens=1659 visible=385 reason=- cost=- latency=66.5s
     wrong   pred='19' tokens=1119 visible=393 reason=- cost=- latency=58.2s
     wrong   pred='12' tokens=1682 visible=475 reason=- cost=- latency=49.7s
     correct pred='$\\frac{1}{6}$' tokens=728 visible=179 reason=- cost=- latency=46.6s
     correct pred='\\frac{1}{6}' tokens=1220 visible=257 reason=- cost=- latency=45.4s
     correct pred='240' tokens=1102 visible=404 reason=- cost=- latency=41.9s
     correct pred='240' tokens=1459 visible=350 reason=- cost=- latency=40.0s
     correct pred='\\frac{13}{8}' tokens=857 visible=272 reason=- cost=- latency=39.3s
     correct pred='\\frac{13}{8}' tokens=1126 visible=241 reason=- cost=- latency=37.5s
     wrong   pred='\\frac{1}{8}' tokens=1444 visible=561 reason=- cost=- latency=48.3s
     wrong   pred='1' tokens=1591 visible=458 reason=- cost=- latency=54.4s
     wrong   pred='$-1$.' tokens=1279 visible=388 reason=- cost=- latency=56.5s
     wrong   pred='$-1$' tokens=1577 visible=309 reason=- cost=- latency=57.4s
     wrong   pred='\\(0\\).' tokens=813 visible=136 reason=- cost=- latency=52.7s
     wrong   pred='0' tokens=1542 visible=271 reason=- cost=- latency=50.7s
     wrong   pred='Yes, such a constant \\( c \\) exists, ...' tokens=812 visible=355 reason=- cost=- latency=41.4s
     correct pred='\\frac{1}{4}' tokens=1302 visible=432 reason=- cost=- latency=37.0s
     correct pred='\\(\\phi_1^2 \\phi_2\\)' tokens=1126 visible=319 reason=- cost=- latency=35.0s
     correct pred='\\(\\phi_1^2 \\phi_2\\)' tokens=1555 visible=297 reason=- cost=- latency=35.1s
     correct pred='Yes.' tokens=974 visible=564 reason=- cost=- latency=40.0s
     correct pred='Yes' tokens=1491 visible=501 reason=- cost=- latency=44.2s
     correct pred='$\\pi a^2$' tokens=2126 visible=920 reason=- cost=- latency=63.4s
     wrong   pred='\\(a^2 \\pi\\)' tokens=2320 visible=836 reason=- cost=- latency=78.5s
     correct pred='Yes' tokens=853 visible=316 reason=- cost=- latency=75.6s
     correct pred='Yes' tokens=1057 visible=224 reason=- cost=- latency=70.3s
     correct pred='\\( 0 \\).' tokens=920 visible=320 reason=- cost=- latency=70.7s
     wrong   pred='The limit exists and is equal to \\( 0...' tokens=1174 visible=293 reason=- cost=- latency=68.7s
     wrong   pred='The condition \\(QR = OA\\) does imply ...' tokens=1287 visible=688 reason=- cost=- latency=55.3s
     wrong   pred='Yes, the condition \\(QR = OA\\) implie...' tokens=1676 visible=602 reason=- cost=- latency=43.5s
     correct pred='True' tokens=1062 visible=391 reason=- cost=- latency=45.2s
     correct pred='True' tokens=1415 visible=323 reason=- cost=- latency=47.8s
     correct pred='Yes' tokens=1081 visible=566 reason=- cost=- latency=48.7s
     correct pred='Yes.' tokens=1522 visible=522 reason=- cost=- latency=50.6s
     wrong   pred='\\(\\frac{\\pi}{4}, \\frac{5\\pi}{4}, \\fra...' tokens=1612 visible=674 reason=- cost=- latency=55.8s
     wrong   pred='\\frac{\\pi}{4}, \\frac{5\\pi}{4}, \\frac{...' tokens=1847 visible=543 reason=- cost=- latency=59.6s
     wrong   pred='\\(0\\).' tokens=1321 visible=475 reason=- cost=- latency=62.1s
     wrong   pred='\\frac{3}{2}' tokens=1922 visible=369 reason=- cost=- latency=67.2s
     wrong   pred='\\(a < 3\\)' tokens=1927 visible=747 reason=- cost=- latency=78.3s
     wrong   pred='\\( a < -3 \\)' tokens=1891 visible=406 reason=- cost=- latency=81.2s
     wrong   pred='17' tokens=1611 visible=515 reason=- cost=- latency=78.3s
     wrong   pred='17' tokens=2245 visible=494 reason=- cost=- latency=77.9s
     wrong   pred='1' tokens=1104 visible=402 reason=- cost=- latency=76.9s
     wrong   pred='2' tokens=1615 visible=424 reason=- cost=- latency=76.9s
     correct pred='\\(30\\)' tokens=1104 visible=364 reason=- cost=- latency=67.0s
     wrong   pred='12' tokens=1402 visible=331 reason=- cost=- latency=64.1s
     wrong   pred='15' tokens=1023 visible=322 reason=- cost=- latency=57.1s
     correct pred='30^\\circ' tokens=1686 visible=398 reason=- cost=- latency=52.2s
     wrong   pred='$\\frac{1372}{27}$' tokens=2082 visible=822 reason=- cost=- latency=64.9s
     wrong   pred='The maximum value of the function is ...' tokens=2027 visible=503 reason=- cost=- latency=67.6s
     correct pred='271' tokens=1576 visible=486 reason=- cost=- latency=72.6s
     correct pred='271' tokens=1733 visible=369 reason=- cost=- latency=74.0s

------------------------------------------------------------------------------
Prelim Eval (1600/4000 calls, elapsed 14404.1s)
------------------------------------------------------------------------------
+---+---------+----------+--------------------+---------+--------------+-------------+----------+------------+------------+-------------+----------+
| k | correct | accuracy | bar                | mean in | mean visible | mean reason | mean out | mean total | reason sum | limit flags | cost     |
+---+---------+----------+--------------------+---------+--------------+-------------+----------+------------+------------+-------------+----------+
| 1 | 300/800 | 37.5%    | #######........... | 544.5   | 402.5        | -           | 600.9    | 1145.3     | -          | 2           | 0.000000 |
| 2 | 323/800 | 40.4%    | #######........... | 996.9   | 384.0        | -           | 583.6    | 1580.5     | -          | 1           | 0.000000 |
+---+---------+----------+--------------------+---------+--------------+-------------+----------+------------+------------+-------------+----------+
------------------------------------------------------------------------------
     correct pred='Yes.' tokens=1096 visible=426 reason=- cost=- latency=75.8s
     wrong   pred='Yes, it follows that \\( T \\) is bound...' tokens=1366 visible=252 reason=- cost=- latency=72.6s
     wrong   pred='52000' tokens=1210 visible=438 reason=- cost=- latency=60.2s
     wrong   pred='1047' tokens=1658 visible=399 reason=- cost=- latency=55.7s
     correct pred='Yes.' tokens=863 visible=394 reason=- cost=- latency=48.0s
     wrong   pred='True' tokens=943 visible=221 reason=- cost=- latency=41.5s
     correct pred='\\(\\sqrt{a_1 a_3}\\).' tokens=1534 visible=583 reason=- cost=- latency=47.8s
     wrong   pred='\\frac{a_1 + a_3}{2}' tokens=1559 visible=341 reason=- cost=- latency=50.5s
     correct pred='Yes.' tokens=1013 visible=382 reason=- cost=- latency=46.7s
     correct pred='Yes.' tokens=1545 visible=352 reason=- cost=- latency=43.1s
     wrong   pred='84' tokens=1910 visible=645 reason=- cost=- latency=55.7s
     wrong   pred='1600' tokens=2297 visible=627 reason=- cost=- latency=70.0s
     wrong   pred='Yes, two finite fields with \\( p^n \\)...' tokens=623 visible=170 reason=- cost=- latency=58.1s
     wrong   pred='Yes, the two finite fields are isomor...' tokens=978 visible=135 reason=- cost=- latency=52.2s
     wrong   pred='\\( \\frac{\\pi}{5} \\)' tokens=767 visible=277 reason=- cost=- latency=53.0s
     wrong   pred='\\( \\frac{\\pi}{5} \\)' tokens=1009 visible=295 reason=- cost=- latency=54.0s
     correct pred='03' tokens=1365 visible=454 reason=- cost=- latency=47.2s
     correct pred='03' tokens=1502 visible=295 reason=- cost=- latency=37.9s
     wrong   pred='0' tokens=1099 visible=399 reason=- cost=- latency=43.7s
     correct pred='16' tokens=1342 visible=239 reason=- cost=- latency=47.0s
     correct pred='p - n' tokens=951 visible=321 reason=- cost=- latency=46.5s
     correct pred='\\(p - n\\)' tokens=1418 visible=287 reason=- cost=- latency=45.7s
     wrong   pred='8' tokens=1522 visible=645 reason=- cost=- latency=46.8s
     wrong   pred='8' tokens=2079 visible=542 reason=- cost=- latency=52.8s
     correct pred='Yes.' tokens=876 visible=342 reason=- cost=- latency=50.3s
     correct pred='Yes.' tokens=1254 visible=258 reason=- cost=- latency=50.4s
     wrong   pred='Yes, it is guaranteed that $(x_{n_i})...' tokens=1050 visible=313 reason=- cost=- latency=52.1s
     wrong   pred='Yes, it is guaranteed that $(x_{n_i})...' tokens=1451 visible=295 reason=- cost=- latency=53.2s
     correct pred='202' tokens=898 visible=237 reason=- cost=- latency=44.2s
     correct pred='202' tokens=1265 visible=129 reason=- cost=- latency=32.4s
     wrong   pred='\\(\\ln(6)\\)' tokens=858 visible=230 reason=- cost=- latency=31.7s
     wrong   pred='$\\ln(6)$' tokens=1427 visible=305 reason=- cost=- latency=33.5s
     correct pred='False' tokens=916 visible=344 reason=- cost=- latency=32.2s
     correct pred='False' tokens=1251 visible=297 reason=- cost=- latency=30.4s
     wrong   pred='\\(\\left(\\frac{11}{5}, \\frac{18}{5}, 1...' tokens=1029 visible=336 reason=- cost=- latency=34.6s
     wrong   pred='The point on the plane closest to \\((...' tokens=1485 visible=425 reason=- cost=- latency=42.7s
     wrong   pred='Yes, the set \\(A + B\\) necessarily co...' tokens=860 visible=312 reason=- cost=- latency=42.9s
     correct pred='Yes.' tokens=1100 visible=130 reason=- cost=- latency=38.3s
     wrong   pred='12' tokens=875 visible=392 reason=- cost=- latency=38.4s
     wrong   pred='32' tokens=1511 visible=585 reason=- cost=- latency=43.6s
     wrong   pred='False' tokens=1216 visible=710 reason=- cost=- latency=47.4s
     correct pred='True' tokens=1061 visible=381 reason=- cost=- latency=43.3s
     correct pred='Yes' tokens=1186 visible=400 reason=- cost=- latency=45.7s
     correct pred='yes' tokens=1607 visible=280 reason=- cost=- latency=48.5s
     wrong   pred='2' tokens=1023 visible=411 reason=- cost=- latency=50.0s
     wrong   pred='2' tokens=1496 visible=514 reason=- cost=- latency=48.4s
     wrong   pred='23' tokens=1441 visible=615 reason=- cost=- latency=50.4s
     wrong   pred='$-2$' tokens=1831 visible=564 reason=- cost=- latency=58.9s
     wrong   pred='The group has order 16.' tokens=1204 visible=466 reason=- cost=- latency=60.1s
     wrong   pred='The group does not have order 16; it ...' tokens=1591 visible=346 reason=- cost=- latency=62.0s
     wrong   pred='The only function \\( f: \\mathbb{N} \\r...' tokens=1057 visible=376 reason=- cost=- latency=61.7s
     correct pred='\\( f(n) = n \\).' tokens=1591 visible=439 reason=- cost=- latency=61.6s
     wrong   pred='2.577' tokens=1122 visible=281 reason=- cost=- latency=54.9s
     wrong   pred='-0.614' tokens=1674 visible=351 reason=- cost=- latency=48.8s
     wrong   pred='\\( p(a, b, c) = a + b + c \\).' tokens=1561 visible=579 reason=- cost=- latency=55.8s
     wrong   pred='\\(3\\)' tokens=1524 visible=422 reason=- cost=- latency=58.9s
     wrong   pred='No' tokens=710 visible=131 reason=- cost=- latency=53.2s
     wrong   pred='No' tokens=1207 visible=117 reason=- cost=- latency=46.2s
     wrong   pred='\\( p < 1 \\).' tokens=1264 visible=429 reason=- cost=- latency=48.5s
     wrong   pred='p > 0' tokens=1827 visible=478 reason=- cost=- latency=51.3s
     wrong   pred='The limit \\(\\lim\\limits_{x\\to\\infty}{...' tokens=1135 visible=394 reason=- cost=- latency=42.9s
     wrong   pred='The limit \\(\\lim\\limits_{x\\to\\infty} ...' tokens=1678 visible=455 reason=- cost=- latency=40.3s
     wrong   pred='No' tokens=1377 visible=506 reason=- cost=- latency=51.3s
     wrong   pred='No.' tokens=1434 visible=353 reason=- cost=- latency=57.4s
     correct pred='\\(-6\\).' tokens=960 visible=255 reason=- cost=- latency=53.0s
     correct pred='\\(-6\\).' tokens=1470 visible=264 reason=- cost=- latency=47.5s
     correct pred='\\( 100! \\).' tokens=1024 visible=285 reason=- cost=- latency=47.2s
     correct pred='100!' tokens=1385 visible=229 reason=- cost=- latency=45.4s
     correct pred='\\(\\sqrt{\\pi}\\)' tokens=714 visible=174 reason=- cost=- latency=36.3s
     correct pred='\\(\\sqrt{\\pi}\\).' tokens=1127 visible=215 reason=- cost=- latency=32.8s
     correct pred='0' tokens=858 visible=285 reason=- cost=- latency=31.3s
     correct pred='0' tokens=1218 visible=172 reason=- cost=- latency=27.8s
     correct pred='$\\frac{n}{6}$' tokens=851 visible=236 reason=- cost=- latency=25.9s
     wrong   pred='\\frac{2n}{3}' tokens=1892 visible=442 reason=- cost=- latency=34.5s
     wrong   pred='Yes, there exists a neighborhood of $...' tokens=1167 visible=454 reason=- cost=- latency=38.5s
     wrong   pred='Yes, there exists a neighborhood of $...' tokens=1638 visible=357 reason=- cost=- latency=40.7s
     wrong   pred="Yes, the restriction $f|_{X'}$ is pro..." tokens=1042 visible=367 reason=- cost=- latency=43.1s
     correct pred='Yes' tokens=1607 visible=396 reason=- cost=- latency=48.1s
     correct pred='Yes' tokens=823 visible=227 reason=- cost=- latency=47.2s
     wrong   pred='Yes, the number of isomorphisms betwe...' tokens=1203 visible=175 reason=- cost=- latency=36.1s
     wrong   pred='\\( 0 \\).' tokens=1374 visible=378 reason=- cost=- latency=38.7s
     wrong   pred='11' tokens=2279 visible=556 reason=- cost=- latency=47.7s
     wrong   pred='Yes, a bijection can be established b...' tokens=940 visible=373 reason=- cost=- latency=47.1s
     wrong   pred='Yes, a bijection can be established.' tokens=1391 visible=381 reason=- cost=- latency=45.9s
     wrong   pred='10' tokens=1216 visible=554 reason=- cost=- latency=52.6s
     wrong   pred='13' tokens=1645 visible=479 reason=- cost=- latency=60.8s
     wrong   pred='\\( a \\in (-2, 1) \\cup (1, +\\infty) \\).' tokens=981 visible=328 reason=- cost=- latency=57.1s
     wrong   pred='\\( a > 1 \\) or \\( a < -2 \\)' tokens=1499 visible=383 reason=- cost=- latency=49.4s
     wrong   pred='Yes, \\( v \\) is necessarily an eigenv...' tokens=1053 visible=379 reason=- cost=- latency=50.7s
     wrong   pred='Yes, \\( v \\) is necessarily an eigenv...' tokens=1390 visible=310 reason=- cost=- latency=50.0s
     correct pred='12' tokens=738 visible=250 reason=- cost=- latency=43.8s
     correct pred='12' tokens=1052 visible=202 reason=- cost=- latency=36.9s
     correct pred='\\frac{19}{10}' tokens=1187 visible=415 reason=- cost=- latency=41.1s
     wrong   pred='1' tokens=1541 visible=484 reason=- cost=- latency=44.3s
     wrong   pred='Yes, there exists a smooth function \\...' tokens=1383 visible=519 reason=- cost=- latency=47.7s
     wrong   pred='Yes, such a function exists.' tokens=1477 visible=224 reason=- cost=- latency=46.3s
     correct pred='\\((-3, 2)\\)' tokens=1113 visible=382 reason=- cost=- latency=50.8s
     correct pred='\\((-3, 2)\\).' tokens=1568 visible=412 reason=- cost=- latency=56.6s
     correct pred='24' tokens=1198 visible=432 reason=- cost=- latency=55.3s
     wrong   pred='48' tokens=1860 visible=542 reason=- cost=- latency=56.7s

------------------------------------------------------------------------------
Prelim Eval (1700/4000 calls, elapsed 15190.8s)
------------------------------------------------------------------------------
+---+---------+----------+--------------------+---------+--------------+-------------+----------+------------+------------+-------------+----------+
| k | correct | accuracy | bar                | mean in | mean visible | mean reason | mean out | mean total | reason sum | limit flags | cost     |
+---+---------+----------+--------------------+---------+--------------+-------------+----------+------------+------------+-------------+----------+
| 1 | 320/850 | 37.6%    | #######........... | 543.9   | 401.4        | -           | 597.9    | 1141.8     | -          | 2           | 0.000000 |
| 2 | 341/850 | 40.1%    | #######........... | 995.7   | 381.8        | -           | 579.2    | 1574.9     | -          | 1           | 0.000000 |
+---+---------+----------+--------------------+---------+--------------+-------------+----------+------------+------------+-------------+----------+
------------------------------------------------------------------------------
     correct pred='$9\\pi$' tokens=498 visible=108 reason=- cost=- latency=48.0s
     correct pred='\\( 9\\pi \\)' tokens=718 visible=75 reason=- cost=- latency=45.2s
     wrong   pred='\\( 2^{|\\mathbb{R}|} \\)' tokens=1100 visible=447 reason=- cost=- latency=44.6s
     wrong   pred='2^{2^{\\aleph_0}}' tokens=1444 visible=366 reason=- cost=- latency=41.6s
     wrong   pred='221' tokens=1490 visible=637 reason=- cost=- latency=46.4s
     wrong   pred='290' tokens=2162 visible=684 reason=- cost=- latency=51.7s
     wrong   pred='The graph of the function \\( f:(a, b)...' tokens=1025 visible=403 reason=- cost=- latency=56.1s
     wrong   pred='The graph of the function \\( f:(a, b)...' tokens=1453 visible=336 reason=- cost=- latency=60.1s
     wrong   pred='135.5' tokens=1103 visible=309 reason=- cost=- latency=58.0s
     wrong   pred='67.50' tokens=1705 visible=369 reason=- cost=- latency=57.5s
     correct pred='\\( x^4 + 2x^2 + 4 \\)' tokens=1431 visible=533 reason=- cost=- latency=56.8s
     correct pred='\\( x^4 + 2x^2 + 4 \\)' tokens=1331 visible=225 reason=- cost=- latency=45.1s
     wrong   pred='\\( P(x) = x + 1 \\).' tokens=1582 visible=662 reason=- cost=- latency=53.4s
     wrong   pred='\\( P(x) = x + 1 \\).' tokens=1886 visible=474 reason=- cost=- latency=60.2s
     correct pred='$\\frac{4}{5}$' tokens=1472 visible=367 reason=- cost=- latency=61.7s
     wrong   pred='$\\frac{1}{5}$' tokens=2381 visible=407 reason=- cost=- latency=63.5s
     wrong   pred='The statement is false.' tokens=1289 visible=435 reason=- cost=- latency=60.0s
     correct pred='False' tokens=1682 visible=366 reason=- cost=- latency=62.2s
     wrong   pred='7' tokens=1598 visible=545 reason=- cost=- latency=61.6s
     wrong   pred='11' tokens=1731 visible=242 reason=- cost=- latency=57.9s
     correct pred='\\( \\frac{3\\pi}{8} \\).' tokens=1296 visible=514 reason=- cost=- latency=61.8s
     wrong   pred='\\( \\frac{\\pi}{4} \\).' tokens=1582 visible=452 reason=- cost=- latency=63.2s
     wrong   pred='\\(-2 < a < -1\\).' tokens=1155 visible=396 reason=- cost=- latency=61.2s
     correct pred='\\((-2, -1)\\)' tokens=1645 visible=377 reason=- cost=- latency=60.1s
     correct pred='\\(18\\sqrt{3}\\)' tokens=924 visible=321 reason=- cost=- latency=51.8s
     correct pred='\\( 18\\sqrt{3} \\)' tokens=1395 visible=317 reason=- cost=- latency=49.6s
     correct pred='\\( d \\sigma^2 \\)' tokens=928 visible=396 reason=- cost=- latency=45.3s
     correct pred='\\( d \\sigma^2 \\)' tokens=1226 visible=393 reason=- cost=- latency=42.1s
     correct pred='21' tokens=1501 visible=440 reason=- cost=- latency=47.8s
     correct pred='21' tokens=2661 visible=763 reason=- cost=- latency=64.0s
     wrong   pred='The correct number of solutions after...' tokens=1313 visible=567 reason=- cost=- latency=70.1s
     wrong   pred='The number of solutions is calculated...' tokens=1663 visible=539 reason=- cost=- latency=75.1s
     correct pred='$\\frac{1}{e}$' tokens=994 visible=314 reason=- cost=- latency=75.1s
     wrong   pred='\\( e^{-1} \\)' tokens=1318 visible=273 reason=- cost=- latency=74.8s
     wrong   pred='\\[ x^{20} = x \\cdot x^{19} \\equiv x(-...' tokens=2660 visible=877 reason=- cost=- latency=91.1s flags=hit_max_tokens
     token warning: completion=2048/2048, reasoning=-, visible=877
     wrong   pred='- \\(x^{24} = x \\cdot x^{23} \\equiv x(...' tokens=3180 visible=916 reason=- cost=- latency=97.8s flags=hit_max_tokens
     token warning: completion=2048/2048, reasoning=-, visible=916
     correct pred='\\((- \\sqrt{3}, 0)\\)' tokens=940 visible=293 reason=- cost=- latency=90.9s
     correct pred='\\((- \\sqrt{3}, 0)\\).' tokens=1450 visible=298 reason=- cost=- latency=84.8s
     correct pred='6' tokens=1715 visible=521 reason=- cost=- latency=92.0s
     correct pred='6' tokens=2013 visible=405 reason=- cost=- latency=95.9s
     correct pred='False' tokens=657 visible=291 reason=- cost=- latency=70.6s
     correct pred='False' tokens=1012 visible=385 reason=- cost=- latency=46.1s
     wrong   pred='33' tokens=1147 visible=296 reason=- cost=- latency=48.9s
     wrong   pred='33' tokens=1793 visible=302 reason=- cost=- latency=53.6s
     wrong   pred='Yes, $C$ is a component of $Y \\cup Z$.' tokens=1027 visible=349 reason=- cost=- latency=44.4s
     wrong   pred='Yes, $C$ is a component of $Y \\cup Z$.' tokens=1646 visible=372 reason=- cost=- latency=40.4s
     wrong   pred='No.' tokens=1088 visible=439 reason=- cost=- latency=43.6s
     wrong   pred='Yes, \\( R[t] \\) is necessarily Noethe...' tokens=1563 visible=454 reason=- cost=- latency=45.6s
     correct pred='\\(i + \\sqrt[3]{2}\\).' tokens=1266 visible=399 reason=- cost=- latency=45.8s
     correct pred='\\( i + \\sqrt[3]{2} \\)' tokens=2092 visible=526 reason=- cost=- latency=47.2s
     wrong   pred='Yes, there exist numbers that can be ...' tokens=1050 visible=394 reason=- cost=- latency=48.7s
     wrong   pred='Yes, there exist numbers of the form ...' tokens=1550 visible=457 reason=- cost=- latency=49.9s
     correct pred='\\(x^4 - 16\\).' tokens=544 visible=97 reason=- cost=- latency=44.9s
     correct pred='\\(x^4 - 16\\)' tokens=788 visible=83 reason=- cost=- latency=39.4s
     wrong   pred='\\( \\frac{3\\pi}{4} \\)' tokens=1097 visible=342 reason=- cost=- latency=39.3s
     correct pred='\\( \\frac{\\pi}{2} \\)' tokens=1534 visible=313 reason=- cost=- latency=36.1s
     wrong   pred='Yes, if \\( f \\) is an isometric isomo...' tokens=839 visible=250 reason=- cost=- latency=34.4s
     wrong   pred='Yes, if \\( f \\) is an isometric isomo...' tokens=1212 visible=247 reason=- cost=- latency=32.3s
     wrong   pred='The sequence of functions $f_n$ conve...' tokens=1052 visible=354 reason=- cost=- latency=36.2s
     wrong   pred='The sequence $f_n$ converges to 0 alm...' tokens=1538 visible=247 reason=- cost=- latency=39.9s
     correct pred='\\(\\rho_{xy} t\\)' tokens=850 visible=329 reason=- cost=- latency=38.4s
     wrong   pred='\\(t \\rho_{xy}\\)' tokens=1002 visible=245 reason=- cost=- latency=34.9s
     wrong   pred='The solution to the congruence \\(x^3 ...' tokens=1834 visible=570 reason=- cost=- latency=46.2s
     wrong   pred='82' tokens=2270 visible=522 reason=- cost=- latency=55.7s
     correct pred='Yes.' tokens=1060 visible=349 reason=- cost=- latency=56.0s
     correct pred='Yes.' tokens=1716 visible=421 reason=- cost=- latency=59.0s
     wrong   pred='\\(x^2 + x + 1\\)' tokens=978 visible=234 reason=- cost=- latency=58.7s
     wrong   pred='\\(x\\)' tokens=1325 visible=178 reason=- cost=- latency=58.9s
     correct pred='\\frac{\\pi}{4}' tokens=1580 visible=599 reason=- cost=- latency=56.7s
     wrong   pred='\\( \\sum_{k=1}^{\\infty} \\frac{(-1)^{k-...' tokens=1965 visible=516 reason=- cost=- latency=54.8s
     wrong   pred='The set of limit points is \\((0, 1)\\).' tokens=1066 visible=416 reason=- cost=- latency=55.5s
     wrong   pred='\\( \\{2\\} \\)' tokens=1479 visible=361 reason=- cost=- latency=53.2s
     correct pred='Yes' tokens=709 visible=210 reason=- cost=- latency=51.0s
     correct pred='Yes' tokens=978 visible=190 reason=- cost=- latency=49.3s
     wrong   pred='\\((\\pi r)^2\\)' tokens=725 visible=215 reason=- cost=- latency=37.7s
     correct pred='\\(\\pi^2 r^2\\)' tokens=1131 visible=160 reason=- cost=- latency=27.2s
     correct pred='True' tokens=1251 visible=464 reason=- cost=- latency=28.8s
     correct pred='True' tokens=1780 visible=435 reason=- cost=- latency=31.0s
     wrong   pred='\\(2\\pi\\)' tokens=1044 visible=586 reason=- cost=- latency=34.7s
     wrong   pred='8' tokens=1493 visible=564 reason=- cost=- latency=39.6s
     wrong   pred='\\(\\mathbb{F}_9\\)' tokens=1723 visible=697 reason=- cost=- latency=53.9s
     wrong   pred='\\(\\mathbb{F}_9\\)' tokens=1832 visible=489 reason=- cost=- latency=63.7s
     correct pred='256' tokens=1368 visible=433 reason=- cost=- latency=65.0s
     correct pred='256' tokens=1967 visible=435 reason=- cost=- latency=67.0s
     wrong   pred='The only continuous function satisfyi...' tokens=1109 visible=457 reason=- cost=- latency=67.6s
     wrong   pred='\\( f(x) = \\frac{C}{x} \\) for any cons...' tokens=1332 visible=300 reason=- cost=- latency=64.8s
     wrong   pred='\\( b = 12 \\).' tokens=755 visible=203 reason=- cost=- latency=51.9s
     correct pred='12' tokens=1067 visible=177 reason=- cost=- latency=43.3s
     correct pred='\\( 25(e - 1) \\)' tokens=773 visible=250 reason=- cost=- latency=38.3s
     correct pred='\\( 25(e - 1) \\).' tokens=1310 visible=368 reason=- cost=- latency=35.9s
     wrong   pred='The identity holds true due to the bi...' tokens=993 visible=394 reason=- cost=- latency=34.7s
     wrong   pred='The identity holds for \\(n \\ge 0\\).' tokens=1366 visible=330 reason=- cost=- latency=36.5s
     wrong   pred='There is exactly one value of \\(\\alph...' tokens=1385 visible=508 reason=- cost=- latency=43.5s
     wrong   pred='11' tokens=1702 visible=391 reason=- cost=- latency=48.3s
     wrong   pred='\\frac{1}{3}' tokens=1230 visible=439 reason=- cost=- latency=53.0s
     wrong   pred='\\( e - \\frac{3}{2} \\)' tokens=1519 visible=318 reason=- cost=- latency=52.2s
     correct pred='$-\\infty$' tokens=612 visible=160 reason=- cost=- latency=48.0s
     correct pred='\\(-\\infty\\)' tokens=1080 visible=285 reason=- cost=- latency=46.4s
     correct pred='\\(52!\\)' tokens=789 visible=324 reason=- cost=- latency=39.4s
     correct pred='\\(52!\\)' tokens=1109 visible=227 reason=- cost=- latency=34.1s

------------------------------------------------------------------------------
Prelim Eval (1800/4000 calls, elapsed 16057.4s)
------------------------------------------------------------------------------
+---+---------+----------+--------------------+---------+--------------+-------------+----------+------------+------------+-------------+----------+
| k | correct | accuracy | bar                | mean in | mean visible | mean reason | mean out | mean total | reason sum | limit flags | cost     |
+---+---------+----------+--------------------+---------+--------------+-------------+----------+------------+------------+-------------+----------+
| 1 | 342/900 | 38.0%    | #######........... | 544.3   | 401.5        | -           | 598.1    | 1142.3     | -          | 3           | 0.000000 |
| 2 | 363/900 | 40.3%    | #######........... | 996.6   | 381.2        | -           | 578.4    | 1574.9     | -          | 2           | 0.000000 |
+---+---------+----------+--------------------+---------+--------------+-------------+----------+------------+------------+-------------+----------+
------------------------------------------------------------------------------
     correct pred='\\(\\frac{18}{343}\\).' tokens=908 visible=332 reason=- cost=- latency=30.5s
     correct pred='\\(\\frac{18}{343}\\)' tokens=1206 visible=252 reason=- cost=- latency=28.4s
     wrong   pred='The limit \\(\\lim_{n \\to \\infty} T_n =...' tokens=1614 visible=647 reason=- cost=- latency=39.3s
     correct pred='0' tokens=1856 visible=555 reason=- cost=- latency=43.2s
     wrong   pred='Yes, \\(f\\) necessarily maps \\(T\\) ont...' tokens=1193 visible=376 reason=- cost=- latency=45.6s
     wrong   pred='Yes, \\(f\\) necessarily maps \\(T\\) ont...' tokens=2089 visible=515 reason=- cost=- latency=53.0s
     wrong   pred='The value of the integral is \\( 0 \\).' tokens=1027 visible=388 reason=- cost=- latency=54.4s
     correct pred='0' tokens=1492 visible=450 reason=- cost=- latency=57.8s
     wrong   pred='There is no maximum value for the sum...' tokens=509 visible=136 reason=- cost=- latency=45.6s
     wrong   pred='180 degrees' tokens=825 visible=152 reason=- cost=- latency=38.4s
     wrong   pred='The problem statement is correct in a...' tokens=2095 visible=1002 reason=- cost=- latency=54.9s
     wrong   pred='Disproved' tokens=1846 visible=641 reason=- cost=- latency=58.2s
     correct pred='Yes.' tokens=904 visible=287 reason=- cost=- latency=55.9s
     correct pred='Yes' tokens=1415 visible=368 reason=- cost=- latency=53.9s
     wrong   pred='$\\frac{1}{4}$.' tokens=1096 visible=369 reason=- cost=- latency=61.5s
     wrong   pred='\\frac{1}{4}' tokens=1598 visible=440 reason=- cost=- latency=71.1s
     correct pred='-1990' tokens=1086 visible=402 reason=- cost=- latency=56.1s
     correct pred='\\(-1990\\)' tokens=1329 visible=248 reason=- cost=- latency=48.0s
     correct pred='544' tokens=809 visible=199 reason=- cost=- latency=46.9s
     correct pred='544' tokens=1225 visible=191 reason=- cost=- latency=44.6s
     correct pred='50' tokens=1548 visible=461 reason=- cost=- latency=45.5s
     wrong   pred='27' tokens=2227 visible=373 reason=- cost=- latency=43.1s
     wrong   pred='x_n = 0' tokens=1109 visible=435 reason=- cost=- latency=43.3s
     wrong   pred='\\(x_n = 0\\) for all \\(n\\).' tokens=1344 visible=281 reason=- cost=- latency=43.2s
     correct pred='12' tokens=616 visible=227 reason=- cost=- latency=42.6s
     correct pred='12' tokens=792 visible=161 reason=- cost=- latency=40.8s
     wrong   pred='kT' tokens=1015 visible=334 reason=- cost=- latency=37.6s
     correct pred='\\(\\frac{kT}{2}\\)' tokens=1379 visible=287 reason=- cost=- latency=34.5s
     wrong   pred='-5' tokens=1624 visible=582 reason=- cost=- latency=40.7s
     correct pred='-7' tokens=1594 visible=292 reason=- cost=- latency=42.0s
     correct pred='$\\frac{1}{5}$' tokens=1121 visible=331 reason=- cost=- latency=46.6s
     correct pred='\\frac{1}{5}' tokens=1503 visible=297 reason=- cost=- latency=51.7s
     wrong   pred='\\( 2I - 1 + \\frac{1}{e} \\)' tokens=1185 visible=473 reason=- cost=- latency=55.1s
     wrong   pred='\\(0\\).' tokens=1494 visible=438 reason=- cost=- latency=58.8s
     wrong   pred='48' tokens=1453 visible=534 reason=- cost=- latency=57.2s
     wrong   pred='50' tokens=1342 visible=262 reason=- cost=- latency=55.4s
     wrong   pred='20' tokens=758 visible=160 reason=- cost=- latency=50.7s
     wrong   pred='40' tokens=1176 visible=173 reason=- cost=- latency=46.9s
     wrong   pred='\\(a = 6\\)' tokens=795 visible=248 reason=- cost=- latency=41.1s
     correct pred='\\(6\\)' tokens=1143 visible=240 reason=- cost=- latency=36.1s
     correct pred='\\( 2^{2014} \\).' tokens=1004 visible=238 reason=- cost=- latency=28.8s
     wrong   pred='\\( 2^{2013} \\).' tokens=1538 visible=260 reason=- cost=- latency=30.0s
     wrong   pred='18' tokens=656 visible=226 reason=- cost=- latency=31.0s
     wrong   pred='18' tokens=896 visible=231 reason=- cost=- latency=31.8s
     correct pred='\\(\\frac{1}{p+1}\\)' tokens=862 visible=211 reason=- cost=- latency=31.4s
     correct pred='\\(\\frac{1}{p+1}\\)' tokens=1426 visible=275 reason=- cost=- latency=32.6s
     correct pred='Yes.' tokens=1151 visible=324 reason=- cost=- latency=31.3s
     correct pred='Yes.' tokens=1897 visible=304 reason=- cost=- latency=29.5s
     wrong   pred='\\(10 \\binom{29}{9}\\).' tokens=1124 visible=275 reason=- cost=- latency=32.3s
     wrong   pred='\\( 10 \\binom{29}{9} \\).' tokens=1625 visible=271 reason=- cost=- latency=35.1s
     correct pred='\\( D_4 \\)' tokens=1342 visible=595 reason=- cost=- latency=43.4s
     correct pred='\\( D_4 \\)' tokens=1395 visible=419 reason=- cost=- latency=45.8s
     correct pred='\\( \\frac{1}{k} \\)' tokens=799 visible=302 reason=- cost=- latency=47.1s
     correct pred='\\(\\frac{1}{k}\\)' tokens=830 visible=130 reason=- cost=- latency=44.7s
     wrong   pred='1009' tokens=1487 visible=457 reason=- cost=- latency=51.0s
     correct pred='2018' tokens=1880 visible=471 reason=- cost=- latency=56.8s
     wrong   pred='Yes, all nonsingular matrices $M$ res...' tokens=546 visible=93 reason=- cost=- latency=45.3s
     wrong   pred='Yes, all nonsingular matrices \\( M \\)...' tokens=898 visible=89 reason=- cost=- latency=38.2s
     wrong   pred='The radius of the smaller circle is \\...' tokens=957 visible=379 reason=- cost=- latency=39.7s
     wrong   pred='\\frac{1}{2}' tokens=1198 visible=318 reason=- cost=- latency=43.3s
     wrong   pred='The condition for a unique solution t...' tokens=834 visible=195 reason=- cost=- latency=32.4s
     correct pred='\\(ac + bd \\neq 0\\).' tokens=1416 visible=198 reason=- cost=- latency=22.7s
     correct pred='\\(\\frac{1}{2}\\).' tokens=978 visible=365 reason=- cost=- latency=29.1s
     correct pred='\\( \\frac{1}{2} \\).' tokens=1460 visible=477 reason=- cost=- latency=38.0s
     correct pred='\\(-5\\)' tokens=1179 visible=318 reason=- cost=- latency=39.6s
     wrong   pred='\\( p^5 + q^5 + r^5 = -5 \\).' tokens=1706 visible=357 reason=- cost=- latency=43.8s
     wrong   pred='Yes, \\( E \\setminus F \\) can be dense...' tokens=917 visible=336 reason=- cost=- latency=46.5s
     wrong   pred='Yes, \\( E \\setminus F \\) can be dense...' tokens=1394 visible=339 reason=- cost=- latency=49.2s
     correct pred='\\(\\sqrt{e}\\)' tokens=1130 visible=354 reason=- cost=- latency=49.7s
     correct pred='\\(\\sqrt{e}\\)' tokens=1637 visible=374 reason=- cost=- latency=48.6s
     correct pred='\\( 2^t \\)' tokens=955 visible=248 reason=- cost=- latency=44.8s
     correct pred='\\(2^t\\)' tokens=1446 visible=208 reason=- cost=- latency=39.9s
     wrong   pred='$\\infty$' tokens=1232 visible=408 reason=- cost=- latency=44.2s
     wrong   pred='\\frac{1}{16}' tokens=1833 visible=436 reason=- cost=- latency=50.3s
     wrong   pred='$\\frac{2}{21}$.' tokens=1059 visible=354 reason=- cost=- latency=49.8s
     wrong   pred='$\\frac{2}{21}$' tokens=1415 visible=303 reason=- cost=- latency=47.6s
     wrong   pred='Yes, polynomials of the form \\( \\sum_...' tokens=1004 visible=430 reason=- cost=- latency=49.5s
     wrong   pred='Yes, polynomials of the form \\( \\sum_...' tokens=1323 visible=332 reason=- cost=- latency=49.9s
     correct pred='$\\frac{x}{n}$' tokens=761 visible=195 reason=- cost=- latency=43.7s
     correct pred='$\\frac{x}{n}$' tokens=1007 visible=79 reason=- cost=- latency=32.7s
     correct pred='\\( \\sqrt{2} \\)' tokens=723 visible=211 reason=- cost=- latency=28.8s
     correct pred='\\(\\sqrt{2}\\)' tokens=1012 visible=157 reason=- cost=- latency=24.9s
     wrong   pred='\\( 72 \\)' tokens=1471 visible=531 reason=- cost=- latency=29.3s
     wrong   pred='528' tokens=2013 visible=514 reason=- cost=- latency=34.8s
     correct pred='\\(\\frac{\\pi}{4}\\).' tokens=1370 visible=455 reason=- cost=- latency=41.4s
     correct pred='\\frac{\\pi}{4}' tokens=1792 visible=379 reason=- cost=- latency=48.2s
     wrong   pred='Yes, it is true that for any open nei...' tokens=1024 visible=260 reason=- cost=- latency=49.2s
     correct pred='Yes.' tokens=1520 visible=176 reason=- cost=- latency=49.7s
     wrong   pred='\\(3\\sqrt{2}\\)' tokens=1397 visible=568 reason=- cost=- latency=52.6s
     wrong   pred='\\(3\\sqrt{2}\\).' tokens=1933 visible=634 reason=- cost=- latency=59.4s
     wrong   pred='Such a function exists, for example, ...' tokens=1473 visible=673 reason=- cost=- latency=63.5s
     wrong   pred='Yes, there exists a function \\( f(x) ...' tokens=1465 visible=420 reason=- cost=- latency=63.9s
     correct pred='$\\frac{3}{5}$' tokens=1055 visible=325 reason=- cost=- latency=66.9s
     wrong   pred='\\(0\\)' tokens=1592 visible=405 reason=- cost=- latency=73.4s
     wrong   pred='0.5000' tokens=1613 visible=676 reason=- cost=- latency=75.6s
     wrong   pred='0.5748' tokens=2153 visible=696 reason=- cost=- latency=76.5s
     correct pred='\\( \\frac{528}{49} \\)' tokens=889 visible=283 reason=- cost=- latency=67.4s
     correct pred='\\(\\frac{528}{49}\\).' tokens=1304 visible=264 reason=- cost=- latency=64.0s
     correct pred='\\(-\\frac{\\sqrt{3}}{2}\\)' tokens=731 visible=195 reason=- cost=- latency=60.1s
     correct pred='$-\\frac{\\sqrt{3}}{2}$.' tokens=1055 visible=168 reason=- cost=- latency=53.9s

------------------------------------------------------------------------------
Prelim Eval (1900/4000 calls, elapsed 16828.5s)
------------------------------------------------------------------------------
+---+---------+----------+--------------------+---------+--------------+-------------+----------+------------+------------+-------------+----------+
| k | correct | accuracy | bar                | mean in | mean visible | mean reason | mean out | mean total | reason sum | limit flags | cost     |
+---+---------+----------+--------------------+---------+--------------+-------------+----------+------------+------------+-------------+----------+
| 1 | 364/950 | 38.3%    | #######........... | 543.7   | 399.7        | -           | 595.6    | 1139.3     | -          | 3           | 0.000000 |
| 2 | 389/950 | 40.9%    | #######........... | 995.4   | 378.3        | -           | 573.4    | 1568.8     | -          | 2           | 0.000000 |
+---+---------+----------+--------------------+---------+--------------+-------------+----------+------------+------------+-------------+----------+
------------------------------------------------------------------------------
     correct pred='Yes' tokens=951 visible=360 reason=- cost=- latency=42.5s
     correct pred='Yes' tokens=1468 visible=353 reason=- cost=- latency=29.4s
     correct pred='\\( \\frac{\\pi}{2} \\).' tokens=1180 visible=402 reason=- cost=- latency=34.2s
     correct pred='\\( \\frac{\\pi}{2} \\).' tokens=1481 visible=374 reason=- cost=- latency=38.0s
     correct pred='Yes.' tokens=1068 visible=510 reason=- cost=- latency=41.2s
     correct pred='Yes.' tokens=1394 visible=324 reason=- cost=- latency=42.4s
     wrong   pred='45 = 3^2 \\times 5, \\quad 40 = 2^3 \\ti...' tokens=2548 visible=1127 reason=- cost=- latency=67.0s flags=hit_max_tokens
     token warning: completion=2048/2048, reasoning=-, visible=1127
     wrong   pred='189' tokens=1720 visible=426 reason=- cost=- latency=73.4s
     wrong   pred='Yes, the sequence \\( f \\) is bounded ...' tokens=1067 visible=358 reason=- cost=- latency=70.7s
     wrong   pred='Yes, we can conclude that \\( f \\) is ...' tokens=1497 visible=338 reason=- cost=- latency=68.6s
     wrong   pred='$\\ln 2$' tokens=1778 visible=627 reason=- cost=- latency=79.1s
     wrong   pred='\\( 0 \\)' tokens=2209 visible=629 reason=- cost=- latency=91.4s
     correct pred='\\( e^2 \\)' tokens=1019 visible=266 reason=- cost=- latency=68.6s
     correct pred='\\( e^2 \\)' tokens=1459 visible=260 reason=- cost=- latency=63.6s
     wrong   pred='Yes, it is possible for \\(\\mathbb{P}[...' tokens=965 visible=348 reason=- cost=- latency=62.5s
     correct pred='Yes.' tokens=1408 visible=370 reason=- cost=- latency=61.8s
     correct pred='10.' tokens=1529 visible=426 reason=- cost=- latency=56.9s
     correct pred='10' tokens=2075 visible=448 reason=- cost=- latency=52.4s
     wrong   pred='e_1 p_2 - 3e_2' tokens=1408 visible=339 reason=- cost=- latency=55.1s
     wrong   pred='\\( 2(e_3 - e_2) \\)' tokens=2021 visible=351 reason=- cost=- latency=57.5s
     wrong   pred='It is impossible to convert all the c...' tokens=1030 visible=333 reason=- cost=- latency=57.9s
     wrong   pred='18' tokens=1734 visible=583 reason=- cost=- latency=61.9s
     wrong   pred='\\frac{10}{7}' tokens=1468 visible=564 reason=- cost=- latency=63.9s
     wrong   pred='\\(9x^2y^2 + 1\\)' tokens=1435 visible=429 reason=- cost=- latency=60.3s
     wrong   pred='Yes, there exists a morphism of group...' tokens=909 visible=250 reason=- cost=- latency=55.0s
     wrong   pred='Yes, there exists a morphism of group...' tokens=1724 visible=464 reason=- cost=- latency=54.5s
     correct pred='51' tokens=746 visible=250 reason=- cost=- latency=52.6s
     correct pred='51' tokens=1111 visible=286 reason=- cost=- latency=47.9s
     wrong   pred='\\(\\frac{10}{3}\\).' tokens=1357 visible=445 reason=- cost=- latency=44.6s
     correct pred='\\( \\frac{4}{3} \\).' tokens=1827 visible=477 reason=- cost=- latency=46.8s
     wrong   pred='Yes, there exists an element \\( U \\in...' tokens=1113 visible=477 reason=- cost=- latency=49.9s
     wrong   pred='Yes, there exists a mapping class $U$...' tokens=1482 visible=309 reason=- cost=- latency=46.4s
     correct pred='\\( \\frac{1}{\\pi} \\).' tokens=1069 visible=328 reason=- cost=- latency=48.8s
     correct pred='\\frac{1}{\\pi}' tokens=1485 visible=269 reason=- cost=- latency=49.6s
     correct pred='True' tokens=1121 visible=392 reason=- cost=- latency=46.0s
     correct pred='True' tokens=1636 visible=348 reason=- cost=- latency=42.8s
     correct pred='18' tokens=605 visible=183 reason=- cost=- latency=38.4s
     correct pred='18' tokens=903 visible=166 reason=- cost=- latency=36.1s
     wrong   pred='The limit equals a finite value, not ...' tokens=1063 visible=382 reason=- cost=- latency=37.4s
     wrong   pred='The limit equals infinity.' tokens=1477 visible=365 reason=- cost=- latency=40.2s
     wrong   pred='Yes, \\( f \\) is a homeomorphism.' tokens=854 visible=314 reason=- cost=- latency=37.1s
     wrong   pred='Yes, \\( f \\) is a homeomorphism.' tokens=1323 visible=357 reason=- cost=- latency=33.9s
     wrong   pred='14' tokens=715 visible=236 reason=- cost=- latency=34.8s
     wrong   pred='The expected time for the population ...' tokens=1097 visible=263 reason=- cost=- latency=36.1s
     wrong   pred='\\(z_{xy} = -10\\)' tokens=1227 visible=342 reason=- cost=- latency=36.0s
     wrong   pred='$2$' tokens=1992 visible=434 reason=- cost=- latency=38.2s
     correct pred='\\(-1 + 12i\\)' tokens=600 visible=143 reason=- cost=- latency=36.7s
     correct pred='\\(-1 + 12i\\)' tokens=842 visible=111 reason=- cost=- latency=34.2s
     wrong   pred='0' tokens=1441 visible=459 reason=- cost=- latency=42.0s
     wrong   pred='0' tokens=1761 visible=330 reason=- cost=- latency=46.2s
     wrong   pred='2000' tokens=890 visible=229 reason=- cost=- latency=43.1s
     wrong   pred='10000.' tokens=1379 visible=267 reason=- cost=- latency=38.1s
     wrong   pred='\\( x \\approx 0.367 \\)' tokens=1307 visible=525 reason=- cost=- latency=45.9s
     wrong   pred='\\(x = \\ln(2)\\)' tokens=1641 visible=440 reason=- cost=- latency=52.6s
     wrong   pred='401' tokens=1670 visible=644 reason=- cost=- latency=57.3s
     wrong   pred='\\[ a + c - b =' tokens=3022 visible=1067 reason=- cost=- latency=78.7s flags=hit_max_tokens
     token warning: completion=2048/2048, reasoning=-, visible=1067
     wrong   pred='Yes, if $(i(y_n))_n$ is another seque...' tokens=1254 visible=450 reason=- cost=- latency=83.0s
     wrong   pred='Yes, \\((f(y_n))_n\\) converges to \\(q\\...' tokens=1648 visible=392 reason=- cost=- latency=84.7s
     wrong   pred='There exists a non-zero function \\( f...' tokens=1256 visible=421 reason=- cost=- latency=82.1s
     wrong   pred='Yes, there exists a non-zero function...' tokens=2215 visible=562 reason=- cost=- latency=86.3s
     wrong   pred='\\(1\\)' tokens=1002 visible=268 reason=- cost=- latency=76.1s
     wrong   pred='1' tokens=1711 visible=374 reason=- cost=- latency=55.7s
     wrong   pred='\\(e^{1/2}\\).' tokens=1352 visible=484 reason=- cost=- latency=57.9s
     wrong   pred='$e^{1/2}$' tokens=1842 visible=479 reason=- cost=- latency=62.6s
     wrong   pred='6' tokens=1050 visible=285 reason=- cost=- latency=60.8s
     wrong   pred='0' tokens=1518 visible=240 reason=- cost=- latency=53.6s
     wrong   pred='The signature of matrix \\( B \\) is (3...' tokens=882 visible=314 reason=- cost=- latency=53.1s
     wrong   pred='The signature of matrix \\( B \\) is (3...' tokens=1293 visible=319 reason=- cost=- latency=49.8s
     correct pred='Yes' tokens=504 visible=53 reason=- cost=- latency=38.8s
     wrong   pred='Yes, every real, symmetric matrix can...' tokens=901 visible=88 reason=- cost=- latency=27.8s
     wrong   pred='\\( a = 1 \\).' tokens=1316 visible=561 reason=- cost=- latency=34.0s
     wrong   pred='\\( a = 1 \\).' tokens=2011 visible=718 reason=- cost=- latency=45.5s
     wrong   pred='\\(p^2\\)' tokens=1501 visible=532 reason=- cost=- latency=52.6s
     wrong   pred='\\( -p^6 + 4p^5 - p^4 - 9p^3 + 4p^2 - ...' tokens=2289 visible=567 reason=- cost=- latency=63.3s
     wrong   pred='\\frac{2\\pi}{3}' tokens=1557 visible=560 reason=- cost=- latency=76.6s
     wrong   pred='$\\pi$' tokens=1831 visible=412 reason=- cost=- latency=86.3s
     correct pred='\\(0\\)' tokens=937 visible=226 reason=- cost=- latency=78.6s
     correct pred='\\(0\\)' tokens=1426 visible=226 reason=- cost=- latency=65.8s
     wrong   pred='4' tokens=940 visible=458 reason=- cost=- latency=59.8s
     wrong   pred='8' tokens=1334 visible=400 reason=- cost=- latency=49.8s
     wrong   pred='\\frac{\\sqrt{3}}{2}' tokens=841 visible=293 reason=- cost=- latency=41.6s
     correct pred='\\(\\sqrt{3}\\).' tokens=1014 visible=200 reason=- cost=- latency=34.0s
     correct pred='31' tokens=978 visible=293 reason=- cost=- latency=34.9s
     wrong   pred='The only prime number of the form \\( ...' tokens=1508 visible=303 reason=- cost=- latency=36.9s
     wrong   pred='\\(-y e^{-2y}\\).' tokens=967 visible=263 reason=- cost=- latency=37.4s
     wrong   pred='\\(-y e^{-2y}\\).' tokens=1349 visible=301 reason=- cost=- latency=38.0s
     wrong   pred='4' tokens=1379 visible=462 reason=- cost=- latency=43.7s
     correct pred='7' tokens=1977 visible=515 reason=- cost=- latency=53.4s
     correct pred='Yes.' tokens=1169 visible=421 reason=- cost=- latency=55.4s
     wrong   pred='Yes, it is always true that \\(x\\) is ...' tokens=1763 visible=419 reason=- cost=- latency=57.2s
     wrong   pred='The exponential generating function f...' tokens=911 visible=351 reason=- cost=- latency=55.8s
     wrong   pred='$\\exp(e^x - x - 1)$' tokens=1348 visible=386 reason=- cost=- latency=54.5s
     wrong   pred='\\(-3\\pi\\)' tokens=1604 visible=581 reason=- cost=- latency=56.2s
     wrong   pred='\\( (0, 0, -3\\pi) \\)' tokens=2308 visible=583 reason=- cost=- latency=57.7s
     wrong   pred='\\( P(X_1 + X_2 < 2, X_1 - X_2 > 0) \\a...' tokens=1608 visible=748 reason=- cost=- latency=65.3s
     wrong   pred='0.0952' tokens=1782 visible=507 reason=- cost=- latency=68.1s
     correct pred='\\(p-1\\)' tokens=907 visible=262 reason=- cost=- latency=66.7s
     correct pred='\\( p-1 \\)' tokens=1393 visible=241 reason=- cost=- latency=64.6s
     correct pred='Yes' tokens=400 visible=5 reason=- cost=- latency=51.4s
     correct pred='Yes' tokens=701 visible=5 reason=- cost=- latency=36.8s

------------------------------------------------------------------------------
Prelim Eval (2000/4000 calls, elapsed 17707.2s)
------------------------------------------------------------------------------
+---+----------+----------+--------------------+---------+--------------+-------------+----------+------------+------------+-------------+----------+
| k | correct  | accuracy | bar                | mean in | mean visible | mean reason | mean out | mean total | reason sum | limit flags | cost     |
+---+----------+----------+--------------------+---------+--------------+-------------+----------+------------+------------+-------------+----------+
| 1 | 380/1000 | 38.0%    | #######........... | 543.9   | 399.3        | -           | 595.4    | 1139.3     | -          | 4           | 0.000000 |
| 2 | 406/1000 | 40.6%    | #######........... | 995.8   | 378.5        | -           | 574.4    | 1570.1     | -          | 3           | 0.000000 |
+---+----------+----------+--------------------+---------+--------------+-------------+----------+------------+------------+-------------+----------+
------------------------------------------------------------------------------
     wrong   pred='5' tokens=1945 visible=865 reason=- cost=- latency=41.2s
     wrong   pred='\\(5\\).' tokens=2367 visible=805 reason=- cost=- latency=48.8s
     wrong   pred='Yes, the sequence of their transposes...' tokens=933 visible=251 reason=- cost=- latency=49.5s
     correct pred='Yes' tokens=1427 visible=255 reason=- cost=- latency=50.9s
     wrong   pred='\\( t < 2 \\)' tokens=864 visible=308 reason=- cost=- latency=55.5s
     wrong   pred='\\( t < 2 \\)' tokens=1395 visible=336 reason=- cost=- latency=61.4s
     correct pred='\\((-e, e)\\).' tokens=1204 visible=467 reason=- cost=- latency=52.5s
     correct pred='(-e, e)' tokens=1348 visible=382 reason=- cost=- latency=41.6s
     correct pred='\\(\\frac{k}{n}\\)' tokens=1127 visible=371 reason=- cost=- latency=43.2s
     correct pred='\\(\\frac{k}{n}\\)' tokens=1499 visible=191 reason=- cost=- latency=41.8s
     wrong   pred='No such triangle exists.' tokens=1141 visible=422 reason=- cost=- latency=45.9s
     wrong   pred='No' tokens=1543 visible=416 reason=- cost=- latency=48.3s
     wrong   pred='(4, 13)' tokens=1115 visible=315 reason=- cost=- latency=45.9s
     wrong   pred='(9, 9)' tokens=1614 visible=357 reason=- cost=- latency=47.3s
     wrong   pred='\\( p \\)' tokens=1032 visible=379 reason=- cost=- latency=47.1s
     wrong   pred='2p' tokens=1520 visible=371 reason=- cost=- latency=49.9s
     wrong   pred='Yes, there exists a positive number \\...' tokens=962 visible=373 reason=- cost=- latency=48.0s
     wrong   pred='Yes, there exists a positive number \\...' tokens=1268 visible=355 reason=- cost=- latency=45.5s
     correct pred='32' tokens=659 visible=179 reason=- cost=- latency=39.6s
     correct pred='32' tokens=1210 visible=342 reason=- cost=- latency=35.0s
     wrong   pred='\\(-4\\).' tokens=1232 visible=409 reason=- cost=- latency=38.3s
     wrong   pred='\\(-4\\).' tokens=1665 visible=455 reason=- cost=- latency=41.7s
     correct pred='\\frac{1}{100}' tokens=1151 visible=386 reason=- cost=- latency=44.4s
     correct pred='\\frac{1}{100}' tokens=1174 visible=190 reason=- cost=- latency=42.9s
     wrong   pred='Yes, there exists such a nonzero smoo...' tokens=1224 visible=533 reason=- cost=- latency=48.2s
     wrong   pred='Yes, there exists such a nonzero smoo...' tokens=1665 visible=448 reason=- cost=- latency=49.0s
     wrong   pred='Yes, the matrix elements of \\( H \\) a...' tokens=739 visible=231 reason=- cost=- latency=43.1s
     correct pred='Yes.' tokens=1191 visible=324 reason=- cost=- latency=38.2s
     wrong   pred='\\(\\delta_0\\)' tokens=892 visible=304 reason=- cost=- latency=34.1s
     wrong   pred='\\(\\delta_0\\)' tokens=1508 visible=431 reason=- cost=- latency=38.0s
     correct pred='\\(0\\)' tokens=704 visible=184 reason=- cost=- latency=33.3s
     correct pred='\\( 0 \\)' tokens=1334 visible=347 reason=- cost=- latency=34.4s
     wrong   pred='Yes, \\( Y \\) is necessarily a Banach ...' tokens=791 visible=277 reason=- cost=- latency=34.7s
     correct pred='Yes.' tokens=1242 visible=329 reason=- cost=- latency=34.9s
     correct pred='$1 \\frac{2}{3}$' tokens=678 visible=244 reason=- cost=- latency=33.4s
     correct pred='$1 \\frac{2}{3}$' tokens=968 visible=229 reason=- cost=- latency=28.9s
     wrong   pred='4' tokens=1213 visible=381 reason=- cost=- latency=34.9s
     wrong   pred='The period of the function $\\varphi$ ...' tokens=1659 visible=470 reason=- cost=- latency=36.9s
     correct pred='\\frac{2^d \\sqrt{d}}{(d-1)!}' tokens=1171 visible=418 reason=- cost=- latency=40.3s
     wrong   pred='\\frac{2^d}{d!}' tokens=1810 visible=457 reason=- cost=- latency=44.2s
     wrong   pred='$\\overline{A_1}^{X_\\infty} \\cap \\over...' tokens=1010 visible=308 reason=- cost=- latency=45.9s
     wrong   pred='$\\overline{A_1}^{X_\\infty} \\cap \\over...' tokens=1713 visible=379 reason=- cost=- latency=50.2s
     wrong   pred='The set \\( B \\) is a vector subspace ...' tokens=1083 visible=466 reason=- cost=- latency=52.0s
     wrong   pred='The set \\( B \\) is a vector subspace ...' tokens=1140 visible=419 reason=- cost=- latency=51.8s
     wrong   pred='\\[ \\frac{e^{-t}}{\\sqrt{t}} \\int_0^{\\s...' tokens=1309 visible=437 reason=- cost=- latency=55.7s
     wrong   pred='\\frac{e^{-t}}{\\sqrt{t}} \\left( \\int_0...' tokens=1697 visible=440 reason=- cost=- latency=58.2s
     correct pred='\\(12\\)' tokens=965 visible=306 reason=- cost=- latency=58.7s
     correct pred='\\(12\\)' tokens=1827 visible=463 reason=- cost=- latency=62.8s
     wrong   pred='Yes, it follows that \\(\\lim_{n \\right...' tokens=1041 visible=424 reason=- cost=- latency=60.0s
     correct pred='Yes.' tokens=1077 visible=167 reason=- cost=- latency=54.7s
     wrong   pred='22.5' tokens=754 visible=167 reason=- cost=- latency=46.6s
     wrong   pred='22.5' tokens=1130 visible=150 reason=- cost=- latency=38.1s
     wrong   pred='40' tokens=1166 visible=539 reason=- cost=- latency=41.0s
     wrong   pred='1024' tokens=1451 visible=431 reason=- cost=- latency=35.5s
     wrong   pred='\\(D = A^2 - 4B\\)' tokens=736 visible=176 reason=- cost=- latency=31.0s
     wrong   pred='\\(D = A^2 - 4B\\)' tokens=1094 visible=166 reason=- cost=- latency=31.1s
     correct pred='\\(-\\frac{10}{9}\\).' tokens=757 visible=165 reason=- cost=- latency=31.6s
     correct pred='\\(-\\frac{10}{9}\\).' tokens=1134 visible=174 reason=- cost=- latency=32.8s
     wrong   pred='$16 + 8\\sqrt{2}$' tokens=1175 visible=440 reason=- cost=- latency=33.2s
     wrong   pred='52.5 + 4\\sqrt{2} + 2\\sqrt{29}' tokens=2027 visible=594 reason=- cost=- latency=42.4s
     wrong   pred='$-\\frac{e}{6}$' tokens=1346 visible=448 reason=- cost=- latency=49.4s
     wrong   pred='$\\frac{3}{2}$' tokens=1708 visible=339 reason=- cost=- latency=54.8s
     correct pred='$g(1)$' tokens=1146 visible=359 reason=- cost=- latency=57.9s
     correct pred='\\( g(1) \\)' tokens=1703 visible=371 reason=- cost=- latency=60.8s
     wrong   pred='\\(\\alpha < 1\\)' tokens=1035 visible=347 reason=- cost=- latency=58.5s
     wrong   pred='\\alpha < 1' tokens=1746 visible=535 reason=- cost=- latency=53.6s
     wrong   pred='\\(e^{-1}\\)' tokens=1154 visible=437 reason=- cost=- latency=52.3s
     correct pred='\\frac{1}{e}' tokens=1789 visible=563 reason=- cost=- latency=56.2s
     wrong   pred='It is not necessarily possible for th...' tokens=660 visible=296 reason=- cost=- latency=53.2s
     correct pred='Yes.' tokens=1057 visible=392 reason=- cost=- latency=51.9s
     correct pred='Yes' tokens=821 visible=106 reason=- cost=- latency=46.6s
     correct pred='Yes' tokens=1412 visible=91 reason=- cost=- latency=37.2s
     correct pred='332640' tokens=831 visible=253 reason=- cost=- latency=32.5s
     wrong   pred='5040' tokens=1357 visible=379 reason=- cost=- latency=26.5s
     correct pred='\\(\\frac{\\pi}{2}\\)' tokens=1219 visible=431 reason=- cost=- latency=31.7s
     correct pred='\\( \\frac{\\pi}{2} \\)' tokens=1731 visible=552 reason=- cost=- latency=36.0s
     wrong   pred='Yes, X is necessarily an Alexandrov t...' tokens=590 visible=106 reason=- cost=- latency=35.6s
     wrong   pred='Yes, \\(X\\) is necessarily an Alexandr...' tokens=1060 visible=160 reason=- cost=- latency=36.3s
     wrong   pred='\\( k \\geq \\frac{1}{2e^2} \\)' tokens=1392 visible=566 reason=- cost=- latency=44.2s
     wrong   pred='\\( k = \\frac{1}{2e^2} \\).' tokens=1483 visible=339 reason=- cost=- latency=45.8s
     correct pred='47' tokens=844 visible=193 reason=- cost=- latency=40.9s
     correct pred='47' tokens=1170 visible=131 reason=- cost=- latency=33.6s
     correct pred='\\(2\\pi^4 > 195\\)' tokens=1252 visible=417 reason=- cost=- latency=43.5s
     correct pred='\\( 2\\pi^4 > 195 \\).' tokens=1343 visible=264 reason=- cost=- latency=48.4s
     wrong   pred='\\frac{\\pi}{2}' tokens=1338 visible=433 reason=- cost=- latency=47.1s
     wrong   pred='\\frac{3\\pi}{8}' tokens=1978 visible=560 reason=- cost=- latency=53.1s
     wrong   pred='3' tokens=1379 visible=497 reason=- cost=- latency=60.4s
     wrong   pred='357' tokens=1612 visible=364 reason=- cost=- latency=65.8s
     wrong   pred='87653' tokens=898 visible=297 reason=- cost=- latency=60.0s
     wrong   pred='98754' tokens=1322 visible=289 reason=- cost=- latency=58.3s
     wrong   pred='The identity holds true.' tokens=894 visible=396 reason=- cost=- latency=53.5s
     wrong   pred='The identity holds true.' tokens=963 visible=180 reason=- cost=- latency=41.9s
     wrong   pred='Yes, the assignment from schemes to t...' tokens=793 visible=385 reason=- cost=- latency=34.6s
     wrong   pred='Yes, the assignment from schemes to t...' tokens=1319 visible=518 reason=- cost=- latency=32.6s
     correct pred='\\( S_3 \\)' tokens=859 visible=292 reason=- cost=- latency=32.4s
     correct pred='\\( S_3 \\)' tokens=1274 visible=288 reason=- cost=- latency=32.6s
     wrong   pred='\\(t(n) = 2n\\).' tokens=974 visible=280 reason=- cost=- latency=32.2s
     wrong   pred='\\(t(n) = n + 1\\)' tokens=1635 visible=510 reason=- cost=- latency=39.0s
     wrong   pred='\\(e^{-x^2}\\).' tokens=1341 visible=417 reason=- cost=- latency=45.5s
     wrong   pred='$1$.' tokens=1768 visible=423 reason=- cost=- latency=49.3s

------------------------------------------------------------------------------
Prelim Eval (2100/4000 calls, elapsed 18467.6s)
------------------------------------------------------------------------------
+---+----------+----------+--------------------+---------+--------------+-------------+----------+------------+------------+-------------+----------+
| k | correct  | accuracy | bar                | mean in | mean visible | mean reason | mean out | mean total | reason sum | limit flags | cost     |
+---+----------+----------+--------------------+---------+--------------+-------------+----------+------------+------------+-------------+----------+
| 1 | 396/1050 | 37.7%    | #######........... | 542.8   | 397.1        | -           | 591.4    | 1134.1     | -          | 4           | 0.000000 |
| 2 | 426/1050 | 40.6%    | #######........... | 993.6   | 377.7        | -           | 571.4    | 1565.0     | -          | 3           | 0.000000 |
+---+----------+----------+--------------------+---------+--------------+-------------+----------+------------+------------+-------------+----------+
------------------------------------------------------------------------------
     wrong   pred='960' tokens=1332 visible=434 reason=- cost=- latency=53.0s
     wrong   pred='960' tokens=2200 visible=531 reason=- cost=- latency=60.1s
     wrong   pred='Now,' tokens=2678 visible=1325 reason=- cost=- latency=83.8s flags=hit_max_tokens
     token warning: completion=2048/2048, reasoning=-, visible=1325
     wrong   pred='60' tokens=1917 visible=430 reason=- cost=- latency=85.1s
     wrong   pred='No.' tokens=972 visible=493 reason=- cost=- latency=80.8s
     wrong   pred='Yes, there exist two finite complex m...' tokens=1419 visible=574 reason=- cost=- latency=77.6s
     wrong   pred='Yes, every compact infinite non-abeli...' tokens=826 visible=433 reason=- cost=- latency=74.3s
     wrong   pred='Yes, every compact infinite non-abeli...' tokens=1179 visible=403 reason=- cost=- latency=67.6s
     wrong   pred='\\( e^{\\frac{1}{2}} \\)' tokens=969 visible=288 reason=- cost=- latency=44.9s
     correct pred='$\\sqrt{e}$' tokens=1332 visible=303 reason=- cost=- latency=41.3s
     correct pred='Yes' tokens=772 visible=173 reason=- cost=- latency=37.3s
     correct pred='Yes.' tokens=1219 visible=139 reason=- cost=- latency=32.3s
     correct pred='\\(3 + \\sqrt{29}\\)' tokens=1897 visible=769 reason=- cost=- latency=47.5s
     correct pred='\\(3 + \\sqrt{29}\\)' tokens=2380 visible=836 reason=- cost=- latency=64.3s
     correct pred='\\(\\frac{1}{6}\\).' tokens=663 visible=194 reason=- cost=- latency=59.9s
     correct pred='\\(\\frac{1}{6}\\)' tokens=999 visible=148 reason=- cost=- latency=55.0s
     wrong   pred='3 \\text{ and } 3n^2' tokens=1152 visible=416 reason=- cost=- latency=61.2s
     wrong   pred='1, 3' tokens=1566 visible=427 reason=- cost=- latency=67.8s
     wrong   pred='\\(x(t) = t^4 + 1\\)' tokens=1120 visible=342 reason=- cost=- latency=55.6s
     wrong   pred='\\( x(t) = t^4 + 1 \\)' tokens=1559 visible=349 reason=- cost=- latency=42.0s
     wrong   pred='3370' tokens=859 visible=323 reason=- cost=- latency=45.7s
     correct pred='40' tokens=1226 visible=352 reason=- cost=- latency=50.6s
     correct pred='\\( 621 \\).' tokens=1109 visible=292 reason=- cost=- latency=48.9s
     correct pred='621' tokens=1368 visible=155 reason=- cost=- latency=43.9s
     correct pred='\\( 4\\sqrt{2} \\).' tokens=1042 visible=392 reason=- cost=- latency=43.3s
     wrong   pred='4' tokens=1523 visible=417 reason=- cost=- latency=43.6s
     correct pred='Yes.' tokens=1040 visible=600 reason=- cost=- latency=44.5s
     correct pred='Yes.' tokens=1314 visible=373 reason=- cost=- latency=42.2s
     wrong   pred="\\(-f''(0)\\)." tokens=1430 visible=542 reason=- cost=- latency=47.1s
     wrong   pred="\\(-8f'(0)\\)" tokens=1990 visible=524 reason=- cost=- latency=56.7s
     correct pred='10001' tokens=858 visible=207 reason=- cost=- latency=52.3s
     wrong   pred='9999' tokens=1425 visible=268 reason=- cost=- latency=47.4s
     correct pred='False' tokens=1324 visible=513 reason=- cost=- latency=51.1s
     correct pred='False.' tokens=1655 visible=421 reason=- cost=- latency=55.4s
     wrong   pred='The measures are equal.' tokens=904 visible=260 reason=- cost=- latency=48.2s
     wrong   pred='The Lebesgue measure of \\((p_1, p_2) ...' tokens=1498 visible=338 reason=- cost=- latency=41.9s
     wrong   pred='8' tokens=1051 visible=405 reason=- cost=- latency=48.1s
     correct pred='4' tokens=999 visible=216 reason=- cost=- latency=48.7s
     wrong   pred='Yes, a regular tetrahedron with an ed...' tokens=888 visible=400 reason=- cost=- latency=43.8s
     correct pred='Yes.' tokens=1271 visible=396 reason=- cost=- latency=41.0s
     wrong   pred='The set of values of \\( z \\) is the e...' tokens=804 visible=249 reason=- cost=- latency=40.6s
     wrong   pred='The set of values of \\(z\\) that satis...' tokens=1090 visible=177 reason=- cost=- latency=36.8s
     correct pred='60' tokens=734 visible=194 reason=- cost=- latency=30.3s
     correct pred='60' tokens=1093 visible=131 reason=- cost=- latency=27.7s
     correct pred='-4' tokens=909 visible=304 reason=- cost=- latency=28.5s
     wrong   pred='The minimum value of the function \\( ...' tokens=1411 visible=518 reason=- cost=- latency=31.5s
     wrong   pred='2' tokens=871 visible=316 reason=- cost=- latency=33.4s
     wrong   pred='13' tokens=1248 visible=317 reason=- cost=- latency=37.4s
     correct pred='10' tokens=832 visible=265 reason=- cost=- latency=39.6s
     correct pred='10' tokens=1325 visible=357 reason=- cost=- latency=44.5s
     wrong   pred='\\(\\frac{1}{4}\\).' tokens=1123 visible=328 reason=- cost=- latency=45.6s
     wrong   pred='\\(\\frac{3}{5} x\\).' tokens=1768 visible=421 reason=- cost=- latency=46.7s
     correct pred='$\\frac{1}{e}$' tokens=1315 visible=494 reason=- cost=- latency=51.3s
     correct pred='$\\frac{1}{e}$' tokens=1471 visible=328 reason=- cost=- latency=50.6s
     wrong   pred='0.577' tokens=1385 visible=640 reason=- cost=- latency=57.4s
     wrong   pred='0.962' tokens=1962 visible=655 reason=- cost=- latency=64.0s
     correct pred='\\frac{\\pi}{2}' tokens=1222 visible=376 reason=- cost=- latency=66.4s
     correct pred='\\(\\frac{\\pi}{2}\\).' tokens=1394 visible=291 reason=- cost=- latency=62.7s
     correct pred='Yes.' tokens=1096 visible=419 reason=- cost=- latency=58.6s
     wrong   pred='Yes, there exist non-homeomorphic clo...' tokens=1532 visible=317 reason=- cost=- latency=57.3s
     correct pred='505' tokens=1087 visible=286 reason=- cost=- latency=52.1s
     wrong   pred='641' tokens=1925 visible=584 reason=- cost=- latency=50.1s
     wrong   pred='Yes, such a matrix can be constructed.' tokens=861 visible=300 reason=- cost=- latency=44.4s
     correct pred='Yes' tokens=1199 visible=181 reason=- cost=- latency=40.4s
     correct pred='\\frac{1}{3}' tokens=1464 visible=523 reason=- cost=- latency=46.8s
     correct pred='\\frac{1}{3}' tokens=1887 visible=526 reason=- cost=- latency=54.5s
     wrong   pred='It is not possible to construct the f...' tokens=761 visible=295 reason=- cost=- latency=51.8s
     wrong   pred='It is possible to construct the fourt...' tokens=1330 visible=456 reason=- cost=- latency=47.3s
     wrong   pred='f(z) = c \\text{ where } c \\in \\mathbb{C}' tokens=805 visible=316 reason=- cost=- latency=47.7s
     wrong   pred='The only entire functions that satisf...' tokens=1124 visible=263 reason=- cost=- latency=49.0s
     wrong   pred='\\( \\frac{32}{45} \\).' tokens=1203 visible=573 reason=- cost=- latency=47.9s
     wrong   pred='\\(\\frac{\\pi^2}{2}\\).' tokens=1125 visible=385 reason=- cost=- latency=42.1s
     wrong   pred='The determinant of the matrix is alwa...' tokens=796 visible=327 reason=- cost=- latency=42.3s
     wrong   pred='The determinant of the matrix is alwa...' tokens=1332 visible=474 reason=- cost=- latency=41.7s
     correct pred='\\( (n+1)u[n] \\)' tokens=731 visible=248 reason=- cost=- latency=41.7s
     wrong   pred='\\( n+1 \\)' tokens=1035 visible=237 reason=- cost=- latency=42.5s
     correct pred='Yes.' tokens=693 visible=136 reason=- cost=- latency=32.3s
     correct pred='Yes.' tokens=1241 visible=215 reason=- cost=- latency=28.3s
     correct pred='\\(-39\\).' tokens=1266 visible=377 reason=- cost=- latency=33.4s
     correct pred='-39' tokens=1588 visible=277 reason=- cost=- latency=33.8s
     wrong   pred='The volume of the solid is \\(784\\).' tokens=833 visible=293 reason=- cost=- latency=35.3s
     correct pred='784' tokens=1014 visible=227 reason=- cost=- latency=35.1s
     correct pred='7' tokens=950 visible=268 reason=- cost=- latency=39.1s
     wrong   pred='\\( n = 7 \\)' tokens=1329 visible=251 reason=- cost=- latency=40.8s
     correct pred='$\\frac{3\\sqrt{3}}{14}$' tokens=1216 visible=423 reason=- cost=- latency=41.4s
     correct pred='\\frac{3\\sqrt{3}}{14}' tokens=1728 visible=538 reason=- cost=- latency=45.9s
     wrong   pred='\\frac{2}{15}' tokens=838 visible=234 reason=- cost=- latency=44.2s
     correct pred='\\frac{1}{15}' tokens=1321 visible=289 reason=- cost=- latency=45.0s
     wrong   pred='There exists a radius \\( R > 0 \\) suc...' tokens=1111 visible=444 reason=- cost=- latency=47.4s
     wrong   pred='There exists a radius \\( R > 0 \\) suc...' tokens=1296 visible=242 reason=- cost=- latency=47.0s
     correct pred='52' tokens=1059 visible=325 reason=- cost=- latency=45.0s
     correct pred='52' tokens=1238 visible=225 reason=- cost=- latency=38.3s
     wrong   pred='3' tokens=1244 visible=436 reason=- cost=- latency=43.4s
     wrong   pred='\\frac{9}{4}' tokens=1818 visible=459 reason=- cost=- latency=49.0s
     wrong   pred='\\(-\\frac{\\pi}{4}\\)' tokens=1306 visible=466 reason=- cost=- latency=51.8s
     wrong   pred='\\(-\\frac{\\pi}{4}\\)' tokens=1727 visible=446 reason=- cost=- latency=58.0s
     correct pred='Yes.' tokens=928 visible=377 reason=- cost=- latency=56.2s
     correct pred='Yes.' tokens=1157 visible=232 reason=- cost=- latency=55.1s
     correct pred='True' tokens=1328 visible=374 reason=- cost=- latency=55.5s
     correct pred='True' tokens=1874 visible=380 reason=- cost=- latency=54.5s

------------------------------------------------------------------------------
Prelim Eval (2200/4000 calls, elapsed 19272.6s)
------------------------------------------------------------------------------
+---+----------+----------+--------------------+---------+--------------+-------------+----------+------------+------------+-------------+----------+
| k | correct  | accuracy | bar                | mean in | mean visible | mean reason | mean out | mean total | reason sum | limit flags | cost     |
+---+----------+----------+--------------------+---------+--------------+-------------+----------+------------+------------+-------------+----------+
| 1 | 420/1100 | 38.2%    | #######........... | 541.3   | 396.7        | -           | 590.0    | 1131.4     | -          | 5           | 0.000000 |
| 2 | 450/1100 | 40.9%    | #######........... | 990.7   | 376.9        | -           | 569.2    | 1559.9     | -          | 3           | 0.000000 |
+---+----------+----------+--------------------+---------+--------------+-------------+----------+------------+------------+-------------+----------+
------------------------------------------------------------------------------
     wrong   pred='Yes, the derivative of the product \\(...' tokens=1161 visible=372 reason=- cost=- latency=52.2s
     wrong   pred='Yes, the derivative of the product \\(...' tokens=1534 visible=347 reason=- cost=- latency=48.9s
     wrong   pred='No, such a function does not exist.' tokens=1142 visible=502 reason=- cost=- latency=50.4s
     correct pred='Yes' tokens=1828 visible=573 reason=- cost=- latency=56.6s
     wrong   pred='\\arccos \\left( \\frac{-125}{\\sqrt{1517...' tokens=1593 visible=567 reason=- cost=- latency=60.1s
     wrong   pred='\\arccos \\left( \\frac{-125}{\\sqrt{1517...' tokens=2097 visible=526 reason=- cost=- latency=62.8s
     wrong   pred='1' tokens=1391 visible=501 reason=- cost=- latency=65.9s
     correct pred='9' tokens=1892 visible=477 reason=- cost=- latency=70.6s
     wrong   pred='The inequality is satisfied.' tokens=681 visible=189 reason=- cost=- latency=67.0s
     wrong   pred='The inequality holds true.' tokens=934 visible=152 reason=- cost=- latency=60.2s
     wrong   pred='36' tokens=1520 visible=541 reason=- cost=- latency=59.9s
     wrong   pred='166' tokens=2606 visible=762 reason=- cost=- latency=69.0s
     wrong   pred='6' tokens=1336 visible=470 reason=- cost=- latency=67.1s
     wrong   pred='2' tokens=2177 visible=638 reason=- cost=- latency=69.0s
     wrong   pred='\\(0\\)' tokens=1148 visible=354 reason=- cost=- latency=73.4s
     wrong   pred='1' tokens=1437 visible=257 reason=- cost=- latency=76.1s
     correct pred='False' tokens=720 visible=216 reason=- cost=- latency=66.0s
     wrong   pred='True' tokens=1009 visible=113 reason=- cost=- latency=45.4s
     wrong   pred='Yes, there exists an orthogonal matri...' tokens=1195 visible=465 reason=- cost=- latency=44.6s
     wrong   pred='Yes, there exists an orthogonal matri...' tokens=1413 visible=335 reason=- cost=- latency=36.1s
     correct pred='\\( 17 \\)' tokens=959 visible=285 reason=- cost=- latency=34.4s
     correct pred='17' tokens=1243 visible=197 reason=- cost=- latency=33.4s
     wrong   pred="The given expression tends to \\(f'(ct..." tokens=733 visible=231 reason=- cost=- latency=34.1s
     correct pred="\\(f'(ct)\\)" tokens=1092 visible=233 reason=- cost=- latency=36.4s
     correct pred='\\( n^2 - 1 \\).' tokens=988 visible=419 reason=- cost=- latency=33.5s
     correct pred='\\( n^2 - 1 \\)' tokens=1455 visible=433 reason=- cost=- latency=34.3s
     wrong   pred='There are no pairs \\((a, b)\\) of posi...' tokens=1325 visible=464 reason=- cost=- latency=37.0s
     wrong   pred='\\((a, b) = (k, k)\\) for any positive ...' tokens=1805 visible=426 reason=- cost=- latency=40.1s
     wrong   pred='Yes, all matrices in the upper triang...' tokens=888 visible=300 reason=- cost=- latency=41.5s
     wrong   pred='Yes, all matrices in the upper triang...' tokens=1240 visible=217 reason=- cost=- latency=41.8s
     correct pred='12' tokens=963 visible=241 reason=- cost=- latency=40.6s
     correct pred='12' tokens=1428 visible=212 reason=- cost=- latency=38.7s
     wrong   pred='Yes, this implies that \\( \\text{Tor}_...' tokens=1470 visible=624 reason=- cost=- latency=40.7s
     wrong   pred='Yes, this implies that \\( \\mathrm{Tor...' tokens=1851 visible=461 reason=- cost=- latency=41.1s
     wrong   pred='Yes, if two random variables \\(X\\) an...' tokens=544 visible=252 reason=- cost=- latency=39.0s
     wrong   pred='Yes, if two random variables \\(X\\) an...' tokens=811 visible=313 reason=- cost=- latency=38.6s
     correct pred='$\\frac{1}{\\pi}$' tokens=1053 visible=326 reason=- cost=- latency=40.6s
     correct pred='\\( \\frac{1}{\\pi} \\).' tokens=1464 visible=289 reason=- cost=- latency=42.5s
     wrong   pred='\\alpha < 1' tokens=1213 visible=546 reason=- cost=- latency=41.5s
     wrong   pred='\\(\\alpha > -1\\).' tokens=1617 visible=476 reason=- cost=- latency=43.5s
     correct pred='22' tokens=1238 visible=551 reason=- cost=- latency=49.9s
     wrong   pred='11' tokens=1887 visible=613 reason=- cost=- latency=58.4s
     wrong   pred='The Lebesgue measure of the interval ...' tokens=648 visible=155 reason=- cost=- latency=53.8s
     wrong   pred='The Lebesgue measure of the interval ...' tokens=1314 visible=390 reason=- cost=- latency=54.2s
     wrong   pred='The interval of convergence for the M...' tokens=915 visible=404 reason=- cost=- latency=50.9s
     wrong   pred='The interval of convergence for the M...' tokens=1355 visible=483 reason=- cost=- latency=48.9s
     wrong   pred='\\frac{1}{4}' tokens=1587 visible=502 reason=- cost=- latency=52.7s
     correct pred='\\frac{1}{3}' tokens=2021 visible=439 reason=- cost=- latency=51.9s
     wrong   pred='The given expression does indeed defi...' tokens=1360 visible=519 reason=- cost=- latency=61.5s
     wrong   pred='The given expression defines a norm.' tokens=1878 visible=537 reason=- cost=- latency=67.9s
     wrong   pred='\\(-\\frac{64}{5}\\)' tokens=1626 visible=556 reason=- cost=- latency=74.8s
     wrong   pred='\\frac{3}{2}' tokens=2147 visible=593 reason=- cost=- latency=79.6s
     wrong   pred='\\( x = 350 \\)' tokens=2060 visible=691 reason=- cost=- latency=88.5s
     wrong   pred='370' tokens=2126 visible=535 reason=- cost=- latency=94.4s
     correct pred='978121' tokens=658 visible=117 reason=- cost=- latency=85.4s
     correct pred='978121' tokens=1063 visible=163 reason=- cost=- latency=75.9s
     wrong   pred='$\\frac{1}{2}$' tokens=759 visible=210 reason=- cost=- latency=66.6s
     wrong   pred='$\\frac{1}{2}$' tokens=1112 visible=225 reason=- cost=- latency=58.2s
     correct pred='\\(n! \\cdot p(n)\\).' tokens=972 visible=356 reason=- cost=- latency=42.0s
     wrong   pred='\\(p(n) \\cdot n!\\)' tokens=1438 visible=361 reason=- cost=- latency=30.9s
     correct pred='\\frac{\\pi}{32}' tokens=1929 visible=817 reason=- cost=- latency=47.1s
     correct pred='\\frac{\\pi}{32}' tokens=2547 visible=875 reason=- cost=- latency=64.4s
     wrong   pred='$\\frac{128}{81}$.' tokens=1202 visible=468 reason=- cost=- latency=71.6s
     wrong   pred='$\\frac{77}{27}$.' tokens=2142 visible=787 reason=- cost=- latency=87.8s
     wrong   pred='The chromatic number of the graph \\( ...' tokens=925 visible=406 reason=- cost=- latency=87.2s
     wrong   pred='The chromatic number of the graph \\( ...' tokens=1456 visible=423 reason=- cost=- latency=87.5s
     correct pred='\\( f(x) = x \\)' tokens=1175 visible=339 reason=- cost=- latency=75.2s
     correct pred='f(x) = x' tokens=2157 visible=540 reason=- cost=- latency=66.9s
     wrong   pred='\\(\\frac{1}{6}\\)' tokens=920 visible=279 reason=- cost=- latency=61.6s
     wrong   pred='\\frac{1}{6}' tokens=1492 visible=396 reason=- cost=- latency=49.8s
     wrong   pred='\\( W = \\frac{53}{20} \\)' tokens=1724 visible=527 reason=- cost=- latency=59.4s
     correct pred='$\\frac{149}{60}$' tokens=2044 visible=405 reason=- cost=- latency=64.3s
     wrong   pred='\\frac{4}{9}' tokens=1649 visible=602 reason=- cost=- latency=72.5s
     wrong   pred='\\frac{5}{18}' tokens=2136 visible=601 reason=- cost=- latency=75.1s
     wrong   pred='4' tokens=1334 visible=467 reason=- cost=- latency=80.1s
     wrong   pred='4' tokens=1592 visible=365 reason=- cost=- latency=79.7s
     correct pred='\\frac{\\pi}{4}' tokens=1314 visible=410 reason=- cost=- latency=75.1s
     correct pred='$\\frac{\\pi}{4}$' tokens=1913 visible=438 reason=- cost=- latency=75.6s
     wrong   pred='\\( 2x^2 + 2x + 3 + K \\).' tokens=1268 visible=340 reason=- cost=- latency=69.4s
     wrong   pred='\\(-2x - 4 + K\\)' tokens=1922 visible=416 reason=- cost=- latency=64.8s
     correct pred='Yes' tokens=1134 visible=444 reason=- cost=- latency=61.4s
     wrong   pred='Yes, the set \\( G_n(p) = \\{x + a_2x^2...' tokens=1595 visible=432 reason=- cost=- latency=60.6s
     wrong   pred='\\(4\\pi a^2\\)' tokens=1619 visible=676 reason=- cost=- latency=65.9s
     wrong   pred='\\frac{64a^3}{3}' tokens=1651 visible=439 reason=- cost=- latency=64.0s
     wrong   pred='\\(18\\sqrt{3} + 18\\)' tokens=1340 visible=407 reason=- cost=- latency=62.6s
     wrong   pred='$36\\sqrt{3} + 48$' tokens=2265 visible=530 reason=- cost=- latency=62.3s
     correct pred='\\( N(0, \\theta^2) \\).' tokens=1089 visible=372 reason=- cost=- latency=61.4s
     correct pred='\\( N(0, \\theta^2) \\).' tokens=1780 visible=503 reason=- cost=- latency=63.5s
     wrong   pred='3' tokens=970 visible=322 reason=- cost=- latency=53.7s
     wrong   pred='\\( |k| + 4 \\)' tokens=1442 visible=286 reason=- cost=- latency=49.8s
     correct pred='3.2' tokens=801 visible=199 reason=- cost=- latency=46.6s
     wrong   pred='\\( f(10) = 3.2 \\).' tokens=1328 visible=277 reason=- cost=- latency=42.5s
     wrong   pred='The limit does not exist as a finite ...' tokens=1210 visible=381 reason=- cost=- latency=43.7s
     wrong   pred='The limit does not exist as a finite ...' tokens=1782 visible=406 reason=- cost=- latency=42.9s
     wrong   pred='1' tokens=1312 visible=503 reason=- cost=- latency=48.3s
     wrong   pred='1' tokens=1882 visible=583 reason=- cost=- latency=55.3s
     wrong   pred='\\( \\frac{7}{2} \\).' tokens=1122 visible=406 reason=- cost=- latency=59.1s
     correct pred='\\frac{161}{36}' tokens=1764 visible=473 reason=- cost=- latency=63.4s
     wrong   pred='\\( c = \\frac{5}{9} \\)' tokens=811 visible=241 reason=- cost=- latency=60.3s
     wrong   pred='\\( c = -\\frac{5}{9} \\)' tokens=1238 visible=285 reason=- cost=- latency=57.7s

------------------------------------------------------------------------------
Prelim Eval (2300/4000 calls, elapsed 20231.4s)
------------------------------------------------------------------------------
+---+----------+----------+--------------------+---------+--------------+-------------+----------+------------+------------+-------------+----------+
| k | correct  | accuracy | bar                | mean in | mean visible | mean reason | mean out | mean total | reason sum | limit flags | cost     |
+---+----------+----------+--------------------+---------+--------------+-------------+----------+------------+------------+-------------+----------+
| 1 | 434/1150 | 37.7%    | #######........... | 541.6   | 397.3        | -           | 591.6    | 1133.2     | -          | 5           | 0.000000 |
| 2 | 465/1150 | 40.4%    | #######........... | 991.2   | 379.0        | -           | 573.4    | 1564.6     | -          | 3           | 0.000000 |
+---+----------+----------+--------------------+---------+--------------+-------------+----------+------------+------------+-------------+----------+
------------------------------------------------------------------------------
     wrong   pred='Every element in \\( G \\) can be expre...' tokens=1125 visible=532 reason=- cost=- latency=53.8s
     wrong   pred='Yes, every element of $G$ can be expr...' tokens=1498 visible=356 reason=- cost=- latency=46.0s
     wrong   pred='\\(1 - pq\\)' tokens=1332 visible=584 reason=- cost=- latency=49.2s
     wrong   pred='$p^2 - q^2$.' tokens=1722 visible=476 reason=- cost=- latency=49.1s
     correct pred='100' tokens=761 visible=280 reason=- cost=- latency=48.7s
     correct pred='100' tokens=1084 visible=298 reason=- cost=- latency=47.1s
     wrong   pred='\\[ f(x) = -\\frac{1}{2}\\ln|\\cos(2x)| +...' tokens=1076 visible=318 reason=- cost=- latency=47.0s
     wrong   pred='\\( f(x) = \\frac{1}{4} \\cos(2x) \\)' tokens=1903 visible=549 reason=- cost=- latency=54.2s
     wrong   pred='576' tokens=1694 visible=565 reason=- cost=- latency=57.7s
     wrong   pred='228' tokens=1964 visible=407 reason=- cost=- latency=57.5s
     correct pred='8' tokens=980 visible=369 reason=- cost=- latency=58.8s
     correct pred='8' tokens=1411 visible=312 reason=- cost=- latency=59.8s
     wrong   pred='$\\frac{\\epsilon}{\\sqrt{N}}$ (dimensio...' tokens=1196 visible=588 reason=- cost=- latency=63.5s
     correct pred='\\(\\epsilon\\)' tokens=1178 visible=305 reason=- cost=- latency=57.0s
     wrong   pred='0' tokens=1627 visible=597 reason=- cost=- latency=56.3s
     correct pred='\\frac{\\pi}{4}' tokens=2396 visible=725 reason=- cost=- latency=63.2s
     correct pred='8' tokens=1461 visible=569 reason=- cost=- latency=69.2s
     correct pred='8' tokens=1675 visible=334 reason=- cost=- latency=71.0s
     wrong   pred='24' tokens=896 visible=292 reason=- cost=- latency=66.7s
     correct pred='30' tokens=1222 visible=319 reason=- cost=- latency=67.5s
     wrong   pred='1' tokens=1280 visible=405 reason=- cost=- latency=63.6s
     wrong   pred='1' tokens=2267 visible=637 reason=- cost=- latency=64.2s
     correct pred='Yes.' tokens=907 visible=442 reason=- cost=- latency=57.5s
     wrong   pred='Yes, there exists an almost continuou...' tokens=1339 visible=435 reason=- cost=- latency=55.1s
     wrong   pred='\\( n = q + 1 \\) if \\( q+1 \\) has a di...' tokens=1186 visible=483 reason=- cost=- latency=56.9s
     correct pred='\\( q + 1 \\).' tokens=1524 visible=346 reason=- cost=- latency=56.4s
     wrong   pred='2^{\\aleph_0}' tokens=877 visible=487 reason=- cost=- latency=53.6s
     wrong   pred='Uncountably many' tokens=966 visible=309 reason=- cost=- latency=40.7s
     wrong   pred='Yes, such a noncommutative ring exists.' tokens=1286 visible=467 reason=- cost=- latency=44.6s
     correct pred='Yes.' tokens=1836 visible=433 reason=- cost=- latency=48.8s
     wrong   pred='No.' tokens=542 visible=80 reason=- cost=- latency=41.1s
     wrong   pred='No, but substantial progress has been...' tokens=949 visible=115 reason=- cost=- latency=36.0s
     correct pred='105' tokens=662 visible=219 reason=- cost=- latency=32.2s
     correct pred='105' tokens=852 visible=142 reason=- cost=- latency=29.3s
     wrong   pred='5' tokens=1199 visible=456 reason=- cost=- latency=28.7s
     correct pred='7' tokens=1417 visible=301 reason=- cost=- latency=24.0s
     correct pred='$\\frac{1}{e^2}$' tokens=993 visible=267 reason=- cost=- latency=29.0s
     correct pred='\\( \\frac{1}{e^2} \\)' tokens=1583 visible=337 reason=- cost=- latency=35.2s
     wrong   pred='\\frac{\\pi}{2} \\log 2' tokens=1055 visible=399 reason=- cost=- latency=39.6s
     wrong   pred='\\frac{\\pi}{2} \\log 2' tokens=1321 visible=322 reason=- cost=- latency=43.6s
     correct pred='20' tokens=1076 visible=344 reason=- cost=- latency=42.2s
     correct pred='20' tokens=1666 visible=407 reason=- cost=- latency=46.5s
     wrong   pred='4' tokens=985 visible=250 reason=- cost=- latency=46.4s
     wrong   pred='\\[ 5(222) - 744 = 1110 -' tokens=3096 visible=925 reason=- cost=- latency=68.9s flags=hit_max_tokens
     token warning: completion=2048/2048, reasoning=-, visible=925
     wrong   pred='\\(1\\)' tokens=1412 visible=486 reason=- cost=- latency=72.2s
     wrong   pred='1' tokens=1789 visible=388 reason=- cost=- latency=75.2s
     correct pred='$\\frac{\\pi}{2}$' tokens=1346 visible=410 reason=- cost=- latency=77.7s
     wrong   pred='\\frac{\\pi}{4}' tokens=2184 visible=571 reason=- cost=- latency=82.5s
     correct pred='\\( S_7 \\)' tokens=1076 visible=503 reason=- cost=- latency=85.1s
     wrong   pred='The Galois group of the splitting fie...' tokens=1531 visible=606 reason=- cost=- latency=64.6s
     wrong   pred='\\(c \\in (-\\infty, 0) \\cup (0, 1) \\cup...' tokens=1581 visible=652 reason=- cost=- latency=68.3s
     wrong   pred='\\(c < 0\\).' tokens=1852 visible=554 reason=- cost=- latency=71.7s
     wrong   pred='$\\frac{8}{9}$' tokens=865 visible=200 reason=- cost=- latency=66.0s
     correct pred='9' tokens=1641 visible=390 reason=- cost=- latency=60.7s
     wrong   pred='0' tokens=1343 visible=430 reason=- cost=- latency=62.4s
     wrong   pred='96' tokens=1950 visible=446 reason=- cost=- latency=64.2s
     wrong   pred='\\( 1 - \\frac{e}{4} \\).' tokens=1748 visible=637 reason=- cost=- latency=66.5s
     wrong   pred='\\(1 - \\frac{1}{e}\\)' tokens=1786 visible=500 reason=- cost=- latency=65.4s
     wrong   pred='cos 13' tokens=792 visible=174 reason=- cost=- latency=65.3s
     wrong   pred='cos 13' tokens=1190 visible=172 reason=- cost=- latency=60.4s
     wrong   pred='\\(-2\\pi\\).' tokens=1245 visible=542 reason=- cost=- latency=61.0s
     wrong   pred='\\(-5\\pi\\)' tokens=1958 visible=718 reason=- cost=- latency=65.3s
     wrong   pred='Yes, the set of real numbers is uncou...' tokens=667 visible=230 reason=- cost=- latency=51.8s
     wrong   pred='Yes, the set of real numbers is uncou...' tokens=1112 visible=331 reason=- cost=- latency=46.2s
     wrong   pred='Yes, if two finite groups are isomorp...' tokens=650 visible=213 reason=- cost=- latency=44.3s
     wrong   pred='Yes, if two finite groups are isomorp...' tokens=1082 visible=249 reason=- cost=- latency=43.2s
     correct pred='\\(320\\pi\\)' tokens=872 visible=220 reason=- cost=- latency=36.8s
     correct pred='\\(320\\pi\\)' tokens=1410 visible=249 reason=- cost=- latency=26.8s
     correct pred='512' tokens=1579 visible=440 reason=- cost=- latency=35.8s
     wrong   pred='530' tokens=2087 visible=303 reason=- cost=- latency=41.5s
     correct pred='$\\frac{1}{2}$.' tokens=998 visible=307 reason=- cost=- latency=45.6s
     correct pred='$\\frac{1}{2}$' tokens=1515 visible=289 reason=- cost=- latency=49.8s
     wrong   pred='The values of \\(p\\) for which the seq...' tokens=1921 visible=677 reason=- cost=- latency=62.4s
     wrong   pred='The values of \\(p\\) for which the seq...' tokens=2325 visible=577 reason=- cost=- latency=70.4s
     correct pred='6' tokens=883 visible=299 reason=- cost=- latency=63.5s
     correct pred='6' tokens=1353 visible=323 reason=- cost=- latency=59.4s
     correct pred='Yes.' tokens=1071 visible=305 reason=- cost=- latency=58.9s
     correct pred='Yes.' tokens=1579 visible=259 reason=- cost=- latency=56.8s
     wrong   pred='7.0625' tokens=1357 visible=218 reason=- cost=- latency=44.4s
     wrong   pred='The mean number of home runs hit by t...' tokens=2307 visible=214 reason=- cost=- latency=35.7s
     wrong   pred='\\(\\eta = \\frac{60}{7}\\)' tokens=1223 visible=301 reason=- cost=- latency=37.2s
     wrong   pred='\\(\\eta = \\frac{61}{7}\\)' tokens=1729 visible=225 reason=- cost=- latency=35.7s
     correct pred='Yes.' tokens=878 visible=361 reason=- cost=- latency=34.7s
     wrong   pred='Yes, it follows that \\( f \\) is posit...' tokens=1390 visible=371 reason=- cost=- latency=35.6s
     wrong   pred='\\( k(x) = 2 + \\sqrt{x-2} \\).' tokens=745 visible=171 reason=- cost=- latency=35.0s
     wrong   pred='\\( k(x) = 2 + \\sqrt{x-2} \\).' tokens=1458 visible=383 reason=- cost=- latency=39.4s
     correct pred='\\(-\\tan x + C\\).' tokens=678 visible=149 reason=- cost=- latency=35.0s
     correct pred='\\(-\\tan x + C\\)' tokens=957 visible=95 reason=- cost=- latency=31.0s
     correct pred='121' tokens=991 visible=345 reason=- cost=- latency=32.3s
     wrong   pred='364' tokens=1361 visible=247 reason=- cost=- latency=31.3s
     wrong   pred='\\(-2\\)' tokens=1775 visible=690 reason=- cost=- latency=44.4s
     wrong   pred='12' tokens=1858 visible=532 reason=- cost=- latency=46.7s
     wrong   pred='Yes, it is possible to construct such...' tokens=946 visible=381 reason=- cost=- latency=49.7s
     correct pred='Yes.' tokens=1398 visible=424 reason=- cost=- latency=54.3s
     wrong   pred='Yes, it is possible to have two measu...' tokens=1093 visible=495 reason=- cost=- latency=55.6s
     wrong   pred='Yes, it is possible to have two measu...' tokens=1437 visible=352 reason=- cost=- latency=56.3s
     wrong   pred='Yes, it is possible to check in polyn...' tokens=886 visible=437 reason=- cost=- latency=45.2s
     wrong   pred='Yes, it is possible to check in polyn...' tokens=1133 visible=293 reason=- cost=- latency=38.1s
     wrong   pred='Yes, it is possible that \\( f_n(x_n) ...' tokens=1055 visible=416 reason=- cost=- latency=39.9s
     correct pred='Yes.' tokens=1282 visible=312 reason=- cost=- latency=38.7s

------------------------------------------------------------------------------
Prelim Eval (2400/4000 calls, elapsed 21085.0s)
------------------------------------------------------------------------------
+---+----------+----------+--------------------+---------+--------------+-------------+----------+------------+------------+-------------+----------+
| k | correct  | accuracy | bar                | mean in | mean visible | mean reason | mean out | mean total | reason sum | limit flags | cost     |
+---+----------+----------+--------------------+---------+--------------+-------------+----------+------------+------------+-------------+----------+
| 1 | 451/1200 | 37.6%    | #######........... | 542.0   | 397.2        | -           | 590.6    | 1132.6     | -          | 5           | 0.000000 |
| 2 | 485/1200 | 40.4%    | #######........... | 991.9   | 379.2        | -           | 573.7    | 1565.7     | -          | 4           | 0.000000 |
+---+----------+----------+--------------------+---------+--------------+-------------+----------+------------+------------+-------------+----------+
------------------------------------------------------------------------------
     correct pred='\\( \\pi e^{-|k|} \\).' tokens=738 visible=227 reason=- cost=- latency=35.7s
     correct pred='\\( \\pi e^{-|k|} \\).' tokens=990 visible=174 reason=- cost=- latency=33.6s
     correct pred='True' tokens=936 visible=382 reason=- cost=- latency=32.6s
     correct pred='True' tokens=1411 visible=379 reason=- cost=- latency=33.4s
     wrong   pred='9' tokens=1050 visible=464 reason=- cost=- latency=32.5s
     wrong   pred='\\infty' tokens=1573 visible=448 reason=- cost=- latency=35.1s
     correct pred='4 \\ln 2' tokens=953 visible=262 reason=- cost=- latency=36.6s
     correct pred='\\(4 \\ln 2\\)' tokens=1734 visible=581 reason=- cost=- latency=44.2s
     wrong   pred="The statement $W + W' = V$ is true." tokens=846 visible=243 reason=- cost=- latency=44.4s
     correct pred="\\( W + W' = V \\)." tokens=1363 visible=313 reason=- cost=- latency=46.5s
     wrong   pred='1' tokens=914 visible=299 reason=- cost=- latency=47.0s
     correct pred='0' tokens=1204 visible=371 reason=- cost=- latency=46.9s
     wrong   pred='The congruence \\( x^2 \\equiv 1 \\pmod{...' tokens=970 visible=336 reason=- cost=- latency=47.2s
     correct pred='Yes.' tokens=1337 visible=295 reason=- cost=- latency=41.4s
     correct pred='$\\frac{7}{16}$' tokens=946 visible=273 reason=- cost=- latency=41.0s
     correct pred='\\(\\frac{7}{16}\\)' tokens=1487 visible=300 reason=- cost=- latency=39.2s
     wrong   pred='15' tokens=836 visible=309 reason=- cost=- latency=36.4s
     wrong   pred='540' tokens=1191 visible=264 reason=- cost=- latency=32.6s
     correct pred='0' tokens=724 visible=171 reason=- cost=- latency=29.0s
     correct pred='0' tokens=1339 visible=208 reason=- cost=- latency=28.9s
     wrong   pred='$50\\pi^2$.' tokens=1230 visible=463 reason=- cost=- latency=34.2s
     wrong   pred='\\(300 \\ln 2\\)' tokens=1547 visible=448 reason=- cost=- latency=37.3s
     wrong   pred='All real numbers \\(x\\).' tokens=1195 visible=554 reason=- cost=- latency=42.2s
     wrong   pred='All real numbers \\(x\\).' tokens=1498 visible=431 reason=- cost=- latency=46.1s
     correct pred='10' tokens=1297 visible=418 reason=- cost=- latency=54.8s
     correct pred='\\( 10 \\).' tokens=1525 visible=355 reason=- cost=- latency=58.6s
     correct pred='\\(B_m\\)' tokens=790 visible=272 reason=- cost=- latency=52.4s
     correct pred='\\(B_m\\)' tokens=1186 visible=244 reason=- cost=- latency=47.6s
     wrong   pred='No.' tokens=666 visible=290 reason=- cost=- latency=42.0s
     wrong   pred='Yes, it is always true that \\( R_{0} ...' tokens=1033 visible=391 reason=- cost=- latency=39.6s
     correct pred='\\(2(e^7 - e^4)\\).' tokens=1555 visible=587 reason=- cost=- latency=41.3s
     wrong   pred='The integral provided does not correc...' tokens=2183 visible=683 reason=- cost=- latency=46.4s
     wrong   pred='205' tokens=1086 visible=288 reason=- cost=- latency=49.6s
     wrong   pred='165' tokens=1402 visible=214 reason=- cost=- latency=50.8s
     wrong   pred='46' tokens=1295 visible=535 reason=- cost=- latency=56.4s
     wrong   pred='427' tokens=2274 visible=826 reason=- cost=- latency=67.4s
     correct pred='$\\frac{1}{2}$' tokens=1147 visible=329 reason=- cost=- latency=62.8s
     wrong   pred='$\\frac{1}{3}$' tokens=1328 visible=155 reason=- cost=- latency=53.3s
     wrong   pred='Yes, \\(P\\) is necessarily bounded.' tokens=868 visible=316 reason=- cost=- latency=51.6s
     wrong   pred='Yes, \\( P \\) is necessarily bounded.' tokens=1259 visible=309 reason=- cost=- latency=52.1s
     correct pred='\\( e^{22} \\).' tokens=1027 visible=268 reason=- cost=- latency=48.9s
     correct pred='\\(e^{22}\\)' tokens=1442 visible=177 reason=- cost=- latency=38.4s
     wrong   pred='1680' tokens=824 visible=316 reason=- cost=- latency=34.3s
     wrong   pred='120' tokens=1268 visible=397 reason=- cost=- latency=34.4s
     wrong   pred='017' tokens=1338 visible=555 reason=- cost=- latency=40.0s
     wrong   pred='31' tokens=1541 visible=323 reason=- cost=- latency=41.6s
     wrong   pred='The possible values of $(z_1, z_2)$ a...' tokens=1163 visible=374 reason=- cost=- latency=43.3s
     wrong   pred='The possible values of \\( z_1 \\) and ...' tokens=1629 visible=369 reason=- cost=- latency=45.7s
     wrong   pred='\\(V^T A V = 0\\) and \\(V^T B V = 0\\).' tokens=1131 visible=297 reason=- cost=- latency=47.4s
     wrong   pred='\\(V^{T} A V = 0\\) and \\(V^{T} B V = 0\\).' tokens=1601 visible=211 reason=- cost=- latency=46.7s
     wrong   pred='8' tokens=1803 visible=830 reason=- cost=- latency=54.3s
     correct pred='12' tokens=2305 visible=740 reason=- cost=- latency=67.3s
     wrong   pred='4' tokens=1179 visible=310 reason=- cost=- latency=66.1s
     correct pred='6' tokens=1530 visible=198 reason=- cost=- latency=61.8s
     wrong   pred='Yes, the function can be defined at \\...' tokens=792 visible=254 reason=- cost=- latency=61.1s
     wrong   pred='Yes, the function \\( f(x) = x^{\\frac{...' tokens=1248 visible=371 reason=- cost=- latency=64.7s
     correct pred='12600' tokens=975 visible=333 reason=- cost=- latency=52.9s
     correct pred='12600' tokens=1333 visible=282 reason=- cost=- latency=39.5s
     wrong   pred='The sequence \\((x_n)\\) is dense in th...' tokens=972 visible=286 reason=- cost=- latency=36.9s
     wrong   pred='The sequence \\((x_n)_{n=1}^\\infty\\) i...' tokens=1475 visible=261 reason=- cost=- latency=36.9s
     correct pred='1729' tokens=1100 visible=336 reason=- cost=- latency=39.4s
     correct pred='1729' tokens=1482 visible=302 reason=- cost=- latency=39.1s
     correct pred='280' tokens=944 visible=330 reason=- cost=- latency=38.5s
     correct pred='280' tokens=1255 visible=255 reason=- cost=- latency=37.1s
     wrong   pred='\\(1\\)' tokens=1459 visible=514 reason=- cost=- latency=44.5s
     correct pred='\\(\\sqrt{ab}\\).' tokens=1800 visible=368 reason=- cost=- latency=49.6s
     wrong   pred='\\(1\\).' tokens=795 visible=200 reason=- cost=- latency=45.9s
     wrong   pred='\\(e^{1/2}\\)' tokens=1430 visible=340 reason=- cost=- latency=46.6s
     wrong   pred='\\( \\frac{1}{101} \\)' tokens=1083 visible=293 reason=- cost=- latency=47.6s
     wrong   pred='\\( 1 \\)' tokens=1547 visible=276 reason=- cost=- latency=49.8s
     correct pred='$\\frac{1}{6}$' tokens=1118 visible=324 reason=- cost=- latency=46.0s
     correct pred='\\frac{1}{6}' tokens=1958 visible=533 reason=- cost=- latency=51.0s
     correct pred='6' tokens=994 visible=405 reason=- cost=- latency=53.4s
     correct pred='6' tokens=1350 visible=359 reason=- cost=- latency=50.9s
     wrong   pred='Yes, there exists a one-parameter sub...' tokens=833 visible=355 reason=- cost=- latency=48.4s
     wrong   pred='Yes, there exists a one-parameter sub...' tokens=1306 visible=405 reason=- cost=- latency=47.1s
     wrong   pred='The function \\( g(x) = E[Y \\mid Y < x...' tokens=1067 visible=313 reason=- cost=- latency=45.4s
     wrong   pred='The function \\( g(x) = E[Y \\mid Y < x...' tokens=1494 visible=279 reason=- cost=- latency=36.3s
     wrong   pred='\\(e^{1/4}\\)' tokens=1132 visible=407 reason=- cost=- latency=38.6s
     wrong   pred='$\\exp\\left(\\frac{1}{6}\\right)$.' tokens=1498 visible=366 reason=- cost=- latency=41.7s
     correct pred='\\(\\frac{3}{176}\\)' tokens=1040 visible=308 reason=- cost=- latency=44.7s
     wrong   pred='$\\frac{1}{48}$' tokens=1332 visible=256 reason=- cost=- latency=45.4s
     correct pred='\\(\\frac{\\pi}{4}\\)' tokens=984 visible=282 reason=- cost=- latency=45.6s
     correct pred='\\(\\frac{\\pi}{4}\\)' tokens=1289 visible=205 reason=- cost=- latency=45.5s
     wrong   pred='Yes, it is true that $U$ must contain...' tokens=1068 visible=289 reason=- cost=- latency=41.7s
     correct pred='Yes.' tokens=1618 visible=285 reason=- cost=- latency=37.4s
     correct pred='\\(\\tan a\\)' tokens=1428 visible=459 reason=- cost=- latency=42.0s
     wrong   pred='\\(2 \\int_0^a \\frac{\\sec^2 x}{e^x + 1}...' tokens=1893 visible=490 reason=- cost=- latency=48.4s
     correct pred='\\( 0 \\).' tokens=1138 visible=421 reason=- cost=- latency=50.1s
     correct pred='0' tokens=1484 visible=391 reason=- cost=- latency=52.0s
     correct pred='\\(-\\frac{3}{2}\\)' tokens=682 visible=152 reason=- cost=- latency=50.3s
     correct pred='$\\frac{-3}{2}$' tokens=946 visible=123 reason=- cost=- latency=48.3s
     wrong   pred='Yes, we can conclude that the sequenc...' tokens=825 visible=293 reason=- cost=- latency=41.1s
     wrong   pred='Yes, the sequence \\( (g_n) \\) is unif...' tokens=1223 visible=375 reason=- cost=- latency=34.3s
     wrong   pred='The power of the most powerful test i...' tokens=1611 visible=589 reason=- cost=- latency=38.9s
     wrong   pred='\\frac{1}{2}' tokens=2021 visible=532 reason=- cost=- latency=42.0s
     wrong   pred='\\(288\\)' tokens=1124 visible=323 reason=- cost=- latency=47.0s
     wrong   pred='\\(-8\\)' tokens=1642 visible=371 reason=- cost=- latency=54.4s
     wrong   pred='The closure of \\(A\\) is \\(\\mathbb{Q} ...' tokens=837 visible=392 reason=- cost=- latency=55.6s
     correct pred='\\((0, \\infty)\\)' tokens=1091 visible=353 reason=- cost=- latency=55.7s

------------------------------------------------------------------------------
Prelim Eval (2500/4000 calls, elapsed 21844.1s)
------------------------------------------------------------------------------
+---+----------+----------+--------------------+---------+--------------+-------------+----------+------------+------------+-------------+----------+
| k | correct  | accuracy | bar                | mean in | mean visible | mean reason | mean out | mean total | reason sum | limit flags | cost     |
+---+----------+----------+--------------------+---------+--------------+-------------+----------+------------+------------+-------------+----------+
| 1 | 471/1250 | 37.7%    | #######........... | 541.6   | 395.5        | -           | 587.7    | 1129.3     | -          | 5           | 0.000000 |
| 2 | 509/1250 | 40.7%    | #######........... | 991.2   | 378.1        | -           | 570.9    | 1562.1     | -          | 4           | 0.000000 |
+---+----------+----------+--------------------+---------+--------------+-------------+----------+------------+------------+-------------+----------+
------------------------------------------------------------------------------
     correct pred='\\(x^2 + y^2 = 25\\).' tokens=753 visible=175 reason=- cost=- latency=46.2s
     wrong   pred='\\((x, y) \\text{ such that } x^2 + y^2...' tokens=1202 visible=202 reason=- cost=- latency=40.1s
     correct pred='Yes' tokens=1087 visible=502 reason=- cost=- latency=38.8s
     correct pred='Yes' tokens=1432 visible=287 reason=- cost=- latency=34.0s
     wrong   pred='\\(f(x, y) = e^{xy}\\).' tokens=851 visible=248 reason=- cost=- latency=32.5s
     wrong   pred='\\( f(x, y) = e^{xy} \\)' tokens=1174 visible=177 reason=- cost=- latency=30.2s
     wrong   pred='\\( 2 + 2\\sqrt{3} \\).' tokens=1666 visible=631 reason=- cost=- latency=40.5s
     wrong   pred='\\sqrt{2}' tokens=2067 visible=441 reason=- cost=- latency=47.1s
     correct pred='$\\frac{1}{3}$' tokens=1627 visible=569 reason=- cost=- latency=55.2s
     correct pred='\\(\\frac{1}{3}\\)' tokens=1906 visible=497 reason=- cost=- latency=62.5s
     wrong   pred='\\( x = 6 \\)' tokens=1198 visible=420 reason=- cost=- latency=67.1s
     correct pred='6' tokens=1755 visible=488 reason=- cost=- latency=74.8s
     wrong   pred='\\( \\mathbb{P}(\\mathbb{E}(Y|X)=3) = 0....' tokens=908 visible=231 reason=- cost=- latency=66.5s
     correct pred='0.0819' tokens=1408 visible=272 reason=- cost=- latency=62.1s
     wrong   pred='Yes, the restriction of \\( S \\) to an...' tokens=1097 visible=552 reason=- cost=- latency=55.7s
     wrong   pred='Yes, the restriction of \\( S \\) to \\(...' tokens=1378 visible=408 reason=- cost=- latency=50.2s
     correct pred='0' tokens=629 visible=221 reason=- cost=- latency=44.4s
     correct pred='0' tokens=728 visible=111 reason=- cost=- latency=34.4s
     correct pred='\\((- \\infty, -1) \\cup (4, \\infty)\\)' tokens=1097 visible=387 reason=- cost=- latency=37.7s
     wrong   pred='\\((-∞, -1) ∪ (4, ∞)\\)' tokens=1303 visible=273 reason=- cost=- latency=37.7s
     correct pred='\\(-\\frac{1}{4}\\)' tokens=1097 visible=293 reason=- cost=- latency=37.1s
     correct pred='\\(-\\frac{1}{4}\\)' tokens=1554 visible=321 reason=- cost=- latency=38.8s
     correct pred='\\(\\frac{75}{4}\\).' tokens=982 visible=351 reason=- cost=- latency=41.9s
     wrong   pred='18.75' tokens=1657 visible=463 reason=- cost=- latency=51.6s
     wrong   pred='Yes, the 1997-sided polygon must be a...' tokens=860 visible=310 reason=- cost=- latency=47.7s
     wrong   pred='Yes, the 1997-sided polygon must be a...' tokens=1372 visible=426 reason=- cost=- latency=47.5s
     wrong   pred='The sequence of random variables $X(k...' tokens=1116 visible=379 reason=- cost=- latency=47.5s
     wrong   pred='The sequence adheres to the weak law ...' tokens=1648 visible=413 reason=- cost=- latency=47.9s
     correct pred='Yes.' tokens=954 visible=300 reason=- cost=- latency=45.8s
     wrong   pred='True' tokens=1467 visible=281 reason=- cost=- latency=39.6s
     wrong   pred='2' tokens=1008 visible=264 reason=- cost=- latency=41.9s
     wrong   pred='2' tokens=1395 visible=265 reason=- cost=- latency=42.6s
     wrong   pred='$(-\\infty, 1) \\cup (3, +\\infty)$' tokens=1179 visible=328 reason=- cost=- latency=42.6s
     correct pred='$(1, 3)$' tokens=1837 visible=405 reason=- cost=- latency=43.7s
     wrong   pred='3' tokens=1363 visible=451 reason=- cost=- latency=48.0s
     wrong   pred='\\(a = 3\\)' tokens=1960 visible=405 reason=- cost=- latency=51.9s
     wrong   pred='\\( 0 \\).' tokens=1006 visible=334 reason=- cost=- latency=51.7s
     wrong   pred='\\( 27\\pi \\).' tokens=1610 visible=487 reason=- cost=- latency=54.6s
     wrong   pred='\\( \\frac{5}{32} \\).' tokens=1476 visible=491 reason=- cost=- latency=59.0s
     wrong   pred='$\\frac{1}{32}$.' tokens=1685 visible=356 reason=- cost=- latency=56.9s
     wrong   pred='\\(-2e\\sin(t)\\cos(t)(3 - 2\\sin^2(t))\\)' tokens=1436 visible=529 reason=- cost=- latency=61.0s
     wrong   pred='-2e (\\cos^4(t)(\\sin(t) + \\cos(t)) - 2...' tokens=2528 visible=857 reason=- cost=- latency=75.1s
     correct pred='240' tokens=1223 visible=382 reason=- cost=- latency=76.7s
     wrong   pred='288' tokens=1970 visible=495 reason=- cost=- latency=78.6s
     wrong   pred='Yes, there exists a sequence of simpl...' tokens=1205 visible=473 reason=- cost=- latency=74.4s
     correct pred='Yes.' tokens=1632 visible=377 reason=- cost=- latency=73.1s
     correct pred='\\(18\\)' tokens=1210 visible=426 reason=- cost=- latency=69.1s
     correct pred='18' tokens=1722 visible=449 reason=- cost=- latency=56.0s
     wrong   pred='17' tokens=940 visible=239 reason=- cost=- latency=53.5s
     correct pred='10' tokens=1960 visible=517 reason=- cost=- latency=56.3s
     wrong   pred='\\(4\\pi\\)' tokens=1639 visible=634 reason=- cost=- latency=62.9s
     correct pred='\\( 8\\pi \\)' tokens=2058 visible=521 reason=- cost=- latency=70.0s
     wrong   pred='\\(45^\\circ\\)' tokens=1464 visible=576 reason=- cost=- latency=73.3s
     wrong   pred='$60^\\circ$' tokens=1870 visible=513 reason=- cost=- latency=74.6s
     correct pred='Yes.' tokens=1030 visible=410 reason=- cost=- latency=75.7s
     wrong   pred='Yes, \\( \\frac{f(z)}{g(z)} \\) can be a...' tokens=1441 visible=388 reason=- cost=- latency=67.8s
     wrong   pred='\\frac{8}{5}' tokens=1106 visible=304 reason=- cost=- latency=58.3s
     wrong   pred='$\\frac{9}{2}$' tokens=1792 visible=362 reason=- cost=- latency=50.8s
     wrong   pred='The limit does not converge to a fini...' tokens=918 visible=279 reason=- cost=- latency=44.3s
     wrong   pred='\\(e\\)' tokens=1370 visible=311 reason=- cost=- latency=39.9s
     wrong   pred='\\(2\\pi \\sqrt{\\frac{-5 + \\sqrt{21}}{2}...' tokens=1916 visible=719 reason=- cost=- latency=52.2s
     wrong   pred='\\frac{\\pi}{\\sqrt{2}}' tokens=2199 visible=649 reason=- cost=- latency=62.2s
     wrong   pred='Yes, for any exponent \\( m > 0 \\), th...' tokens=1083 visible=318 reason=- cost=- latency=63.2s
     wrong   pred='Yes, for any exponent \\( m > 0 \\), th...' tokens=1512 visible=252 reason=- cost=- latency=61.5s
     wrong   pred='\\(u(x, y) = xy\\).' tokens=1476 visible=672 reason=- cost=- latency=68.9s
     wrong   pred='\\[ u(x, y) = \\sum_{n=1}^{\\infty} \\lef...' tokens=2056 visible=638 reason=- cost=- latency=77.3s
     correct pred='2079' tokens=1003 visible=381 reason=- cost=- latency=65.0s
     correct pred='2079' tokens=1461 visible=377 reason=- cost=- latency=55.9s
     wrong   pred='33' tokens=1503 visible=558 reason=- cost=- latency=62.4s
     correct pred='68' tokens=1846 visible=431 reason=- cost=- latency=68.2s
     wrong   pred='\\( p > 1 \\)' tokens=1081 visible=355 reason=- cost=- latency=62.0s
     correct pred='\\( p < 1 \\).' tokens=1848 visible=530 reason=- cost=- latency=58.1s
     correct pred='81' tokens=1083 visible=379 reason=- cost=- latency=60.0s
     correct pred='\\( 81 \\).' tokens=1318 visible=277 reason=- cost=- latency=59.6s
     wrong   pred='$\\frac{4}{9}$' tokens=1204 visible=416 reason=- cost=- latency=56.4s
     wrong   pred='\\frac{2 \\cos^2(0.111\\pi)}{\\pi}' tokens=1831 visible=532 reason=- cost=- latency=58.8s
     correct pred='False' tokens=1531 visible=604 reason=- cost=- latency=66.5s
     correct pred='False' tokens=1453 visible=422 reason=- cost=- latency=63.3s
     wrong   pred='Yes, such an operator \\( B \\) exists.' tokens=1263 visible=497 reason=- cost=- latency=64.2s
     correct pred='Yes.' tokens=1819 visible=484 reason=- cost=- latency=67.9s
     correct pred='\\frac{3}{2}' tokens=1093 visible=339 reason=- cost=- latency=66.0s
     correct pred='\\(\\frac{3}{2}\\)' tokens=1522 visible=340 reason=- cost=- latency=61.0s
     wrong   pred='289' tokens=1631 visible=581 reason=- cost=- latency=61.2s
     wrong   pred='4' tokens=2016 visible=441 reason=- cost=- latency=66.8s
     wrong   pred='\\( f(n) = 9n \\).' tokens=1410 visible=510 reason=- cost=- latency=69.2s
     wrong   pred='\\( f(n) = 9n \\).' tokens=1753 visible=423 reason=- cost=- latency=68.9s
     wrong   pred='\\(3x - y - 259.447 = 0\\)' tokens=1506 visible=601 reason=- cost=- latency=75.0s
     wrong   pred='\\(3x - y + 20\\sqrt{\\frac{13}{2}} = 0\\)' tokens=1542 visible=348 reason=- cost=- latency=75.8s
     wrong   pred='\\[ \\ln(L) = \\lim_{n\\' tokens=2672 visible=1029 reason=- cost=- latency=89.9s flags=hit_max_tokens
     token warning: completion=2048/2048, reasoning=-, visible=1029
     wrong   pred='$\\dfrac{2}{e}$' tokens=1809 visible=367 reason=- cost=- latency=85.5s
     correct pred='Yes.' tokens=1112 visible=332 reason=- cost=- latency=79.7s
     wrong   pred="Yes, we can deduce that \\(f'\\) (i.e.,..." tokens=1754 visible=344 reason=- cost=- latency=76.9s
     wrong   pred='Yes, it does follow that \\( f^{-1} \\)...' tokens=953 visible=377 reason=- cost=- latency=67.9s
     wrong   pred='Yes, if \\( f \\) carries every connect...' tokens=1523 visible=438 reason=- cost=- latency=65.7s
     wrong   pred='\\( f(x) = 5x - 2 \\).' tokens=1568 visible=492 reason=- cost=- latency=49.1s
     wrong   pred='\\( f(x) = 5x + 4 \\).' tokens=1851 visible=329 reason=- cost=- latency=47.9s
     correct pred='\\( 3m - 1 \\)' tokens=975 visible=408 reason=- cost=- latency=48.1s
     correct pred='\\( 3m - 1 \\)' tokens=1361 visible=355 reason=- cost=- latency=46.2s
     correct pred='Yes.' tokens=806 visible=289 reason=- cost=- latency=46.1s
     wrong   pred='Yes, there exists a group in which tw...' tokens=1008 visible=233 reason=- cost=- latency=42.5s

------------------------------------------------------------------------------
Prelim Eval (2600/4000 calls, elapsed 22792.4s)
------------------------------------------------------------------------------
+---+----------+----------+--------------------+---------+--------------+-------------+----------+------------+------------+-------------+----------+
| k | correct  | accuracy | bar                | mean in | mean visible | mean reason | mean out | mean total | reason sum | limit flags | cost     |
+---+----------+----------+--------------------+---------+--------------+-------------+----------+------------+------------+-------------+----------+
| 1 | 489/1300 | 37.6%    | #######........... | 542.3   | 396.9        | -           | 590.5    | 1132.7     | -          | 6           | 0.000000 |
| 2 | 528/1300 | 40.6%    | #######........... | 992.5   | 378.9        | -           | 572.9    | 1565.4     | -          | 4           | 0.000000 |
+---+----------+----------+--------------------+---------+--------------+-------------+----------+------------+------------+-------------+----------+
------------------------------------------------------------------------------
     wrong   pred='The set \\(B\\) is a Borel set.' tokens=982 visible=414 reason=- cost=- latency=37.9s
     correct pred='Yes' tokens=1389 visible=481 reason=- cost=- latency=39.3s
     wrong   pred='943' tokens=1994 visible=700 reason=- cost=- latency=54.0s
     wrong   pred='935' tokens=2226 visible=610 reason=- cost=- latency=66.7s
     correct pred='\\( \\frac{\\pi}{4} \\)' tokens=952 visible=335 reason=- cost=- latency=68.2s
     correct pred='\\(\\frac{\\pi}{4}\\).' tokens=1230 visible=251 reason=- cost=- latency=70.3s
     wrong   pred='\\( C = 18 \\).' tokens=1395 visible=480 reason=- cost=- latency=74.0s
     wrong   pred='The greatest real number \\( C \\) is \\...' tokens=1840 visible=463 reason=- cost=- latency=76.0s
     correct pred='\\(\\sqrt{39}\\)' tokens=867 visible=186 reason=- cost=- latency=59.6s
     correct pred='\\(\\sqrt{39}\\)' tokens=1230 visible=143 reason=- cost=- latency=45.0s
     wrong   pred='12' tokens=989 visible=267 reason=- cost=- latency=45.3s
     wrong   pred='$12$' tokens=1568 visible=430 reason=- cost=- latency=49.7s
     correct pred='73' tokens=902 visible=252 reason=- cost=- latency=42.2s
     wrong   pred='511' tokens=1655 visible=383 reason=- cost=- latency=38.6s
     wrong   pred='\\(673A\\).' tokens=1158 visible=403 reason=- cost=- latency=41.7s
     wrong   pred='\\(1346I_2\\).' tokens=1489 visible=251 reason=- cost=- latency=43.3s
     correct pred='2n-1' tokens=895 visible=369 reason=- cost=- latency=41.7s
     correct pred='2n-1' tokens=1223 visible=269 reason=- cost=- latency=36.1s
     wrong   pred='\\frac{2}{3}' tokens=1531 visible=563 reason=- cost=- latency=47.3s
     correct pred='\\( \\frac{27}{40} \\)' tokens=1256 visible=281 reason=- cost=- latency=46.0s
     wrong   pred='7.5' tokens=1222 visible=460 reason=- cost=- latency=46.7s
     wrong   pred='11.84' tokens=1750 visible=392 reason=- cost=- latency=49.5s
     correct pred='8' tokens=931 visible=346 reason=- cost=- latency=50.1s
     correct pred='8' tokens=1591 visible=484 reason=- cost=- latency=55.6s
     wrong   pred='\\( \\lim_{x \\to 0}\\frac{1}{x}\\int_0^x ...' tokens=744 visible=230 reason=- cost=- latency=45.6s
     wrong   pred='\\(\\lim_{x \\to 0}\\frac{1}{x}\\int_0^x f...' tokens=1031 visible=261 reason=- cost=- latency=45.2s
     wrong   pred='Yes, the orthogonal projection of an ...' tokens=835 visible=426 reason=- cost=- latency=42.0s
     wrong   pred='Yes, the orthogonal projection of an ...' tokens=1169 visible=374 reason=- cost=- latency=38.5s
     wrong   pred='\\( t = 10 \\)' tokens=746 visible=196 reason=- cost=- latency=37.1s
     correct pred='10' tokens=1040 visible=179 reason=- cost=- latency=31.9s
     wrong   pred='\\( T_n = n! + (n-1)! \\cdot 2^{n-1} \\)' tokens=1434 visible=529 reason=- cost=- latency=39.4s
     wrong   pred='\\( T_n = n! + (n^2 - 1) \\)' tokens=2039 visible=558 reason=- cost=- latency=49.1s
     correct pred='\\( 15 \\).' tokens=1570 visible=612 reason=- cost=- latency=58.1s
     wrong   pred='\\( L = 15 \\).' tokens=2152 visible=656 reason=- cost=- latency=69.2s
     wrong   pred='Yes, there exists a bounded continuou...' tokens=1154 visible=483 reason=- cost=- latency=72.5s
     correct pred='Yes.' tokens=1776 visible=481 reason=- cost=- latency=77.7s
     correct pred='True' tokens=1306 visible=481 reason=- cost=- latency=74.1s
     wrong   pred='False' tokens=1786 visible=412 reason=- cost=- latency=66.9s
     correct pred='Yes.' tokens=1261 visible=477 reason=- cost=- latency=62.5s
     wrong   pred='Yes, \\( X_n Y_n \\) converges in proba...' tokens=1642 visible=394 reason=- cost=- latency=55.2s
     wrong   pred='Yes, there exists a function \\(g\\) su...' tokens=1262 visible=521 reason=- cost=- latency=56.7s
     correct pred='\\text{Yes}' tokens=1684 visible=394 reason=- cost=- latency=55.5s
     correct pred='\\(x^2 + x + 1\\)' tokens=1360 visible=495 reason=- cost=- latency=58.5s
     correct pred='\\(x^2 + x + 1\\)' tokens=1851 visible=551 reason=- cost=- latency=64.2s
     correct pred='7' tokens=804 visible=279 reason=- cost=- latency=58.9s
     correct pred='7' tokens=1051 visible=144 reason=- cost=- latency=52.7s
     correct pred='6' tokens=1066 visible=316 reason=- cost=- latency=50.3s
     correct pred='6' tokens=1342 visible=209 reason=- cost=- latency=46.3s
     correct pred='24' tokens=1464 visible=488 reason=- cost=- latency=45.4s
     wrong   pred='26' tokens=2155 visible=552 reason=- cost=- latency=45.1s
     wrong   pred='\\frac{1}{e}' tokens=1231 visible=363 reason=- cost=- latency=49.5s
     wrong   pred='The disc of convergence for the power...' tokens=1497 visible=241 reason=- cost=- latency=52.8s
     correct pred='\\((n-1)2^n + 1\\).' tokens=1435 visible=511 reason=- cost=- latency=57.5s
     correct pred='\\((n-1)2^n + 1\\).' tokens=1756 visible=344 reason=- cost=- latency=62.0s
     correct pred='-1' tokens=625 visible=93 reason=- cost=- latency=52.2s
     correct pred='-1' tokens=1221 visible=213 reason=- cost=- latency=42.8s
     correct pred='\\frac{3}{4}' tokens=944 visible=327 reason=- cost=- latency=39.8s
     correct pred='$\\frac{3}{4}$.' tokens=1274 visible=232 reason=- cost=- latency=38.6s
     correct pred='9' tokens=959 visible=345 reason=- cost=- latency=32.6s
     correct pred='9' tokens=1500 visible=347 reason=- cost=- latency=30.6s
     correct pred='1/10' tokens=894 visible=418 reason=- cost=- latency=34.8s
     correct pred='1/10' tokens=1074 visible=190 reason=- cost=- latency=33.2s
     wrong   pred='No' tokens=385 visible=95 reason=- cost=- latency=28.4s
     correct pred='Yes' tokens=772 visible=227 reason=- cost=- latency=27.8s
     wrong   pred='380' tokens=1314 visible=424 reason=- cost=- latency=32.8s
     wrong   pred='390.5' tokens=1848 visible=419 reason=- cost=- latency=37.7s
     correct pred='0' tokens=834 visible=297 reason=- cost=- latency=38.2s
     correct pred='0' tokens=1180 visible=313 reason=- cost=- latency=42.5s
     wrong   pred='\\(\\sqrt{3} - \\frac{1}{2}\\).' tokens=1370 visible=470 reason=- cost=- latency=53.1s
     correct pred='\\(\\sqrt{3}\\)' tokens=1478 visible=329 reason=- cost=- latency=56.1s
     correct pred='0' tokens=955 visible=392 reason=- cost=- latency=52.8s
     correct pred='0' tokens=1358 visible=457 reason=- cost=- latency=49.6s
     wrong   pred='(50, 1497)' tokens=1647 visible=485 reason=- cost=- latency=56.7s
     wrong   pred='(23, 506)' tokens=2402 visible=562 reason=- cost=- latency=65.2s
     wrong   pred='1' tokens=1584 visible=537 reason=- cost=- latency=68.8s
     wrong   pred='79' tokens=2137 visible=620 reason=- cost=- latency=79.2s
     correct pred='\\((1, -2)\\)' tokens=1074 visible=390 reason=- cost=- latency=80.9s
     correct pred='(1, -2)' tokens=1151 visible=264 reason=- cost=- latency=77.8s
     correct pred='\\frac{1}{24}' tokens=1493 visible=518 reason=- cost=- latency=78.0s
     correct pred='\\frac{1}{24}' tokens=1728 visible=447 reason=- cost=- latency=73.2s
     correct pred='113' tokens=1482 visible=528 reason=- cost=- latency=70.8s
     wrong   pred='19' tokens=1833 visible=480 reason=- cost=- latency=64.7s
     wrong   pred='\\(8\\sqrt{5} + 16\\)' tokens=1402 visible=418 reason=- cost=- latency=65.9s
     wrong   pred='\\(20 + 8\\sqrt{2}\\)' tokens=1769 visible=318 reason=- cost=- latency=67.8s
     correct pred='\\( f(x+T) - f(x) \\).' tokens=843 visible=290 reason=- cost=- latency=59.7s
     correct pred='\\( f(x+T) - f(x) \\)' tokens=1096 visible=228 reason=- cost=- latency=52.9s
     wrong   pred='Yes, the non-falling rank of smooth m...' tokens=860 visible=348 reason=- cost=- latency=45.1s
     wrong   pred='Yes, the non-falling rank of smooth m...' tokens=1349 visible=437 reason=- cost=- latency=40.3s
     wrong   pred='7' tokens=1776 visible=974 reason=- cost=- latency=47.3s
     wrong   pred='7' tokens=1884 visible=335 reason=- cost=- latency=51.9s
     wrong   pred='\\frac{85}{9}' tokens=1568 visible=595 reason=- cost=- latency=61.8s
     wrong   pred='\\frac{106}{9}' tokens=2076 visible=638 reason=- cost=- latency=74.8s
     wrong   pred='The function \\( y = \\frac{\\ln{(\\pi + ...' tokens=1215 visible=446 reason=- cost=- latency=79.5s
     wrong   pred='The function is decreasing on \\( (0, ...' tokens=1702 visible=474 reason=- cost=- latency=83.8s
     wrong   pred='\\( 2\\theta^2 \\).' tokens=862 visible=268 reason=- cost=- latency=72.3s
     wrong   pred='$2\\sqrt{2}$' tokens=1493 visible=402 reason=- cost=- latency=70.1s
     correct pred='$\\frac{1}{2}$' tokens=1380 visible=482 reason=- cost=- latency=66.7s
     correct pred='$\\frac{1}{2}$' tokens=1823 visible=468 reason=- cost=- latency=61.8s
     wrong   pred='Yes, there exists a prime number in t...' tokens=1153 visible=163 reason=- cost=- latency=55.1s
     wrong   pred='存在' tokens=2051 visible=102 reason=- cost=- latency=48.5s

------------------------------------------------------------------------------
Prelim Eval (2700/4000 calls, elapsed 23695.7s)
------------------------------------------------------------------------------
+---+----------+----------+--------------------+---------+--------------+-------------+----------+------------+------------+-------------+----------+
| k | correct  | accuracy | bar                | mean in | mean visible | mean reason | mean out | mean total | reason sum | limit flags | cost     |
+---+----------+----------+--------------------+---------+--------------+-------------+----------+------------+------------+-------------+----------+
| 1 | 513/1350 | 38.0%    | #######........... | 542.0   | 397.4        | -           | 591.8    | 1133.8     | -          | 6           | 0.000000 |
| 2 | 553/1350 | 41.0%    | #######........... | 992.1   | 378.7        | -           | 573.6    | 1565.7     | -          | 4           | 0.000000 |
+---+----------+----------+--------------------+---------+--------------+-------------+----------+------------+------------+-------------+----------+
------------------------------------------------------------------------------
     wrong   pred='$2n^2 + 3n - 2$' tokens=1255 visible=422 reason=- cost=- latency=52.5s
     wrong   pred='\\frac{(3n-2)(3n-3)}{2}' tokens=1489 visible=325 reason=- cost=- latency=49.3s
     correct pred='Yes' tokens=613 visible=105 reason=- cost=- latency=38.8s
     correct pred='Yes' tokens=1017 visible=101 reason=- cost=- latency=28.1s
     wrong   pred='Yes, \\(A\\) and \\(B\\) have a common ei...' tokens=797 visible=296 reason=- cost=- latency=30.1s
     wrong   pred='Yes, matrices \\(A\\) and \\(B\\) have a ...' tokens=1076 visible=250 reason=- cost=- latency=30.2s
     wrong   pred='2006' tokens=919 visible=250 reason=- cost=- latency=25.0s
     wrong   pred='2006' tokens=1327 visible=227 reason=- cost=- latency=22.1s
     correct pred='\\( \\frac{1}{e} \\)' tokens=1017 visible=269 reason=- cost=- latency=26.4s
     correct pred='\\(\\frac{1}{e}\\)' tokens=1471 visible=240 reason=- cost=- latency=30.1s
     wrong   pred='9' tokens=1956 visible=773 reason=- cost=- latency=44.4s
     wrong   pred='10' tokens=2969 visible=850 reason=- cost=- latency=66.8s
     wrong   pred='\\( x = 0 \\)' tokens=1120 visible=405 reason=- cost=- latency=71.5s
     wrong   pred='\\( x = 0 \\)' tokens=1673 visible=508 reason=- cost=- latency=80.0s
     wrong   pred='709375' tokens=1579 visible=495 reason=- cost=- latency=86.9s
     wrong   pred='706447' tokens=1972 visible=412 reason=- cost=- latency=91.6s
     wrong   pred='No' tokens=1602 visible=464 reason=- cost=- latency=84.5s
     wrong   pred='No' tokens=2448 visible=556 reason=- cost=- latency=72.9s
     correct pred='80' tokens=1033 visible=350 reason=- cost=- latency=70.7s
     correct pred='80' tokens=1629 visible=410 reason=- cost=- latency=68.1s
     wrong   pred='0' tokens=990 visible=347 reason=- cost=- latency=62.3s
     wrong   pred='0' tokens=1885 visible=512 reason=- cost=- latency=66.7s
     correct pred='\\( \\frac{100}{99} \\).' tokens=931 visible=306 reason=- cost=- latency=61.3s
     correct pred='\\( \\frac{100}{99} \\).' tokens=1348 visible=341 reason=- cost=- latency=54.3s
     correct pred='0' tokens=1114 visible=402 reason=- cost=- latency=55.4s
     correct pred='0' tokens=1445 visible=301 reason=- cost=- latency=52.6s
     correct pred='$\\cos 1$.' tokens=726 visible=167 reason=- cost=- latency=48.6s
     correct pred='$\\cos 1$' tokens=1331 visible=257 reason=- cost=- latency=40.1s
     wrong   pred='The equation \\( x = 1 + \\frac{1}{x + ...' tokens=961 visible=405 reason=- cost=- latency=40.6s
     wrong   pred='The equation \\( x = 1 + \\frac{1}{x + ...' tokens=1298 visible=372 reason=- cost=- latency=40.0s
     wrong   pred='There always exists a unitary element...' tokens=1082 visible=259 reason=- cost=- latency=36.5s
     correct pred='Yes.' tokens=2031 visible=461 reason=- cost=- latency=39.0s
     wrong   pred='Yes, the function is constant.' tokens=816 visible=255 reason=- cost=- latency=40.6s
     correct pred='Yes.' tokens=1167 visible=228 reason=- cost=- latency=39.0s
     correct pred='\\(MX = MY\\).' tokens=945 visible=411 reason=- cost=- latency=37.4s
     correct pred='\\( MX = MY \\).' tokens=1271 visible=265 reason=- cost=- latency=34.0s
     wrong   pred='Yes, it is possible to transform the ...' tokens=801 visible=254 reason=- cost=- latency=32.9s
     correct pred='Yes' tokens=1284 visible=259 reason=- cost=- latency=28.1s
     correct pred='\\(\\pi i\\)' tokens=877 visible=269 reason=- cost=- latency=29.6s
     correct pred='\\(\\pi i\\)' tokens=1240 visible=300 reason=- cost=- latency=32.1s
     wrong   pred='Yes, the induced map \\( f \\otimes g :...' tokens=1037 visible=373 reason=- cost=- latency=32.3s
     wrong   pred='Yes, the induced map on the spatial t...' tokens=1527 visible=344 reason=- cost=- latency=33.6s
     wrong   pred='\\frac{\\sqrt{3}}{6}' tokens=1744 visible=676 reason=- cost=- latency=46.5s
     correct pred='\\frac{1}{2}' tokens=2368 visible=751 reason=- cost=- latency=60.6s
     correct pred='8' tokens=936 visible=365 reason=- cost=- latency=61.5s
     correct pred='8' tokens=1347 visible=478 reason=- cost=- latency=62.9s
     correct pred='\\(\\frac{\\pi}{2s}\\).' tokens=1384 visible=533 reason=- cost=- latency=68.5s
     wrong   pred='\\( \\frac{\\pi}{2} \\).' tokens=1723 visible=441 reason=- cost=- latency=72.7s
     correct pred='Valid' tokens=1053 visible=258 reason=- cost=- latency=61.8s
     wrong   pred='有效' tokens=1579 visible=138 reason=- cost=- latency=48.5s
     correct pred='$3\\pi^2$.' tokens=2190 visible=862 reason=- cost=- latency=63.4s
     wrong   pred='$2\\pi^2$.' tokens=2208 visible=505 reason=- cost=- latency=69.4s
     wrong   pred='Yes, based on the contradiction betwe...' tokens=1039 visible=484 reason=- cost=- latency=64.7s
     wrong   pred="Yes, we can conclude that Fubini's th..." tokens=1567 visible=478 reason=- cost=- latency=62.9s
     correct pred='\\text{Yes}' tokens=1268 visible=481 reason=- cost=- latency=67.9s
     wrong   pred='Yes, there exists a constant \\( R > 0...' tokens=1274 visible=260 reason=- cost=- latency=67.5s
     correct pred='\\frac{\\pi}{4}' tokens=1398 visible=527 reason=- cost=- latency=57.7s
     correct pred='\\frac{\\pi}{4}' tokens=1891 visible=529 reason=- cost=- latency=56.3s
     wrong   pred='The area of rectangle $D$ is 18 squar...' tokens=972 visible=293 reason=- cost=- latency=54.4s
     correct pred='48' tokens=1398 visible=162 reason=- cost=- latency=50.1s
     wrong   pred="The derived set \\( A' \\) of the irrat..." tokens=787 visible=399 reason=- cost=- latency=45.1s
     wrong   pred='The derived set of irrational numbers...' tokens=919 visible=226 reason=- cost=- latency=43.5s
     correct pred='\\(1297\\).' tokens=1857 visible=707 reason=- cost=- latency=50.0s
     correct pred='1297' tokens=2086 visible=553 reason=- cost=- latency=52.7s
     wrong   pred='\\( (9, 12, 5) \\)' tokens=1886 visible=753 reason=- cost=- latency=65.9s
     wrong   pred='(6, 8, 5)' tokens=1897 visible=469 reason=- cost=- latency=73.3s
     wrong   pred='The SDE has an explicit solution give...' tokens=1347 visible=413 reason=- cost=- latency=75.3s
     wrong   pred='The SDE has an explicit solution and ...' tokens=2634 visible=716 reason=- cost=- latency=87.9s
     wrong   pred='Yes, \\(x\\) and \\(y\\) must be equal.' tokens=1215 visible=521 reason=- cost=- latency=78.4s
     wrong   pred='Yes, \\(x\\) and \\(y\\) must be equal.' tokens=1616 visible=507 reason=- cost=- latency=70.8s
     wrong   pred='\\( b = 2\\sqrt{2} \\)' tokens=1320 visible=482 reason=- cost=- latency=64.8s
     wrong   pred='\\( b = 2\\sqrt{2} \\)' tokens=1728 visible=494 reason=- cost=- latency=66.8s
     correct pred='\\((-3, -1)\\)' tokens=1373 visible=526 reason=- cost=- latency=71.3s
     wrong   pred='\\(x \\in (-\\infty, -3) \\cup (-2, 0) \\c...' tokens=1798 visible=566 reason=- cost=- latency=67.4s
     wrong   pred='\\( p > 2 \\).' tokens=826 visible=264 reason=- cost=- latency=63.6s
     wrong   pred='\\(0 < p < 1\\)' tokens=1276 visible=389 reason=- cost=- latency=62.3s
     wrong   pred='The size of the Jacobian matrix \\( J_...' tokens=1258 visible=405 reason=- cost=- latency=59.8s
     wrong   pred='The size of the resulting Jacobian ma...' tokens=1742 visible=420 reason=- cost=- latency=56.9s
     wrong   pred='True.' tokens=972 visible=320 reason=- cost=- latency=49.9s
     wrong   pred='Yes, a small Euclidean distance \\(d\\)...' tokens=1590 visible=359 reason=- cost=- latency=44.2s
     wrong   pred='D = \\{ z : |z| \\leq 1 \\}' tokens=1313 visible=515 reason=- cost=- latency=49.5s
     wrong   pred='\\mathbb{C}' tokens=1709 visible=480 reason=- cost=- latency=52.4s
     correct pred='\\(W_4\\)' tokens=777 visible=174 reason=- cost=- latency=46.7s
     correct pred='\\( W_4 \\)' tokens=1269 visible=264 reason=- cost=- latency=42.0s
     wrong   pred='No.' tokens=990 visible=385 reason=- cost=- latency=44.8s
     wrong   pred='No, there do not exist five distinct ...' tokens=1360 visible=492 reason=- cost=- latency=46.8s
     wrong   pred='Yes, the function \\( f \\) is measurab...' tokens=1050 visible=280 reason=- cost=- latency=41.2s
     correct pred='Yes' tokens=1674 visible=297 reason=- cost=- latency=36.8s
     wrong   pred='Yes, the restricted function remains ...' tokens=825 visible=410 reason=- cost=- latency=37.9s
     wrong   pred='Yes, the restricted function remains ...' tokens=1160 visible=325 reason=- cost=- latency=37.0s
     correct pred='\\( m > 1 \\).' tokens=963 visible=288 reason=- cost=- latency=35.5s
     correct pred='\\( m > 1 \\).' tokens=1315 visible=242 reason=- cost=- latency=32.7s
     wrong   pred='\\( 1 - \\frac{s}{t} \\)' tokens=1138 visible=375 reason=- cost=- latency=35.9s
     correct pred='\\(\\frac{s}{t}\\).' tokens=1609 visible=341 reason=- cost=- latency=38.8s
     wrong   pred='\\(-4i - 15\\).' tokens=1070 visible=390 reason=- cost=- latency=42.8s
     correct pred='\\(-10i\\)' tokens=1168 visible=228 reason=- cost=- latency=44.0s
     correct pred='\\( \\sqrt{6} \\)' tokens=2077 visible=813 reason=- cost=- latency=58.7s
     correct pred='\\sqrt{6}' tokens=2655 visible=792 reason=- cost=- latency=75.0s
     correct pred='$\\frac{1}{182}$' tokens=1197 visible=465 reason=- cost=- latency=75.4s
     correct pred='$\\frac{1}{182}$' tokens=1773 visible=519 reason=- cost=- latency=76.7s

------------------------------------------------------------------------------
Prelim Eval (2800/4000 calls, elapsed 24595.1s)
------------------------------------------------------------------------------
+---+----------+----------+--------------------+---------+--------------+-------------+----------+------------+------------+-------------+----------+
| k | correct  | accuracy | bar                | mean in | mean visible | mean reason | mean out | mean total | reason sum | limit flags | cost     |
+---+----------+----------+--------------------+---------+--------------+-------------+----------+------------+------------+-------------+----------+
| 1 | 533/1400 | 38.1%    | #######........... | 542.6   | 397.9        | -           | 592.5    | 1135.1     | -          | 6           | 0.000000 |
| 2 | 576/1400 | 41.1%    | #######........... | 993.2   | 379.4        | -           | 574.6    | 1567.8     | -          | 4           | 0.000000 |
+---+----------+----------+--------------------+---------+--------------+-------------+----------+------------+------------+-------------+----------+
------------------------------------------------------------------------------
     wrong   pred='Yes, these two matrices represent the...' tokens=1131 visible=445 reason=- cost=- latency=73.6s
     wrong   pred='Yes, these two matrices represent the...' tokens=1806 visible=447 reason=- cost=- latency=74.9s
     wrong   pred='4' tokens=1142 visible=325 reason=- cost=- latency=61.0s
     wrong   pred='4' tokens=1721 visible=360 reason=- cost=- latency=46.7s
     wrong   pred='90^\\circ' tokens=1418 visible=649 reason=- cost=- latency=50.8s
     wrong   pred='90^\\circ' tokens=1489 visible=352 reason=- cost=- latency=48.8s
     correct pred='60' tokens=642 visible=188 reason=- cost=- latency=45.7s
     correct pred='60' tokens=1079 visible=257 reason=- cost=- latency=43.3s
     correct pred='\\(-\\frac{7}{5}\\)' tokens=827 visible=289 reason=- cost=- latency=42.2s
     correct pred='\\(-\\frac{7}{5}\\)' tokens=1125 visible=276 reason=- cost=- latency=40.7s
     wrong   pred='\\( k < 0 \\).' tokens=1238 visible=469 reason=- cost=- latency=37.8s
     wrong   pred='\\( k < 1 \\).' tokens=1524 visible=375 reason=- cost=- latency=37.7s
     correct pred='63' tokens=1132 visible=469 reason=- cost=- latency=43.6s
     wrong   pred='The order of the element $\\alpha$ in ...' tokens=1481 visible=392 reason=- cost=- latency=47.3s
     wrong   pred="The differential equation \\(x' = \\sqr..." tokens=1013 visible=357 reason=- cost=- latency=48.3s
     wrong   pred='The initial value \\( x_0 \\) must sati...' tokens=1545 visible=506 reason=- cost=- latency=50.8s
     wrong   pred='3' tokens=1049 visible=319 reason=- cost=- latency=47.6s
     wrong   pred='9' tokens=1940 visible=515 reason=- cost=- latency=52.8s
     wrong   pred='61' tokens=1270 visible=532 reason=- cost=- latency=55.0s
     wrong   pred='41' tokens=1533 visible=439 reason=- cost=- latency=55.9s
     wrong   pred='39' tokens=1652 visible=549 reason=- cost=- latency=61.3s
     wrong   pred='\\( a + b + c = 3 + 2 + 3 = 8 \\).' tokens=2459 visible=555 reason=- cost=- latency=67.0s
     wrong   pred='The radius of the can is 5 inches.' tokens=629 visible=156 reason=- cost=- latency=63.0s
     wrong   pred='5' tokens=963 visible=155 reason=- cost=- latency=53.1s
     correct pred='\\(\\sqrt{2}\\).' tokens=1092 visible=419 reason=- cost=- latency=50.5s
     correct pred='\\(\\sqrt{2}\\).' tokens=1548 visible=433 reason=- cost=- latency=50.7s
     correct pred='20' tokens=774 visible=191 reason=- cost=- latency=43.1s
     correct pred='20' tokens=1129 visible=198 reason=- cost=- latency=33.9s
     correct pred='\\(2\\pi\\)' tokens=1398 visible=538 reason=- cost=- latency=42.1s
     wrong   pred='The integral is divergent.' tokens=2141 visible=668 reason=- cost=- latency=53.5s
     wrong   pred='The inequality \\( p_{n+2} \\leq 4(1 + ...' tokens=1152 visible=472 reason=- cost=- latency=54.2s
     wrong   pred='The inequality \\( p_{n+2} \\leq 4(1+2+...' tokens=1647 visible=487 reason=- cost=- latency=55.0s
     wrong   pred='24' tokens=1258 visible=390 reason=- cost=- latency=59.6s
     wrong   pred='48' tokens=1681 visible=323 reason=- cost=- latency=62.7s
     wrong   pred='\\( C = P(\\mathbb{N}) \\)' tokens=561 visible=110 reason=- cost=- latency=53.6s
     wrong   pred='\\( P(\\mathbb{N}) \\)' tokens=1004 visible=205 reason=- cost=- latency=43.1s
     correct pred='49' tokens=856 visible=221 reason=- cost=- latency=39.5s
     correct pred='49' tokens=1384 visible=290 reason=- cost=- latency=37.1s
     correct pred='\\( e^{-\\frac{a^2}{6}} \\).' tokens=1198 visible=431 reason=- cost=- latency=38.3s
     correct pred='\\( e^{-\\frac{a^2}{6}} \\)' tokens=1416 visible=334 reason=- cost=- latency=38.5s
     correct pred='-\\frac{8}{9}' tokens=901 visible=261 reason=- cost=- latency=42.8s
     wrong   pred='\\( -\\frac{16}{9} \\)' tokens=1318 visible=278 reason=- cost=- latency=46.2s
     wrong   pred='$1$.' tokens=1483 visible=519 reason=- cost=- latency=53.0s
     wrong   pred='$e^{-1}$' tokens=1923 visible=316 reason=- cost=- latency=56.3s
     correct pred='\\(\\sin(x)\\)' tokens=586 visible=143 reason=- cost=- latency=47.9s
     correct pred='\\(\\sin(x)\\)' tokens=891 visible=94 reason=- cost=- latency=41.0s
     wrong   pred='3 + 2\\sqrt{3}' tokens=1140 visible=422 reason=- cost=- latency=43.9s
     wrong   pred='$3 + 2\\sqrt{3}$.' tokens=1498 visible=389 reason=- cost=- latency=45.4s
     correct pred='$-\\frac{1}{2}$' tokens=793 visible=200 reason=- cost=- latency=37.0s
     correct pred='$-\\frac{1}{2}$' tokens=1226 visible=199 reason=- cost=- latency=30.1s
     correct pred='$-4k^5$' tokens=618 visible=120 reason=- cost=- latency=30.9s
     correct pred='$-4k^5$' tokens=939 visible=144 reason=- cost=- latency=32.6s
     wrong   pred='2' tokens=1374 visible=489 reason=- cost=- latency=35.8s
     wrong   pred='2' tokens=1757 visible=574 reason=- cost=- latency=39.6s
     wrong   pred='\\( f(x) = -x \\)' tokens=782 visible=213 reason=- cost=- latency=39.4s
     wrong   pred='\\( f(x) = 0 \\)' tokens=1128 visible=134 reason=- cost=- latency=37.9s
     wrong   pred='2' tokens=1292 visible=511 reason=- cost=- latency=44.8s
     wrong   pred='\\(2\\).' tokens=2420 visible=738 reason=- cost=- latency=60.8s
     wrong   pred='95' tokens=1274 visible=386 reason=- cost=- latency=58.1s
     wrong   pred='95' tokens=1629 visible=269 reason=- cost=- latency=53.4s
     wrong   pred='\\( y(t) = e^{-15t} \\).' tokens=1196 visible=385 reason=- cost=- latency=58.9s
     wrong   pred='\\( y(t) = e^{-15t} \\).' tokens=1685 visible=423 reason=- cost=- latency=66.1s
     wrong   pred='\\frac{1}{2}' tokens=1639 visible=656 reason=- cost=- latency=72.9s
     wrong   pred='\\frac{3}{4}' tokens=1787 visible=474 reason=- cost=- latency=67.2s
     wrong   pred='Yes, there exists a polynomial time a...' tokens=931 visible=502 reason=- cost=- latency=64.5s
     wrong   pred='Yes, there exists a polynomial time a...' tokens=1223 visible=446 reason=- cost=- latency=63.0s
     wrong   pred='The given conditions do not necessari...' tokens=1108 visible=477 reason=- cost=- latency=61.7s
     wrong   pred='No, these conditions do not imply tha...' tokens=1397 visible=368 reason=- cost=- latency=57.2s
     wrong   pred='Yes, it is possible to arrange four o...' tokens=721 visible=311 reason=- cost=- latency=43.9s
     wrong   pred='Yes, it is possible to arrange four o...' tokens=1121 visible=288 reason=- cost=- latency=34.1s
     correct pred='False' tokens=696 visible=361 reason=- cost=- latency=32.3s
     wrong   pred='The statement is false.' tokens=1175 visible=591 reason=- cost=- latency=34.9s
     wrong   pred='0' tokens=1010 visible=370 reason=- cost=- latency=35.1s
     wrong   pred='3' tokens=1423 visible=448 reason=- cost=- latency=39.1s
     correct pred='$\\frac{4}{e}$' tokens=1399 visible=450 reason=- cost=- latency=47.3s
     correct pred='$\\frac{4}{e}$' tokens=1955 visible=469 reason=- cost=- latency=56.4s
     correct pred='\\( 2\\zeta(3) \\)' tokens=919 visible=245 reason=- cost=- latency=56.1s
     correct pred='\\(2\\zeta(3)\\)' tokens=1476 visible=275 reason=- cost=- latency=53.6s
     correct pred='$\\frac{7}{32}$' tokens=893 visible=178 reason=- cost=- latency=49.9s
     correct pred='$\\frac{7}{32}$' tokens=1375 visible=169 reason=- cost=- latency=45.1s
     wrong   pred='60' tokens=940 visible=234 reason=- cost=- latency=38.2s
     wrong   pred='0' tokens=1359 visible=174 reason=- cost=- latency=29.1s
     wrong   pred='Yes, an \\( n \\times n \\) diagonalizab...' tokens=754 visible=261 reason=- cost=- latency=28.5s
     wrong   pred='Yes, an \\( n \\times n \\) diagonalizab...' tokens=1136 visible=268 reason=- cost=- latency=26.9s
     wrong   pred='2' tokens=965 visible=374 reason=- cost=- latency=27.1s
     wrong   pred='2' tokens=1581 visible=382 reason=- cost=- latency=28.4s
     correct pred='128' tokens=882 visible=162 reason=- cost=- latency=28.5s
     correct pred='\\( 128 \\)' tokens=1471 visible=219 reason=- cost=- latency=32.1s
     wrong   pred='\\( S_n = \\left( \\frac{n(n+1)}{2} \\rig...' tokens=1349 visible=443 reason=- cost=- latency=40.2s
     wrong   pred='\\left( \\frac{n(2n-1)(2n+1)}{2} \\right)^2' tokens=1667 visible=462 reason=- cost=- latency=47.0s
     correct pred='\\(2^{2009^2}\\)' tokens=890 visible=259 reason=- cost=- latency=46.7s
     correct pred='\\(2^{2009^2}\\)' tokens=1504 visible=380 reason=- cost=- latency=47.3s
     wrong   pred='The statement is correct.' tokens=1074 visible=327 reason=- cost=- latency=49.5s
     correct pred='Correct' tokens=1580 visible=345 reason=- cost=- latency=50.1s
     wrong   pred='5' tokens=1215 visible=335 reason=- cost=- latency=45.9s
     wrong   pred='3' tokens=1665 visible=301 reason=- cost=- latency=41.4s
     correct pred='\\(108\\pi\\)' tokens=816 visible=210 reason=- cost=- latency=40.8s
     correct pred='\\(108\\pi\\)' tokens=1356 visible=241 reason=- cost=- latency=39.6s
     correct pred='43' tokens=1464 visible=493 reason=- cost=- latency=45.9s
     correct pred='43' tokens=2008 visible=533 reason=- cost=- latency=53.2s

------------------------------------------------------------------------------
Prelim Eval (2900/4000 calls, elapsed 25373.2s)
------------------------------------------------------------------------------
+---+----------+----------+--------------------+---------+--------------+-------------+----------+------------+------------+-------------+----------+
| k | correct  | accuracy | bar                | mean in | mean visible | mean reason | mean out | mean total | reason sum | limit flags | cost     |
+---+----------+----------+--------------------+---------+--------------+-------------+----------+------------+------------+-------------+----------+
| 1 | 553/1450 | 38.1%    | #######........... | 542.3   | 396.5        | -           | 589.9    | 1132.1     | -          | 6           | 0.000000 |
| 2 | 593/1450 | 40.9%    | #######........... | 992.6   | 378.7        | -           | 573.1    | 1565.6     | -          | 4           | 0.000000 |
+---+----------+----------+--------------------+---------+--------------+-------------+----------+------------+------------+-------------+----------+
------------------------------------------------------------------------------
     correct pred='\\([-1, 1)\\)' tokens=1819 visible=732 reason=- cost=- latency=63.9s
     wrong   pred='The series converges for \\( x \\in [-1...' tokens=1974 visible=621 reason=- cost=- latency=72.1s
     wrong   pred='Yes, the set of all finite linear com...' tokens=990 visible=291 reason=- cost=- latency=73.5s
     wrong   pred='Yes, the set of all finite linear com...' tokens=1613 visible=375 reason=- cost=- latency=75.0s
     correct pred='\\frac{\\pi}{10}' tokens=1575 visible=559 reason=- cost=- latency=74.7s
     correct pred='\\frac{\\pi}{10}' tokens=2232 visible=600 reason=- cost=- latency=73.9s
     wrong   pred='16' tokens=1353 visible=482 reason=- cost=- latency=65.6s
     wrong   pred='160' tokens=1916 visible=418 reason=- cost=- latency=61.7s
     wrong   pred='$\\mathbb{P}(A|\\mathcal{G})(\\omega) =' tokens=1152 visible=372 reason=- cost=- latency=66.1s
     wrong   pred='$\\mathbb{P}(A|\\mathcal{G})(\\omega) =' tokens=1671 visible=486 reason=- cost=- latency=71.4s
     wrong   pred='\\( s < n \\).' tokens=1393 visible=571 reason=- cost=- latency=71.1s
     correct pred='\\( s > \\frac{n}{2} \\)' tokens=1440 visible=370 reason=- cost=- latency=64.4s
     wrong   pred='1927560' tokens=1373 visible=472 reason=- cost=- latency=66.2s
     wrong   pred='The number of permutations where no o...' tokens=1624 visible=504 reason=- cost=- latency=65.3s
     wrong   pred='\\( \\frac{186}{625} \\).' tokens=1376 visible=470 reason=- cost=- latency=68.0s
     correct pred='$\\frac{42}{125}$' tokens=1465 visible=343 reason=- cost=- latency=64.4s
     wrong   pred='\\( x^2 + \\frac{3}{4}y^2 = 1 \\)' tokens=1038 visible=334 reason=- cost=- latency=59.2s
     wrong   pred='\\frac{3}{4}y^2 + x^2 \\leq 1' tokens=1478 visible=366 reason=- cost=- latency=59.9s
     correct pred='\\frac{12}{5}' tokens=1555 visible=573 reason=- cost=- latency=62.4s
     correct pred='\\frac{12}{5}' tokens=1529 visible=334 reason=- cost=- latency=60.7s
     correct pred='121' tokens=532 visible=95 reason=- cost=- latency=49.6s
     correct pred='121' tokens=855 visible=35 reason=- cost=- latency=42.8s
     correct pred='6' tokens=957 visible=327 reason=- cost=- latency=41.2s
     correct pred='6' tokens=1398 visible=337 reason=- cost=- latency=39.0s
     correct pred='$\\frac{8}{15}$' tokens=1336 visible=479 reason=- cost=- latency=36.4s
     correct pred='\\frac{8}{15}' tokens=1637 visible=451 reason=- cost=- latency=38.8s
     wrong   pred='\\( -\\frac{n}{2} \\).' tokens=1149 visible=330 reason=- cost=- latency=46.0s
     wrong   pred='\\frac{1}{2}' tokens=1773 visible=411 reason=- cost=- latency=55.9s
     wrong   pred='1' tokens=1449 visible=578 reason=- cost=- latency=62.8s
     wrong   pred='\\frac{1}{e}' tokens=1692 visible=388 reason=- cost=- latency=67.0s
     correct pred='\\(\\frac{3\\sqrt{10}}{5}\\)' tokens=813 visible=254 reason=- cost=- latency=60.5s
     correct pred='\\frac{3\\sqrt{10}}{5}' tokens=1166 visible=275 reason=- cost=- latency=55.5s
     wrong   pred='Yes, $\\frac{1}{\\sqrt{n}} \\sum_{i=1}^{...' tokens=1409 visible=484 reason=- cost=- latency=58.5s
     wrong   pred='Yes, it converges in distribution to ...' tokens=1956 visible=561 reason=- cost=- latency=59.7s
     correct pred='\\frac{3}{2}' tokens=1150 visible=411 reason=- cost=- latency=54.9s
     correct pred='\\(\\frac{3}{2}\\).' tokens=1569 visible=281 reason=- cost=- latency=52.1s
     correct pred='\\frac{\\pi}{4}' tokens=866 visible=274 reason=- cost=- latency=52.9s
     wrong   pred='$\\frac{1}{2} \\ln 2$' tokens=1213 visible=312 reason=- cost=- latency=54.0s
     wrong   pred='No, the given inequality does not hol...' tokens=1104 visible=561 reason=- cost=- latency=51.7s
     wrong   pred='No.' tokens=1204 visible=342 reason=- cost=- latency=45.0s
     correct pred='\\( f(X)f(Y)f(Z) \\)' tokens=877 visible=281 reason=- cost=- latency=42.1s
     correct pred='\\( f(X)f(Y)f(Z) \\)' tokens=1317 visible=268 reason=- cost=- latency=40.3s
     correct pred='Yes' tokens=982 visible=281 reason=- cost=- latency=38.0s
     wrong   pred='No' tokens=1537 visible=221 reason=- cost=- latency=34.3s
     correct pred='0' tokens=654 visible=120 reason=- cost=- latency=27.5s
     correct pred='0' tokens=1058 visible=148 reason=- cost=- latency=24.9s
     wrong   pred='250' tokens=1746 visible=613 reason=- cost=- latency=34.7s
     wrong   pred='115' tokens=2247 visible=553 reason=- cost=- latency=42.9s
     wrong   pred='965' tokens=1675 visible=610 reason=- cost=- latency=54.3s
     wrong   pred='117' tokens=1735 visible=446 reason=- cost=- latency=60.1s
     correct pred='(11, 3)' tokens=1304 visible=507 reason=- cost=- latency=69.0s
     correct pred='\\((11, 3)\\)' tokens=1765 visible=554 reason=- cost=- latency=78.4s
     wrong   pred='0' tokens=1136 visible=396 reason=- cost=- latency=70.8s
     wrong   pred='0' tokens=1791 visible=439 reason=- cost=- latency=66.3s
     wrong   pred='\\(2017\\).' tokens=1264 visible=340 reason=- cost=- latency=60.5s
     wrong   pred='$2017$' tokens=1734 visible=340 reason=- cost=- latency=60.6s
     wrong   pred='\\(\\overline{E}^S = E^* \\cap S\\).' tokens=1120 visible=483 reason=- cost=- latency=58.9s
     wrong   pred='\\(\\overline{E}^S = E^* \\cap S\\).' tokens=1347 visible=402 reason=- cost=- latency=54.5s
     correct pred='0.0625' tokens=597 visible=79 reason=- cost=- latency=48.4s
     wrong   pred='\\( \\theta = 0.0625 \\)' tokens=1022 visible=105 reason=- cost=- latency=40.8s
     correct pred='$2 \\ln a$.' tokens=1384 visible=550 reason=- cost=- latency=43.8s
     wrong   pred='\\(0\\)' tokens=1559 visible=434 reason=- cost=- latency=43.9s
     correct pred='Yes.' tokens=937 visible=194 reason=- cost=- latency=38.2s
     wrong   pred='Yes, there exists a \\(y \\in M\\) with ...' tokens=1395 visible=130 reason=- cost=- latency=32.8s
     correct pred='\\(\\pi\\)' tokens=703 visible=221 reason=- cost=- latency=35.0s
     correct pred='\\(\\pi\\)' tokens=1317 visible=409 reason=- cost=- latency=40.9s
     correct pred='(-2, 2)' tokens=752 visible=187 reason=- cost=- latency=31.6s
     correct pred='(-2, 2)' tokens=1181 visible=99 reason=- cost=- latency=25.8s
     wrong   pred="The height of the arc's highest point..." tokens=983 visible=372 reason=- cost=- latency=28.1s
     wrong   pred='0.14' tokens=1708 visible=457 reason=- cost=- latency=36.2s
     correct pred='998' tokens=1282 visible=448 reason=- cost=- latency=42.3s
     wrong   pred='499' tokens=1825 visible=474 reason=- cost=- latency=45.0s
     wrong   pred='The series \\(\\sum_{n \\geq 1} f\\left( ...' tokens=835 visible=244 reason=- cost=- latency=46.6s
     wrong   pred='All real numbers.' tokens=1230 visible=218 reason=- cost=- latency=48.1s
     correct pred='\\frac{1}{2}' tokens=1430 visible=526 reason=- cost=- latency=54.6s
     correct pred='\\frac{1}{2}' tokens=1850 visible=524 reason=- cost=- latency=57.0s
     wrong   pred='4' tokens=1475 visible=481 reason=- cost=- latency=60.7s
     correct pred='16' tokens=1826 visible=434 reason=- cost=- latency=62.7s
     correct pred='Yes' tokens=1091 visible=351 reason=- cost=- latency=65.6s
     correct pred='Yes' tokens=1400 visible=257 reason=- cost=- latency=66.5s
     wrong   pred='The missing conjugacy class is a 7-cy...' tokens=1125 visible=485 reason=- cost=- latency=62.1s
     wrong   pred='\\((12)(34)(56)\\)' tokens=1641 visible=440 reason=- cost=- latency=58.8s
     correct pred='$\\frac{\\pi}{4}$' tokens=1230 visible=385 reason=- cost=- latency=54.7s
     correct pred='$\\frac{\\pi}{4}$' tokens=1700 visible=407 reason=- cost=- latency=51.8s
     correct pred='\\(-\\frac{e}{2}\\).' tokens=1138 visible=343 reason=- cost=- latency=52.1s
     correct pred='\\(- \\frac{e}{2}\\).' tokens=1841 visible=478 reason=- cost=- latency=57.8s
     wrong   pred='\\( 200\\sqrt{10} \\)' tokens=1067 visible=259 reason=- cost=- latency=55.3s
     correct pred='\\( 100\\sqrt{10} \\)' tokens=1633 visible=271 reason=- cost=- latency=51.9s
     wrong   pred='The given equation always holds.' tokens=1182 visible=428 reason=- cost=- latency=52.5s
     wrong   pred='Yes, it is always true.' tokens=1229 visible=229 reason=- cost=- latency=48.1s
     correct pred='0' tokens=1134 visible=389 reason=- cost=- latency=48.7s
     correct pred='\\(0\\)' tokens=1609 visible=455 reason=- cost=- latency=47.0s
     correct pred='1024' tokens=1166 visible=507 reason=- cost=- latency=49.6s
     wrong   pred='2' tokens=1579 visible=475 reason=- cost=- latency=51.4s
     wrong   pred='\\( J = 0 \\).' tokens=1312 visible=494 reason=- cost=- latency=53.9s
     wrong   pred='\\( J = -\\ln 2 \\).' tokens=1835 visible=586 reason=- cost=- latency=64.4s
     wrong   pred='Yes, it is necessary that this heptag...' tokens=1122 visible=393 reason=- cost=- latency=61.9s
     wrong   pred='Yes, the heptagon is necessarily equi...' tokens=1775 visible=416 reason=- cost=- latency=59.6s
     wrong   pred='\\( f(x) = 2x \\).' tokens=1239 visible=424 reason=- cost=- latency=60.3s
     wrong   pred='\\( f(x) = 2x \\)' tokens=1684 visible=399 reason=- cost=- latency=61.1s

------------------------------------------------------------------------------
Prelim Eval (3000/4000 calls, elapsed 26265.7s)
------------------------------------------------------------------------------
+---+----------+----------+--------------------+---------+--------------+-------------+----------+------------+------------+-------------+----------+
| k | correct  | accuracy | bar                | mean in | mean visible | mean reason | mean out | mean total | reason sum | limit flags | cost     |
+---+----------+----------+--------------------+---------+--------------+-------------+----------+------------+------------+-------------+----------+
| 1 | 578/1500 | 38.5%    | #######........... | 542.3   | 396.6        | -           | 591.0    | 1133.3     | -          | 6           | 0.000000 |
| 2 | 614/1500 | 40.9%    | #######........... | 992.7   | 378.7        | -           | 573.3    | 1566.0     | -          | 4           | 0.000000 |
+---+----------+----------+--------------------+---------+--------------+-------------+----------+------------+------------+-------------+----------+
------------------------------------------------------------------------------
     wrong   pred='999' tokens=1226 visible=439 reason=- cost=- latency=58.8s
     wrong   pred='998' tokens=1873 visible=511 reason=- cost=- latency=56.9s
     wrong   pred='The sequence \\(x_n = 10^{(3n+2)} + 4(...' tokens=1263 visible=385 reason=- cost=- latency=61.0s
     wrong   pred='The sequence \\( x_n = 10^{(3n+2)} + 4...' tokens=1810 visible=426 reason=- cost=- latency=65.6s
     wrong   pred='3' tokens=1514 visible=613 reason=- cost=- latency=70.3s
     wrong   pred='3' tokens=1928 visible=604 reason=- cost=- latency=75.2s
     correct pred='yes' tokens=962 visible=438 reason=- cost=- latency=71.1s
     correct pred='Yes' tokens=1240 visible=220 reason=- cost=- latency=61.1s
     correct pred='\\( p-1 \\)' tokens=989 visible=356 reason=- cost=- latency=57.8s
     correct pred='p-1' tokens=1318 visible=312 reason=- cost=- latency=51.8s
     correct pred='4213' tokens=926 visible=234 reason=- cost=- latency=43.8s
     wrong   pred='4024' tokens=1341 visible=249 reason=- cost=- latency=36.4s
     correct pred='8' tokens=754 visible=199 reason=- cost=- latency=34.3s
     correct pred='8' tokens=1251 visible=239 reason=- cost=- latency=36.6s
     wrong   pred='1' tokens=1965 visible=748 reason=- cost=- latency=49.5s
     wrong   pred='\\frac{1}{1}' tokens=1869 visible=590 reason=- cost=- latency=55.0s
     correct pred='\\frac{1}{3}' tokens=1101 visible=351 reason=- cost=- latency=57.4s
     correct pred='\\(\\frac{1}{3}\\)' tokens=1540 visible=379 reason=- cost=- latency=60.1s
     wrong   pred='It is possible to uniquely identify t...' tokens=1064 visible=386 reason=- cost=- latency=64.0s
     wrong   pred='Yes, it is possible to uniquely ident...' tokens=1463 visible=424 reason=- cost=- latency=66.1s
     wrong   pred='\\( 1980 \\).' tokens=1607 visible=457 reason=- cost=- latency=59.1s
     correct pred='8855' tokens=2072 visible=393 reason=- cost=- latency=58.3s
     wrong   pred='\\(a_n = n^{3/2}\\)' tokens=1625 visible=621 reason=- cost=- latency=65.5s
     wrong   pred='\\(a_n = n^{3/2}\\)' tokens=1721 visible=430 reason=- cost=- latency=67.4s
     correct pred='54' tokens=1464 visible=682 reason=- cost=- latency=72.4s
     correct pred='54' tokens=1721 visible=598 reason=- cost=- latency=74.3s
     wrong   pred='\\frac{4}{3}' tokens=1925 visible=814 reason=- cost=- latency=80.8s
     wrong   pred='4' tokens=2077 visible=594 reason=- cost=- latency=84.5s
     wrong   pred='Friday' tokens=673 visible=119 reason=- cost=- latency=70.8s
     wrong   pred='Tuesday' tokens=1182 visible=163 reason=- cost=- latency=63.0s
     correct pred='6' tokens=946 visible=312 reason=- cost=- latency=57.7s
     correct pred='6' tokens=1182 visible=270 reason=- cost=- latency=54.5s
     wrong   pred='-8' tokens=1946 visible=841 reason=- cost=- latency=55.2s
     correct pred='-11' tokens=2156 visible=575 reason=- cost=- latency=57.3s
     correct pred='$8x(1+x)^7$.' tokens=1113 visible=329 reason=- cost=- latency=62.8s
     correct pred='$8x(1+x)^7$' tokens=1491 visible=278 reason=- cost=- latency=65.6s
     wrong   pred='0' tokens=1168 visible=401 reason=- cost=- latency=65.7s
     wrong   pred='0' tokens=1829 visible=474 reason=- cost=- latency=68.7s
     wrong   pred='Yes, the group \\( G = \\mathbb{Z}_n \\)...' tokens=1103 visible=461 reason=- cost=- latency=56.6s
     wrong   pred='Yes, the group \\( G = \\mathbb{Z}_n \\)...' tokens=1397 visible=299 reason=- cost=- latency=45.6s
     wrong   pred='\\( f(x) = x \\).' tokens=1521 visible=466 reason=- cost=- latency=50.0s
     correct pred='\\( f(x) = \\frac{1}{x} \\).' tokens=2077 visible=482 reason=- cost=- latency=55.8s
     wrong   pred='The given equation does not hold true...' tokens=912 visible=373 reason=- cost=- latency=54.9s
     wrong   pred='The equality is verified.' tokens=1164 visible=256 reason=- cost=- latency=50.9s
     wrong   pred='The values of \\( p \\) for which the i...' tokens=1208 visible=458 reason=- cost=- latency=52.0s
     wrong   pred='\\( p > -1 \\).' tokens=1762 visible=476 reason=- cost=- latency=56.6s
     wrong   pred='Yes, this is a valid discrete represe...' tokens=1091 visible=412 reason=- cost=- latency=52.1s
     correct pred='Yes' tokens=1798 visible=571 reason=- cost=- latency=51.5s
     wrong   pred='Yes, there exist projections \\(q_i\\) ...' tokens=1411 visible=549 reason=- cost=- latency=54.9s
     wrong   pred='Yes, there exist projections \\(q_i\\) ...' tokens=1754 visible=387 reason=- cost=- latency=55.9s
     correct pred='\\(\\frac{3}{4}\\).' tokens=849 visible=250 reason=- cost=- latency=52.6s
     correct pred='\\(\\frac{3}{4}\\).' tokens=1120 visible=188 reason=- cost=- latency=46.9s
     wrong   pred='The Fréchet space \\((F(\\omega),d)\\) i...' tokens=1045 visible=446 reason=- cost=- latency=47.1s
     wrong   pred='The Fréchet space \\((F(\\omega),d)\\) i...' tokens=1481 visible=425 reason=- cost=- latency=44.0s
     correct pred='27' tokens=553 visible=88 reason=- cost=- latency=36.0s
     correct pred='27' tokens=952 visible=151 reason=- cost=- latency=33.1s
     correct pred='\\( 0 \\).' tokens=1389 visible=470 reason=- cost=- latency=39.7s
     correct pred='0' tokens=1155 visible=129 reason=- cost=- latency=37.9s
     correct pred='\\(\\frac{3}{8}\\)' tokens=1122 visible=473 reason=- cost=- latency=40.0s
     correct pred='\\(\\frac{3}{8}\\)' tokens=1148 visible=249 reason=- cost=- latency=37.7s
     wrong   pred='The exact numerical value of the inte...' tokens=1907 visible=751 reason=- cost=- latency=54.3s
     wrong   pred='\\(0\\)' tokens=2071 visible=553 reason=- cost=- latency=64.1s
     correct pred='Yes.' tokens=1039 visible=389 reason=- cost=- latency=58.8s
     correct pred='Yes.' tokens=1386 visible=305 reason=- cost=- latency=61.6s
     wrong   pred='4' tokens=1405 visible=494 reason=- cost=- latency=64.8s
     correct pred='10.' tokens=1483 visible=367 reason=- cost=- latency=67.7s
     correct pred='Yes.' tokens=996 visible=347 reason=- cost=- latency=54.1s
     wrong   pred='Yes, it is possible to choose \\(\\frac...' tokens=1575 visible=428 reason=- cost=- latency=46.3s
     wrong   pred='$\\frac{2\\sqrt{2}}{3}$' tokens=1385 visible=493 reason=- cost=- latency=50.6s
     wrong   pred='$\\frac{2\\sqrt{10}}{5}$.' tokens=1969 visible=521 reason=- cost=- latency=57.7s
     wrong   pred='The function \\( g(x) \\) is periodic w...' tokens=1653 visible=684 reason=- cost=- latency=59.4s
     wrong   pred='The function \\( g(x) \\) is periodic w...' tokens=1705 visible=413 reason=- cost=- latency=59.1s
     wrong   pred='6' tokens=1463 visible=518 reason=- cost=- latency=67.0s
     wrong   pred='\\(6\\).' tokens=1809 visible=473 reason=- cost=- latency=72.7s
     wrong   pred='404' tokens=1299 visible=400 reason=- cost=- latency=70.5s
     wrong   pred='101' tokens=2377 visible=681 reason=- cost=- latency=74.5s
     wrong   pred='Yes, for any two sets of points \\( \\{...' tokens=1032 visible=264 reason=- cost=- latency=64.4s
     wrong   pred='Yes, for any two sets of points \\( \\{...' tokens=1615 visible=216 reason=- cost=- latency=60.6s
     correct pred='$\\sqrt{e}$' tokens=1275 visible=429 reason=- cost=- latency=58.5s
     correct pred='\\(\\sqrt{e}\\).' tokens=1647 visible=389 reason=- cost=- latency=57.3s
     wrong   pred='\\frac{31\\pi^2}{6}' tokens=1836 visible=679 reason=- cost=- latency=66.0s
     wrong   pred='\\( 6\\pi + \\frac{\\pi^2}{2} \\).' tokens=2427 visible=739 reason=- cost=- latency=68.9s
     wrong   pred='The integral diverges.' tokens=1276 visible=476 reason=- cost=- latency=74.8s
     wrong   pred='\\sqrt{\\frac{2\\pi}{A}} \\exp \\left( \\fr...' tokens=1784 visible=503 reason=- cost=- latency=82.1s
     correct pred='11' tokens=797 visible=163 reason=- cost=- latency=75.1s
     correct pred='11' tokens=1242 visible=164 reason=- cost=- latency=69.0s
     wrong   pred='2' tokens=1354 visible=584 reason=- cost=- latency=62.0s
     wrong   pred='6' tokens=2053 visible=553 reason=- cost=- latency=56.4s
     correct pred='\\frac{2}{3}' tokens=1225 visible=530 reason=- cost=- latency=56.1s
     correct pred='\\frac{2}{3}' tokens=1515 visible=432 reason=- cost=- latency=53.3s
     wrong   pred='\\( w = f(x) \\), where \\( f(x) \\) is a...' tokens=915 visible=330 reason=- cost=- latency=54.9s
     correct pred='\\( w = f(xy) \\)' tokens=1355 visible=296 reason=- cost=- latency=56.7s
     wrong   pred='\\([1, 6]\\)' tokens=1159 visible=376 reason=- cost=- latency=54.1s
     wrong   pred='\\([1, 4]\\)' tokens=1956 visible=521 reason=- cost=- latency=53.5s
     wrong   pred='\\(P(X_n < M \\text{ i.o.}) = 0\\).' tokens=981 visible=296 reason=- cost=- latency=48.4s
     wrong   pred='\\(P(X_n < M \\text{ i.o.}) = 0\\).' tokens=1669 visible=388 reason=- cost=- latency=47.6s
     correct pred='\\( e^{-2} \\).' tokens=1403 visible=445 reason=- cost=- latency=54.1s
     correct pred='\\( e^{-2} \\).' tokens=1279 visible=180 reason=- cost=- latency=52.1s
     wrong   pred='\\(a_n = 2n + 1\\).' tokens=1062 visible=306 reason=- cost=- latency=51.0s
     wrong   pred='\\(a_n = 2n + 1\\).' tokens=1521 visible=285 reason=- cost=- latency=45.1s

------------------------------------------------------------------------------
Prelim Eval (3100/4000 calls, elapsed 27224.0s)
------------------------------------------------------------------------------
+---+----------+----------+--------------------+---------+--------------+-------------+----------+------------+------------+-------------+----------+
| k | correct  | accuracy | bar                | mean in | mean visible | mean reason | mean out | mean total | reason sum | limit flags | cost     |
+---+----------+----------+--------------------+---------+--------------+-------------+----------+------------+------------+-------------+----------+
| 1 | 596/1550 | 38.5%    | #######........... | 542.8   | 398.1        | -           | 593.9    | 1136.7     | -          | 6           | 0.000000 |
| 2 | 636/1550 | 41.0%    | #######........... | 993.5   | 379.2        | -           | 574.4    | 1567.9     | -          | 4           | 0.000000 |
+---+----------+----------+--------------------+---------+--------------+-------------+----------+------------+------------+-------------+----------+
------------------------------------------------------------------------------
     correct pred='\\frac{1}{C_A}' tokens=990 visible=325 reason=- cost=- latency=46.2s
     correct pred='\\(\\frac{1}{C_A}\\)' tokens=1313 visible=231 reason=- cost=- latency=42.9s
     correct pred='\\frac{3}{5}' tokens=1333 visible=500 reason=- cost=- latency=42.7s
     correct pred='\\frac{3}{5}' tokens=1566 visible=388 reason=- cost=- latency=48.3s
     wrong   pred='49' tokens=1306 visible=464 reason=- cost=- latency=50.0s
     wrong   pred='48' tokens=2182 visible=518 reason=- cost=- latency=55.8s
     correct pred='-1' tokens=657 visible=181 reason=- cost=- latency=53.0s
     correct pred='-1' tokens=967 visible=170 reason=- cost=- latency=52.2s
     wrong   pred='\\(\\frac{27}{19}\\)' tokens=843 visible=349 reason=- cost=- latency=45.7s
     wrong   pred='The expected number of three-bit sign...' tokens=1169 visible=307 reason=- cost=- latency=41.1s
     correct pred='\\(\\frac{2}{\\pi}\\)' tokens=887 visible=259 reason=- cost=- latency=37.0s
     correct pred='$\\frac{2}{\\pi}$' tokens=1674 visible=444 reason=- cost=- latency=33.9s
     wrong   pred='\\(328\\)' tokens=1810 visible=619 reason=- cost=- latency=48.5s
     wrong   pred='493' tokens=1906 visible=461 reason=- cost=- latency=58.2s
     wrong   pred='180' tokens=700 visible=205 reason=- cost=- latency=56.4s
     correct pred='60' tokens=1073 visible=162 reason=- cost=- latency=55.5s
     wrong   pred='Yes, such a function exists. An examp...' tokens=1267 visible=481 reason=- cost=- latency=58.0s
     wrong   pred='Yes, such an injective function exists.' tokens=1967 visible=470 reason=- cost=- latency=55.7s
     wrong   pred='\\( y(x) = -2x + 7 \\).' tokens=1637 visible=625 reason=- cost=- latency=52.5s
     wrong   pred='\\( y(x) = -2x + 7 \\).' tokens=1855 visible=483 reason=- cost=- latency=50.1s
     wrong   pred='\\(\\frac{2\\pi}{3} (82^{3/2} - 1)\\).' tokens=1390 visible=421 reason=- cost=- latency=56.4s
     wrong   pred='\\( 81\\sqrt{2}\\pi \\)' tokens=1689 visible=235 reason=- cost=- latency=58.0s
     correct pred='\\(\\frac{\\pi}{4}\\)' tokens=935 visible=359 reason=- cost=- latency=56.7s
     correct pred='\\(\\frac{\\pi}{4}\\)' tokens=1345 visible=331 reason=- cost=- latency=54.9s
     wrong   pred='2' tokens=1517 visible=477 reason=- cost=- latency=48.0s
     wrong   pred='8' tokens=2249 visible=392 reason=- cost=- latency=43.0s
     correct pred='Yes.' tokens=1006 visible=260 reason=- cost=- latency=38.5s
     wrong   pred='True' tokens=1504 visible=223 reason=- cost=- latency=37.8s
     correct pred='75' tokens=1400 visible=488 reason=- cost=- latency=43.9s
     correct pred='75' tokens=1464 visible=350 reason=- cost=- latency=44.5s
     wrong   pred='64' tokens=1342 visible=556 reason=- cost=- latency=48.2s
     wrong   pred='The distance between the two poles is...' tokens=1981 visible=664 reason=- cost=- latency=57.1s
     wrong   pred='$\\frac{512}{15}$' tokens=1325 visible=534 reason=- cost=- latency=64.3s
     wrong   pred='\\frac{128}{3}' tokens=1733 visible=524 reason=- cost=- latency=72.8s
     wrong   pred='3762' tokens=790 visible=292 reason=- cost=- latency=65.2s
     wrong   pred='3762' tokens=1219 visible=353 reason=- cost=- latency=63.9s
     wrong   pred='Yes, \\( K \\subset L \\).' tokens=1222 visible=288 reason=- cost=- latency=58.9s
     wrong   pred='No, \\( K \\not\\subset L \\); instead, \\...' tokens=1875 visible=321 reason=- cost=- latency=50.8s
     correct pred='True' tokens=872 visible=330 reason=- cost=- latency=43.1s
     correct pred='True' tokens=1105 visible=119 reason=- cost=- latency=31.6s
     wrong   pred='\\(0\\)' tokens=1167 visible=415 reason=- cost=- latency=36.1s
     wrong   pred='\\(3\\)' tokens=1708 visible=430 reason=- cost=- latency=41.2s
     wrong   pred='I_{m \\times n} \\otimes I_{n \\times 1}' tokens=1045 visible=518 reason=- cost=- latency=43.0s
     wrong   pred='The matrix representation of the isom...' tokens=1274 visible=455 reason=- cost=- latency=43.1s
     correct pred='7' tokens=554 visible=96 reason=- cost=- latency=39.5s
     wrong   pred='6' tokens=1056 visible=212 reason=- cost=- latency=41.0s
     wrong   pred='Correct.' tokens=1078 visible=265 reason=- cost=- latency=37.8s
     correct pred='Yes' tokens=1549 visible=197 reason=- cost=- latency=31.7s
     correct pred='10' tokens=660 visible=206 reason=- cost=- latency=26.2s
     correct pred='10' tokens=1029 visible=216 reason=- cost=- latency=23.0s
     wrong   pred='18.67' tokens=1281 visible=439 reason=- cost=- latency=32.7s
     wrong   pred='13.57' tokens=1811 visible=499 reason=- cost=- latency=41.8s
     wrong   pred='The general solution of the different...' tokens=1892 visible=680 reason=- cost=- latency=53.6s
     wrong   pred='\\(y(x) = C_1 J_0(x) + C_2 Y_0(x)\\)' tokens=2569 visible=653 reason=- cost=- latency=68.6s
     wrong   pred='The series correctly represents the t...' tokens=1123 visible=465 reason=- cost=- latency=74.3s
     wrong   pred='The series correctly represents the t...' tokens=1348 visible=386 reason=- cost=- latency=76.9s
     wrong   pred='\\(2(e-1)\\)' tokens=1230 visible=382 reason=- cost=- latency=75.8s
     correct pred='\\(3e - 2\\)' tokens=1704 visible=409 reason=- cost=- latency=74.0s
     wrong   pred='Yes, the convergence of a martingale ...' tokens=559 visible=109 reason=- cost=- latency=58.1s
     wrong   pred='Yes, the convergence of a martingale ...' tokens=916 visible=137 reason=- cost=- latency=40.9s
     correct pred='12' tokens=1071 visible=314 reason=- cost=- latency=39.4s
     wrong   pred='The volume of the intersection is \\( ...' tokens=1854 visible=552 reason=- cost=- latency=45.4s
     wrong   pred='21' tokens=1551 visible=698 reason=- cost=- latency=50.5s
     wrong   pred='28' tokens=1595 visible=494 reason=- cost=- latency=49.4s
     wrong   pred='\\(2\\pi i\\)' tokens=1751 visible=687 reason=- cost=- latency=64.8s
     wrong   pred='\\(2\\pi i\\)' tokens=1805 visible=455 reason=- cost=- latency=73.8s
     correct pred='\\( (X^2) \\).' tokens=824 visible=227 reason=- cost=- latency=70.7s
     wrong   pred='\\( A = (X^2) \\).' tokens=1148 visible=137 reason=- cost=- latency=61.2s
     correct pred='\\(\\frac{1}{6}\\).' tokens=1064 visible=331 reason=- cost=- latency=54.6s
     correct pred='\\(\\frac{1}{6}\\).' tokens=1319 visible=257 reason=- cost=- latency=51.6s
     wrong   pred='The last two digits of the number \\( ...' tokens=1194 visible=355 reason=- cost=- latency=41.9s
     correct pred='43' tokens=1869 visible=361 reason=- cost=- latency=39.6s
     wrong   pred='2015' tokens=1890 visible=737 reason=- cost=- latency=55.1s
     correct pred='2017' tokens=1462 visible=310 reason=- cost=- latency=59.9s
     correct pred='0' tokens=986 visible=308 reason=- cost=- latency=59.1s
     correct pred='\\(0\\)' tokens=1231 visible=242 reason=- cost=- latency=58.6s
     wrong   pred='\\(2\\pi i + 2\\)' tokens=1254 visible=439 reason=- cost=- latency=62.1s
     wrong   pred='\\(-2i \\pi\\)' tokens=1700 visible=466 reason=- cost=- latency=65.0s
     wrong   pred='\\( 2^{79} - 1 \\)' tokens=936 visible=253 reason=- cost=- latency=50.5s
     wrong   pred='\\( 2147483647 \\)' tokens=1466 visible=290 reason=- cost=- latency=49.3s
     correct pred='Yes.' tokens=881 visible=412 reason=- cost=- latency=47.5s
     correct pred='Yes.' tokens=1127 visible=257 reason=- cost=- latency=45.4s
     wrong   pred='\\(\\frac{1}{3}, -\\frac{5}{2}\\)' tokens=935 visible=293 reason=- cost=- latency=41.5s
     wrong   pred='\\frac{1}{3}, -\\frac{5}{2}' tokens=1198 visible=244 reason=- cost=- latency=35.6s
     wrong   pred='The existence and uniqueness theorem ...' tokens=963 visible=316 reason=- cost=- latency=35.9s
     wrong   pred='The value of \\(a\\) such that the exis...' tokens=1608 visible=454 reason=- cost=- latency=37.9s
     wrong   pred='2\\sqrt{2}' tokens=1173 visible=645 reason=- cost=- latency=41.8s
     wrong   pred='3' tokens=1444 visible=457 reason=- cost=- latency=45.9s
     wrong   pred='3' tokens=1548 visible=555 reason=- cost=- latency=52.4s
     wrong   pred='3' tokens=2094 visible=587 reason=- cost=- latency=60.7s
     wrong   pred='0' tokens=858 visible=260 reason=- cost=- latency=60.8s
     wrong   pred='\\( 0 \\)' tokens=1282 visible=298 reason=- cost=- latency=59.2s
     wrong   pred='The formula is true.' tokens=1118 visible=426 reason=- cost=- latency=56.7s
     wrong   pred='The given formula is true.' tokens=1408 visible=210 reason=- cost=- latency=52.6s
     wrong   pred='\\(0\\)' tokens=1061 visible=301 reason=- cost=- latency=46.2s
     wrong   pred='\\( 0 \\).' tokens=1443 visible=237 reason=- cost=- latency=37.7s
     wrong   pred='Yes, the images $\\{\\mu(e_i)\\}_{i=1}^m...' tokens=1104 visible=406 reason=- cost=- latency=39.4s
     wrong   pred='Yes, the images $\\{\\mu(e_i)\\}_{i=1}^m...' tokens=1475 visible=304 reason=- cost=- latency=38.2s
     wrong   pred='\\( \\frac{\\sqrt{2}}{2} \\)' tokens=1271 visible=425 reason=- cost=- latency=41.1s
     wrong   pred='\\frac{1}{2}' tokens=1722 visible=433 reason=- cost=- latency=47.1s

------------------------------------------------------------------------------
Prelim Eval (3200/4000 calls, elapsed 28061.7s)
------------------------------------------------------------------------------
+---+----------+----------+--------------------+---------+--------------+-------------+----------+------------+------------+-------------+----------+
| k | correct  | accuracy | bar                | mean in | mean visible | mean reason | mean out | mean total | reason sum | limit flags | cost     |
+---+----------+----------+--------------------+---------+--------------+-------------+----------+------------+------------+-------------+----------+
| 1 | 611/1600 | 38.2%    | #######........... | 543.0   | 398.2        | -           | 593.9    | 1136.9     | -          | 6           | 0.000000 |
| 2 | 652/1600 | 40.8%    | #######........... | 994.0   | 378.5        | -           | 573.1    | 1567.1     | -          | 4           | 0.000000 |
+---+----------+----------+--------------------+---------+--------------+-------------+----------+------------+------------+-------------+----------+
------------------------------------------------------------------------------
     wrong   pred='Yes, there always exists a countable ...' tokens=1116 visible=455 reason=- cost=- latency=48.3s
     correct pred='Yes.' tokens=1262 visible=182 reason=- cost=- latency=46.4s
     wrong   pred='\\( b = 0 \\).' tokens=1372 visible=588 reason=- cost=- latency=50.6s
     wrong   pred='The conditions on parameters \\( b \\) ...' tokens=1662 visible=502 reason=- cost=- latency=53.9s
     correct pred='2415' tokens=984 visible=436 reason=- cost=- latency=51.6s
     correct pred='2415' tokens=1494 visible=463 reason=- cost=- latency=52.1s
     wrong   pred='The expected time for the random walk...' tokens=1225 visible=479 reason=- cost=- latency=53.3s
     wrong   pred='4' tokens=1541 visible=442 reason=- cost=- latency=56.7s
     wrong   pred='109' tokens=1579 visible=552 reason=- cost=- latency=59.8s
     wrong   pred='49' tokens=2190 visible=640 reason=- cost=- latency=67.8s
     wrong   pred='Yes, every Riemann integrable functio...' tokens=989 visible=563 reason=- cost=- latency=66.9s
     wrong   pred='Yes, every Riemann integrable functio...' tokens=1439 visible=590 reason=- cost=- latency=64.0s
     wrong   pred='\\( f(1) = \\frac{1}{2} \\).' tokens=1327 visible=520 reason=- cost=- latency=66.8s
     correct pred='\\( \\frac{1}{2} \\).' tokens=1223 visible=228 reason=- cost=- latency=64.9s
     wrong   pred='64' tokens=930 visible=451 reason=- cost=- latency=57.2s
     wrong   pred='32' tokens=1452 visible=613 reason=- cost=- latency=49.9s
     wrong   pred='\\(\\frac{1}{5}\\)' tokens=764 visible=164 reason=- cost=- latency=46.1s
     correct pred='\\(\\frac{1}{10}\\)' tokens=1252 visible=193 reason=- cost=- latency=42.4s
     wrong   pred='12' tokens=1331 visible=391 reason=- cost=- latency=40.1s
     wrong   pred='4547' tokens=1964 visible=461 reason=- cost=- latency=46.2s
     wrong   pred='\\( |z| < 2 \\)' tokens=1161 visible=359 reason=- cost=- latency=46.9s
     wrong   pred='The values of \\( z \\in \\mathbb{C} \\) ...' tokens=2035 visible=547 reason=- cost=- latency=50.0s
     wrong   pred='1' tokens=965 visible=308 reason=- cost=- latency=52.0s
     correct pred='\\(100000\\)' tokens=1579 visible=286 reason=- cost=- latency=54.9s
     correct pred='\\(0\\)' tokens=1017 visible=275 reason=- cost=- latency=52.0s
     correct pred='\\(0\\)' tokens=1622 visible=378 reason=- cost=- latency=49.9s
     wrong   pred='1' tokens=1265 visible=421 reason=- cost=- latency=51.5s
     wrong   pred='1' tokens=1834 visible=446 reason=- cost=- latency=48.5s
     wrong   pred='The element in $\\mathbb{Z}[x]/(x^3+x^...' tokens=1368 visible=493 reason=- cost=- latency=54.1s
     wrong   pred='\\( -2x^3 - x^2 - 2x + 2 \\).' tokens=2018 visible=514 reason=- cost=- latency=59.9s
     correct pred='Yes.' tokens=1184 visible=437 reason=- cost=- latency=60.4s
     correct pred='Yes.' tokens=1848 visible=444 reason=- cost=- latency=59.8s
     wrong   pred='\\(\\phi^2\\)' tokens=1063 visible=443 reason=- cost=- latency=58.7s
     wrong   pred='\\( \\frac{3 + √5}{2} \\)' tokens=1437 visible=420 reason=- cost=- latency=56.5s
     wrong   pred='Yes, the spaces \\( S(S^n \\times S^m) ...' tokens=1371 visible=559 reason=- cost=- latency=57.0s
     wrong   pred='The spaces \\( S(S^n \\times S^m) \\) an...' tokens=2173 visible=673 reason=- cost=- latency=59.9s
     correct pred='Yes.' tokens=1072 visible=396 reason=- cost=- latency=60.4s
     correct pred='Yes.' tokens=1614 visible=476 reason=- cost=- latency=61.2s
     wrong   pred='\\(e - \\frac{1}{2}\\)' tokens=1499 visible=428 reason=- cost=- latency=64.5s
     wrong   pred='\\(3e\\)' tokens=2247 visible=483 reason=- cost=- latency=70.4s
     wrong   pred='The integral \\(\\int_{-\\infty}^{\\infty...' tokens=1133 visible=376 reason=- cost=- latency=66.4s
     correct pred="\\( g'(a) \\)." tokens=1688 visible=338 reason=- cost=- latency=57.9s
     wrong   pred='The two statements are equivalent.' tokens=997 visible=372 reason=- cost=- latency=57.3s
     wrong   pred='The two statements are equivalent.' tokens=1485 visible=423 reason=- cost=- latency=56.5s
     correct pred='-\\infty' tokens=1626 visible=636 reason=- cost=- latency=61.1s
     correct pred='-\\infty' tokens=2172 visible=617 reason=- cost=- latency=65.3s
     correct pred='\\( \\frac{1}{2} \\).' tokens=837 visible=221 reason=- cost=- latency=62.0s
     wrong   pred='0.5' tokens=1195 visible=154 reason=- cost=- latency=57.1s
     correct pred='\\( f(x) = x^{2k+1} \\).' tokens=1028 visible=328 reason=- cost=- latency=55.9s
     correct pred='\\( f(x) = x^{2k+1} \\).' tokens=1429 visible=254 reason=- cost=- latency=51.6s
     wrong   pred='\\(\\frac{4}{\\pi}\\)' tokens=939 visible=400 reason=- cost=- latency=42.1s
     wrong   pred='1' tokens=1359 visible=331 reason=- cost=- latency=31.4s
     correct pred='458' tokens=1231 visible=437 reason=- cost=- latency=37.1s
     correct pred='458' tokens=1526 visible=361 reason=- cost=- latency=42.1s
     correct pred='\\( n/2 \\)' tokens=501 visible=83 reason=- cost=- latency=37.3s
     correct pred='\\frac{n}{2}' tokens=879 visible=140 reason=- cost=- latency=34.9s
     wrong   pred='The partial derivative \\( \\frac{\\part...' tokens=1413 visible=482 reason=- cost=- latency=40.3s
     wrong   pred='The partial derivative \\( \\frac{\\part...' tokens=1697 visible=453 reason=- cost=- latency=42.5s
     wrong   pred='\\frac{1}{3}' tokens=1910 visible=736 reason=- cost=- latency=53.4s
     wrong   pred='\\frac{19}{\\sqrt{385}}' tokens=1843 visible=516 reason=- cost=- latency=60.0s
     wrong   pred='-5.5' tokens=982 visible=266 reason=- cost=- latency=64.5s
     wrong   pred='-5.5' tokens=1638 visible=375 reason=- cost=- latency=70.7s
     wrong   pred='9' tokens=1060 visible=289 reason=- cost=- latency=65.8s
     wrong   pred='9' tokens=1400 visible=216 reason=- cost=- latency=61.8s
     wrong   pred='90' tokens=1157 visible=384 reason=- cost=- latency=48.5s
     correct pred='\\( 90^\\circ \\)' tokens=1538 visible=268 reason=- cost=- latency=39.2s
     wrong   pred='0' tokens=1006 visible=347 reason=- cost=- latency=40.1s
     wrong   pred='0' tokens=1234 visible=145 reason=- cost=- latency=35.1s
     wrong   pred='Day 28' tokens=690 visible=157 reason=- cost=- latency=31.0s
     wrong   pred='Day 29' tokens=955 visible=94 reason=- cost=- latency=27.2s
     correct pred='Yes' tokens=1050 visible=368 reason=- cost=- latency=25.3s
     wrong   pred='Yes, this implies that \\( x \\) is not...' tokens=1630 visible=365 reason=- cost=- latency=25.8s
     wrong   pred='$1$.' tokens=1647 visible=611 reason=- cost=- latency=34.8s
     correct pred='\\( \\frac{1}{2} \\).' tokens=1437 visible=250 reason=- cost=- latency=37.4s
     wrong   pred='Yes, \\( M \\) is reflexive.' tokens=887 visible=235 reason=- cost=- latency=38.3s
     correct pred='Yes.' tokens=1433 visible=267 reason=- cost=- latency=41.2s
     wrong   pred='The statement is true; $\\operatorname...' tokens=1266 visible=480 reason=- cost=- latency=45.3s
     wrong   pred='The statement is true; $\\operatorname...' tokens=1652 visible=369 reason=- cost=- latency=47.1s
     wrong   pred='x > 5' tokens=1180 visible=428 reason=- cost=- latency=41.0s
     wrong   pred='\\( x > 5^{2^{81}} \\)' tokens=1281 visible=219 reason=- cost=- latency=39.8s
     correct pred='8' tokens=902 visible=222 reason=- cost=- latency=41.1s
     correct pred='8' tokens=1309 visible=201 reason=- cost=- latency=41.5s
     wrong   pred='\\(u(t, x) = x^2 e^{-t} + e^{-2t}\\).' tokens=1347 visible=530 reason=- cost=- latency=44.4s
     wrong   pred='\\( u(t,x) = e^{-t} x^2 + t e^{-t} \\)' tokens=1471 visible=403 reason=- cost=- latency=45.7s
     wrong   pred='200' tokens=989 visible=311 reason=- cost=- latency=41.2s
     wrong   pred='200' tokens=1479 visible=249 reason=- cost=- latency=40.6s
     correct pred='$\\frac{1}{2}$' tokens=947 visible=303 reason=- cost=- latency=42.2s
     correct pred='$\\frac{1}{2}$' tokens=1262 visible=283 reason=- cost=- latency=43.5s
     wrong   pred='$\\frac{1}{2012}$' tokens=1111 visible=277 reason=- cost=- latency=39.0s
     correct pred='\\( \\frac{1}{2013} \\).' tokens=1816 visible=398 reason=- cost=- latency=41.9s
     wrong   pred='\\( b = -6 \\)' tokens=1289 visible=378 reason=- cost=- latency=44.9s
     wrong   pred='\\( b = -6 \\)' tokens=2285 visible=549 reason=- cost=- latency=54.2s
     wrong   pred='The statement is true.' tokens=1031 visible=387 reason=- cost=- latency=54.7s
     wrong   pred='There exists a $\\nabla > 0$ such that...' tokens=1449 visible=391 reason=- cost=- latency=55.8s
     correct pred='52' tokens=714 visible=189 reason=- cost=- latency=51.1s
     wrong   pred='46' tokens=1220 visible=251 reason=- cost=- latency=44.4s
     correct pred='Yes.' tokens=1326 visible=485 reason=- cost=- latency=47.0s
     correct pred='Yes.' tokens=1623 visible=381 reason=- cost=- latency=41.6s
     correct pred='\\( \\frac{\\pi i}{2} \\)' tokens=1588 visible=614 reason=- cost=- latency=49.1s
     wrong   pred='\\( 10\\pi i \\).' tokens=1682 visible=392 reason=- cost=- latency=51.5s

------------------------------------------------------------------------------
Prelim Eval (3300/4000 calls, elapsed 28900.3s)
------------------------------------------------------------------------------
+---+----------+----------+--------------------+---------+--------------+-------------+----------+------------+------------+-------------+----------+
| k | correct  | accuracy | bar                | mean in | mean visible | mean reason | mean out | mean total | reason sum | limit flags | cost     |
+---+----------+----------+--------------------+---------+--------------+-------------+----------+------------+------------+-------------+----------+
| 1 | 626/1650 | 37.9%    | #######........... | 543.7   | 398.2        | -           | 593.6    | 1137.2     | -          | 6           | 0.000000 |
| 2 | 672/1650 | 40.7%    | #######........... | 995.3   | 378.3        | -           | 572.1    | 1567.4     | -          | 4           | 0.000000 |
+---+----------+----------+--------------------+---------+--------------+-------------+----------+------------+------------+-------------+----------+
------------------------------------------------------------------------------
     wrong   pred='\\( 54 \\)' tokens=1498 visible=549 reason=- cost=- latency=61.4s
     wrong   pred='100' tokens=1814 visible=444 reason=- cost=- latency=67.4s
     wrong   pred='4030' tokens=1029 visible=264 reason=- cost=- latency=62.7s
     wrong   pred='1335' tokens=1593 visible=252 reason=- cost=- latency=61.3s
     wrong   pred='0' tokens=1201 visible=277 reason=- cost=- latency=53.1s
     correct pred='\\( 2\\pi \\).' tokens=2449 visible=656 reason=- cost=- latency=59.2s
     correct pred='\\((x^2 - 2)\\)' tokens=1211 visible=441 reason=- cost=- latency=55.4s
     correct pred='\\((x^2 - 2)\\)' tokens=1394 visible=255 reason=- cost=- latency=49.7s
     wrong   pred='1394' tokens=664 visible=126 reason=- cost=- latency=46.0s
     correct pred='1411' tokens=1086 visible=131 reason=- cost=- latency=41.8s
     correct pred='0' tokens=1012 visible=322 reason=- cost=- latency=42.6s
     correct pred='0' tokens=1648 visible=451 reason=- cost=- latency=38.1s
     correct pred='Yes' tokens=1152 visible=308 reason=- cost=- latency=35.1s
     correct pred='Yes.' tokens=2375 visible=657 reason=- cost=- latency=45.1s
     wrong   pred='\\( \\frac{3mk_B T}{4} \\).' tokens=1336 visible=516 reason=- cost=- latency=55.7s
     wrong   pred='\\( \\frac{3mk_B T}{2} \\)' tokens=1675 visible=512 reason=- cost=- latency=66.1s
     wrong   pred='\\( n \\leq 1 + r + r(r-1) \\)' tokens=795 visible=289 reason=- cost=- latency=62.5s
     wrong   pred='\\( n \\leq 1 + r^2 \\)' tokens=1271 visible=260 reason=- cost=- latency=56.1s
     wrong   pred='\\(-50\\)' tokens=1279 visible=426 reason=- cost=- latency=61.3s
     wrong   pred='64' tokens=1805 visible=448 reason=- cost=- latency=59.7s
     correct pred='\\( 4 - 3i \\).' tokens=1345 visible=410 reason=- cost=- latency=58.3s
     correct pred='\\( 4 - 3i \\).' tokens=1808 visible=412 reason=- cost=- latency=57.1s
     correct pred='23' tokens=1233 visible=413 reason=- cost=- latency=63.6s
     correct pred='23' tokens=1592 visible=431 reason=- cost=- latency=69.0s
     wrong   pred='$-\\frac{605}{3}$' tokens=1211 visible=397 reason=- cost=- latency=67.0s
     wrong   pred='86' tokens=1472 visible=301 reason=- cost=- latency=60.2s
     correct pred='\\frac{3}{p}' tokens=2527 visible=1098 reason=- cost=- latency=77.9s flags=near_max_tokens
     token warning: completion=2006/2048, reasoning=-, visible=1098
     correct pred='\\frac{3}{p}' tokens=2038 visible=625 reason=- cost=- latency=82.3s
     correct pred='\\(1 + bca\\)' tokens=684 visible=138 reason=- cost=- latency=74.3s
     correct pred='\\( 1 + bca \\).' tokens=1265 visible=218 reason=- cost=- latency=69.1s
     correct pred='Yes.' tokens=972 visible=345 reason=- cost=- latency=66.0s
     correct pred='Yes.' tokens=1465 visible=390 reason=- cost=- latency=66.5s
     wrong   pred='The function \\( g(x_1,...,x_n, z) = \\...' tokens=1098 visible=352 reason=- cost=- latency=43.7s
     wrong   pred='The function \\( g(x_1,...,x_n, z) = \\...' tokens=1686 visible=412 reason=- cost=- latency=34.8s
     wrong   pred='\\( x = 6\\sqrt{6} \\).' tokens=1201 visible=378 reason=- cost=- latency=41.3s
     correct pred='216' tokens=1525 visible=225 reason=- cost=- latency=43.0s
     wrong   pred='24.83' tokens=1060 visible=319 reason=- cost=- latency=43.6s
     wrong   pred='\\frac{19487171}{78125}' tokens=1897 visible=523 reason=- cost=- latency=48.8s
     wrong   pred='\\(AB = PQ\\)' tokens=1390 visible=555 reason=- cost=- latency=53.8s
     wrong   pred='\\( \\sqrt{2} \\cdot PQ \\).' tokens=1658 visible=470 reason=- cost=- latency=54.9s
     correct pred='\\(\\mathbb{C}(t)\\)' tokens=678 visible=103 reason=- cost=- latency=47.6s
     wrong   pred='\\(\\mathbb{C}(t_1, t_2, \\dots)\\)' tokens=1248 visible=158 reason=- cost=- latency=44.2s
     correct pred='True' tokens=759 visible=284 reason=- cost=- latency=41.7s
     correct pred='True' tokens=1131 visible=322 reason=- cost=- latency=34.3s
     wrong   pred='55' tokens=1028 visible=319 reason=- cost=- latency=28.1s
     wrong   pred='55' tokens=1707 visible=320 reason=- cost=- latency=26.7s
     wrong   pred='\\(\\sqrt{2} + \\sqrt{10}\\).' tokens=1146 visible=305 reason=- cost=- latency=33.2s
     correct pred='$\\sqrt{2}$' tokens=1821 visible=452 reason=- cost=- latency=40.9s
     correct pred='3840' tokens=873 visible=258 reason=- cost=- latency=42.6s
     correct pred='3840' tokens=1214 visible=246 reason=- cost=- latency=43.9s
     wrong   pred='22' tokens=1052 visible=316 reason=- cost=- latency=45.2s
     wrong   pred='\\frac{173}{2}' tokens=1577 visible=335 reason=- cost=- latency=45.4s
     correct pred='\\frac{5}{1944}' tokens=1266 visible=356 reason=- cost=- latency=46.7s
     correct pred='\\(\\frac{5}{1944}\\)' tokens=1808 visible=373 reason=- cost=- latency=45.8s
     wrong   pred='\\( 6k - 5 \\)' tokens=1070 visible=324 reason=- cost=- latency=46.5s
     wrong   pred='5k-4' tokens=1789 visible=463 reason=- cost=- latency=50.6s
     correct pred='26' tokens=704 visible=187 reason=- cost=- latency=48.7s
     correct pred='26' tokens=973 visible=180 reason=- cost=- latency=46.2s
     wrong   pred='10' tokens=933 visible=376 reason=- cost=- latency=43.2s
     wrong   pred='8' tokens=1445 visible=471 reason=- cost=- latency=41.3s
     wrong   pred='\\(y(x) = -2 + 6x\\).' tokens=1442 visible=434 reason=- cost=- latency=46.3s
     wrong   pred='\\(y(x) = -2 + 6x\\).' tokens=2007 visible=437 reason=- cost=- latency=48.8s
     wrong   pred='Yes, the diagonal entries of \\([D+A]^...' tokens=796 visible=301 reason=- cost=- latency=48.9s
     wrong   pred='Yes, the diagonal entries of \\([D+A]^...' tokens=1133 visible=274 reason=- cost=- latency=48.9s
     correct pred='\\( 1 - (1 - p^n)^n \\)' tokens=749 visible=302 reason=- cost=- latency=46.6s
     correct pred='\\( 1 - (1 - p^n)^n \\)' tokens=1136 visible=303 reason=- cost=- latency=43.1s
     correct pred='\\(4\\sqrt{2}\\).' tokens=740 visible=166 reason=- cost=- latency=34.1s
     correct pred='\\(4\\sqrt{2}\\)' tokens=1173 visible=174 reason=- cost=- latency=24.2s
     wrong   pred='Yes, there exists such a function.' tokens=1015 visible=433 reason=- cost=- latency=28.6s
     wrong   pred='Yes, there exists a nonzero continuou...' tokens=1181 visible=352 reason=- cost=- latency=31.9s
     correct pred='\\(\\frac{80}{3}\\)' tokens=984 visible=255 reason=- cost=- latency=34.4s
     correct pred='\\frac{80}{3}' tokens=1347 visible=231 reason=- cost=- latency=35.8s
     wrong   pred='The number of subgroups of order 3 th...' tokens=931 visible=306 reason=- cost=- latency=38.7s
     wrong   pred='The number of subgroups of order 3 th...' tokens=1372 visible=257 reason=- cost=- latency=41.7s
     wrong   pred='\\(-\\frac{5}{6} - i\\).' tokens=1458 visible=451 reason=- cost=- latency=44.5s
     wrong   pred='\\(-\\frac{7}{30} + \\frac{i}{3}\\).' tokens=2372 visible=614 reason=- cost=- latency=54.4s
     wrong   pred='1982' tokens=831 visible=258 reason=- cost=- latency=53.0s
     wrong   pred='1700' tokens=1279 visible=329 reason=- cost=- latency=53.4s
     wrong   pred='\\( \\frac{\\sqrt{3686}}{7} \\)' tokens=1926 visible=833 reason=- cost=- latency=68.9s
     correct pred='\\( 7\\sqrt{2} \\)' tokens=2012 visible=680 reason=- cost=- latency=80.5s
     wrong   pred='The values of \\( p \\) for which the s...' tokens=1391 visible=534 reason=- cost=- latency=80.3s
     correct pred='\\( p > 0 \\)' tokens=1706 visible=412 reason=- cost=- latency=72.0s
     correct pred='Yes.' tokens=1197 visible=528 reason=- cost=- latency=75.8s
     wrong   pred='Yes, it is possible for the $L^2$-nor...' tokens=1561 visible=393 reason=- cost=- latency=76.8s
     wrong   pred='93' tokens=980 visible=342 reason=- cost=- latency=63.4s
     correct pred='39' tokens=1115 visible=145 reason=- cost=- latency=51.1s
     wrong   pred='\\(-\\Phi^{-1}(0.4)\\)' tokens=1203 visible=418 reason=- cost=- latency=48.6s
     wrong   pred='\\(-\\Phi^{-1}(2/3)\\)' tokens=1643 visible=396 reason=- cost=- latency=48.1s
     correct pred='Yes.' tokens=910 visible=362 reason=- cost=- latency=45.6s
     correct pred='Yes.' tokens=1177 visible=294 reason=- cost=- latency=43.6s
     correct pred='\\(\\frac{\\mu}{m}\\)' tokens=639 visible=218 reason=- cost=- latency=38.8s
     correct pred='\\(\\frac{\\mu}{m}\\)' tokens=972 visible=228 reason=- cost=- latency=37.1s
     wrong   pred='\\( 4x \\tan^2(x^2) \\)' tokens=1173 visible=436 reason=- cost=- latency=39.2s
     correct pred='\\( 2x\\tan(x^2) \\)' tokens=1762 visible=612 reason=- cost=- latency=46.0s
     wrong   pred='$\\frac{2}{5}$.' tokens=1752 visible=711 reason=- cost=- latency=57.5s
     wrong   pred='0' tokens=1523 visible=365 reason=- cost=- latency=61.5s
     wrong   pred='\\( \\frac{1}{4} \\).' tokens=1181 visible=478 reason=- cost=- latency=69.6s
     correct pred='\\( \\frac{1}{3} \\).' tokens=1192 visible=337 reason=- cost=- latency=73.7s
     correct pred='20' tokens=1125 visible=347 reason=- cost=- latency=70.7s
     wrong   pred='10' tokens=1882 visible=562 reason=- cost=- latency=68.0s

------------------------------------------------------------------------------
Prelim Eval (3400/4000 calls, elapsed 29761.0s)
------------------------------------------------------------------------------
+---+----------+----------+--------------------+---------+--------------+-------------+----------+------------+------------+-------------+----------+
| k | correct  | accuracy | bar                | mean in | mean visible | mean reason | mean out | mean total | reason sum | limit flags | cost     |
+---+----------+----------+--------------------+---------+--------------+-------------+----------+------------+------------+-------------+----------+
| 1 | 646/1700 | 38.0%    | #######........... | 543.4   | 397.6        | -           | 593.2    | 1136.6     | -          | 7           | 0.000000 |
| 2 | 698/1700 | 41.1%    | #######........... | 994.8   | 378.2        | -           | 572.3    | 1567.1     | -          | 4           | 0.000000 |
+---+----------+----------+--------------------+---------+--------------+-------------+----------+------------+------------+-------------+----------+
------------------------------------------------------------------------------
     wrong   pred='The determinant of \\(A + B\\) equals \\...' tokens=1085 visible=320 reason=- cost=- latency=57.2s
     wrong   pred='The statement is true.' tokens=1498 visible=290 reason=- cost=- latency=54.5s
     correct pred='120' tokens=1354 visible=431 reason=- cost=- latency=53.7s
     correct pred='120' tokens=1530 visible=171 reason=- cost=- latency=52.0s
     wrong   pred='\\( e^{9t/8} \\).' tokens=1017 visible=294 reason=- cost=- latency=50.5s
     wrong   pred='\\( e^{\\frac{9t}{8}} \\)' tokens=1436 visible=278 reason=- cost=- latency=44.1s
     correct pred='\\( 3x - 2 \\).' tokens=1033 visible=277 reason=- cost=- latency=44.1s
     correct pred='\\( 3x - 2 \\).' tokens=1346 visible=208 reason=- cost=- latency=43.5s
     correct pred='\\(2\\pi i\\)' tokens=867 visible=263 reason=- cost=- latency=39.0s
     correct pred='\\( 2\\pi i \\)' tokens=1206 visible=236 reason=- cost=- latency=39.0s
     correct pred='Yes.' tokens=911 visible=307 reason=- cost=- latency=37.4s
     wrong   pred='Yes, if \\((A+B)^n\\) is binomial for s...' tokens=1336 visible=246 reason=- cost=- latency=36.1s
     wrong   pred='There are no such natural numbers \\( ...' tokens=1432 visible=559 reason=- cost=- latency=42.8s
     wrong   pred='32' tokens=1592 visible=452 reason=- cost=- latency=47.9s
     wrong   pred='Yes, it is possible to inscribe two t...' tokens=866 visible=400 reason=- cost=- latency=47.8s
     correct pred='Yes.' tokens=1298 visible=445 reason=- cost=- latency=49.2s
     wrong   pred='False' tokens=1185 visible=450 reason=- cost=- latency=52.3s
     wrong   pred='The statement is not always true; it ...' tokens=1795 visible=558 reason=- cost=- latency=57.2s
     correct pred='1225' tokens=982 visible=227 reason=- cost=- latency=48.3s
     correct pred='1225' tokens=1497 visible=218 reason=- cost=- latency=42.1s
     wrong   pred='Yes, there exist positive integers \\(...' tokens=1319 visible=510 reason=- cost=- latency=47.9s
     correct pred='Yes' tokens=1449 visible=302 reason=- cost=- latency=48.4s
     wrong   pred='3.5' tokens=818 visible=300 reason=- cost=- latency=45.1s
     wrong   pred='\\( \\frac{10}{3} \\)' tokens=1076 visible=244 reason=- cost=- latency=38.6s
     correct pred='\\(\\frac{n}{m}\\)' tokens=987 visible=288 reason=- cost=- latency=40.5s
     correct pred='\\(\\frac{n}{m}\\)' tokens=1377 visible=295 reason=- cost=- latency=42.5s
     wrong   pred='Yes, it is possible to construct an i...' tokens=716 visible=231 reason=- cost=- latency=33.7s
     correct pred='Yes.' tokens=1153 visible=264 reason=- cost=- latency=29.3s
     correct pred='100' tokens=1043 visible=257 reason=- cost=- latency=30.5s
     correct pred='100' tokens=1555 visible=269 reason=- cost=- latency=33.3s
     correct pred='\\(\\frac{1}{n}\\).' tokens=984 visible=297 reason=- cost=- latency=32.2s
     correct pred='\\frac{1}{n}' tokens=1672 visible=424 reason=- cost=- latency=34.1s
     correct pred='0.3' tokens=838 visible=177 reason=- cost=- latency=34.8s
     correct pred='0.3' tokens=1307 visible=151 reason=- cost=- latency=34.8s
     wrong   pred='\\( \\frac{1}{4} \\)' tokens=922 visible=290 reason=- cost=- latency=33.6s
     wrong   pred='\\(\\frac{1}{4}\\)' tokens=1280 visible=184 reason=- cost=- latency=30.6s
     wrong   pred='It is possible to define an inner pro...' tokens=1352 visible=548 reason=- cost=- latency=35.3s
     wrong   pred='It is possible to define an inner pro...' tokens=1867 visible=490 reason=- cost=- latency=37.2s
     correct pred='Yes' tokens=1001 visible=452 reason=- cost=- latency=41.2s
     correct pred='Yes' tokens=1291 visible=365 reason=- cost=- latency=44.0s
     wrong   pred='\\(-4\\)' tokens=1337 visible=482 reason=- cost=- latency=49.4s
     wrong   pred='\\( c = -2 \\).' tokens=1931 visible=541 reason=- cost=- latency=57.7s
     correct pred='$\\frac{28}{9}$' tokens=1161 visible=391 reason=- cost=- latency=55.7s
     correct pred='$\\frac{28}{9}$' tokens=1504 visible=320 reason=- cost=- latency=52.0s
     correct pred='3.60375' tokens=943 visible=243 reason=- cost=- latency=50.6s
     correct pred='3.60375' tokens=1250 visible=189 reason=- cost=- latency=49.2s
     wrong   pred='\\(y^2 = -32x\\)' tokens=1560 visible=495 reason=- cost=- latency=51.9s
     correct pred='\\(y^2 = 16x\\)' tokens=2256 visible=586 reason=- cost=- latency=56.0s
     wrong   pred='\\( b = \\frac{1}{a} \\)' tokens=995 visible=264 reason=- cost=- latency=52.6s
     wrong   pred='\\( b = \\frac{1}{a} \\)' tokens=1458 visible=199 reason=- cost=- latency=49.7s
     correct pred='13' tokens=1292 visible=403 reason=- cost=- latency=52.9s
     correct pred='13' tokens=1960 visible=447 reason=- cost=- latency=59.3s
     correct pred='$\\frac{\\pi}{4}$' tokens=1112 visible=294 reason=- cost=- latency=53.1s
     wrong   pred='\\frac{\\pi}{2}' tokens=1930 visible=476 reason=- cost=- latency=48.8s
     wrong   pred='\\(\\{c : c = e^{-k}, k \\in \\mathbb{R}\\}\\)' tokens=1011 visible=409 reason=- cost=- latency=51.3s
     wrong   pred='\\(\\{1\\}\\)' tokens=1559 visible=542 reason=- cost=- latency=57.7s
     wrong   pred='\\frac{\\pi}{2}' tokens=1294 visible=515 reason=- cost=- latency=59.5s
     wrong   pred='\\frac{5\\pi}{2}' tokens=2006 visible=618 reason=- cost=- latency=64.0s
     wrong   pred='Yes' tokens=1207 visible=484 reason=- cost=- latency=67.2s
     wrong   pred='Yes' tokens=1348 visible=336 reason=- cost=- latency=62.6s
     wrong   pred='The Euler characteristic is \\(-2\\).' tokens=875 visible=314 reason=- cost=- latency=59.8s
     wrong   pred='1' tokens=1463 visible=306 reason=- cost=- latency=56.2s
     correct pred='$\\frac{x}{2}$' tokens=1218 visible=384 reason=- cost=- latency=54.5s
     correct pred='\\frac{x}{2}' tokens=1638 visible=363 reason=- cost=- latency=47.8s
     wrong   pred='Yes, the stabilizer of 1 in the symme...' tokens=754 visible=292 reason=- cost=- latency=42.4s
     wrong   pred='The stabilizer of 1 in \\( S_n \\) is a...' tokens=1051 visible=283 reason=- cost=- latency=40.4s
     wrong   pred='The side length of the cube is \\( 7 \\).' tokens=901 visible=227 reason=- cost=- latency=41.1s
     wrong   pred='The side length of the cube is \\( 7 \\).' tokens=1331 visible=234 reason=- cost=- latency=40.0s
     correct pred='\\( \\frac{1}{3} \\)' tokens=1505 visible=642 reason=- cost=- latency=44.1s
     wrong   pred='\\frac{1}{2}' tokens=1648 visible=412 reason=- cost=- latency=44.1s
     wrong   pred='The general pattern for the order of ...' tokens=1056 visible=246 reason=- cost=- latency=43.8s
     wrong   pred='The order of $G_n$ is \\( n^2 \\).' tokens=1607 visible=170 reason=- cost=- latency=42.4s
     wrong   pred='280' tokens=1313 visible=389 reason=- cost=- latency=46.9s
     wrong   pred='450' tokens=1877 visible=462 reason=- cost=- latency=52.0s
     wrong   pred='\\(a = 6\\)' tokens=1316 visible=435 reason=- cost=- latency=50.1s
     correct pred='\\(6\\)' tokens=1787 visible=448 reason=- cost=- latency=53.8s
     correct pred='0.2' tokens=672 visible=138 reason=- cost=- latency=52.3s
     correct pred='0.2' tokens=952 visible=91 reason=- cost=- latency=51.1s
     wrong   pred='\\(2\\)' tokens=1611 visible=588 reason=- cost=- latency=56.2s
     wrong   pred='\\ln(3) - 2' tokens=2424 visible=761 reason=- cost=- latency=65.8s
     wrong   pred='468' tokens=1748 visible=815 reason=- cost=- latency=70.9s
     wrong   pred='576' tokens=2317 visible=768 reason=- cost=- latency=75.9s
     wrong   pred='\\(0.5\\)' tokens=991 visible=325 reason=- cost=- latency=79.3s
     wrong   pred='0.5' tokens=1411 visible=305 reason=- cost=- latency=83.6s
     wrong   pred='6875' tokens=1292 visible=463 reason=- cost=- latency=78.4s
     wrong   pred='2925' tokens=1985 visible=518 reason=- cost=- latency=70.4s
     correct pred='-36' tokens=1261 visible=349 reason=- cost=- latency=63.2s
     correct pred='-36' tokens=1743 visible=328 reason=- cost=- latency=54.8s
     wrong   pred='\\(y(x) = 3 J_0(2x)\\)' tokens=1230 visible=401 reason=- cost=- latency=57.4s
     wrong   pred='\\( y(x) = 3J_0(2x) \\)' tokens=1647 visible=345 reason=- cost=- latency=59.1s
     correct pred='Yes' tokens=1002 visible=373 reason=- cost=- latency=56.2s
     wrong   pred='No.' tokens=1300 visible=264 reason=- cost=- latency=48.6s
     correct pred='8' tokens=676 visible=176 reason=- cost=- latency=42.1s
     correct pred='8' tokens=1148 visible=258 reason=- cost=- latency=37.2s
     wrong   pred='\\(\\frac{656\\pi}{15}\\).' tokens=1739 visible=716 reason=- cost=- latency=45.4s
     wrong   pred='\\frac{17\\pi}{2}' tokens=2226 visible=700 reason=- cost=- latency=55.8s
     wrong   pred='\\( (x, y) = (2, 4) \\)' tokens=1983 visible=799 reason=- cost=- latency=70.6s
     correct pred='(1, 3)' tokens=1584 visible=421 reason=- cost=- latency=76.1s
     correct pred='\\(-\\frac{1}{6}\\)' tokens=1188 visible=380 reason=- cost=- latency=83.6s
     wrong   pred='\\(-\\frac{2}{3}\\)' tokens=1444 visible=321 reason=- cost=- latency=88.3s

------------------------------------------------------------------------------
Prelim Eval (3500/4000 calls, elapsed 30610.5s)
------------------------------------------------------------------------------
+---+----------+----------+--------------------+---------+--------------+-------------+----------+------------+------------+-------------+----------+
| k | correct  | accuracy | bar                | mean in | mean visible | mean reason | mean out | mean total | reason sum | limit flags | cost     |
+---+----------+----------+--------------------+---------+--------------+-------------+----------+------------+------------+-------------+----------+
| 1 | 667/1750 | 38.1%    | #######........... | 543.6   | 397.3        | -           | 593.1    | 1136.7     | -          | 7           | 0.000000 |
| 2 | 720/1750 | 41.1%    | #######........... | 995.3   | 377.8        | -           | 571.8    | 1567.1     | -          | 4           | 0.000000 |
+---+----------+----------+--------------------+---------+--------------+-------------+----------+------------+------------+-------------+----------+
------------------------------------------------------------------------------
     wrong   pred='\\( \\alpha > \\frac{20}{9} \\)' tokens=1727 visible=825 reason=- cost=- latency=89.0s
     wrong   pred='\\alpha \\neq 3' tokens=1811 visible=627 reason=- cost=- latency=84.4s
     correct pred='\\(\\frac{1}{t+1}\\)' tokens=867 visible=211 reason=- cost=- latency=67.4s
     correct pred='\\(\\frac{1}{t+1}\\).' tokens=1317 visible=193 reason=- cost=- latency=61.6s
     correct pred='\\( 8\\pi (1 - i) \\)' tokens=1328 visible=455 reason=- cost=- latency=62.6s
     wrong   pred='\\( 8\\pi(1 + i) \\).' tokens=1530 visible=303 reason=- cost=- latency=61.5s
     correct pred='\\( \\frac{1}{4} \\).' tokens=800 visible=199 reason=- cost=- latency=48.1s
     correct pred='\\(\\frac{1}{4}\\).' tokens=1174 visible=199 reason=- cost=- latency=39.0s
     wrong   pred='3' tokens=1143 visible=545 reason=- cost=- latency=41.8s
     wrong   pred='The chromatic number of this graph is...' tokens=1592 visible=397 reason=- cost=- latency=43.1s
     wrong   pred='11' tokens=961 visible=302 reason=- cost=- latency=37.8s
     wrong   pred='\\frac{100}{9}' tokens=1537 visible=343 reason=- cost=- latency=37.8s
     wrong   pred='Yes, a bounded metric space with a no...' tokens=738 visible=251 reason=- cost=- latency=37.8s
     wrong   pred='Yes, there exists a bounded metric sp...' tokens=1080 visible=321 reason=- cost=- latency=38.5s
     correct pred='-4' tokens=1282 visible=409 reason=- cost=- latency=40.3s
     correct pred='-4' tokens=1700 visible=310 reason=- cost=- latency=41.7s
     wrong   pred='Yes, these two expressions are equiva...' tokens=791 visible=339 reason=- cost=- latency=40.6s
     wrong   pred='Yes, these two expressions are equiva...' tokens=1221 visible=344 reason=- cost=- latency=38.9s
     wrong   pred='4' tokens=998 visible=375 reason=- cost=- latency=41.6s
     wrong   pred='1' tokens=1231 visible=304 reason=- cost=- latency=41.6s
     correct pred='03' tokens=839 visible=181 reason=- cost=- latency=36.6s
     correct pred='03' tokens=1425 visible=244 reason=- cost=- latency=35.6s
     correct pred='10' tokens=1118 visible=309 reason=- cost=- latency=38.6s
     correct pred='10' tokens=1474 visible=248 reason=- cost=- latency=39.2s
     wrong   pred="Yes, Polya's recursion theorem guaran..." tokens=762 visible=227 reason=- cost=- latency=35.5s
     correct pred='Yes' tokens=1135 visible=222 reason=- cost=- latency=33.4s
     wrong   pred='\\( e^{3} \\)' tokens=1435 visible=471 reason=- cost=- latency=40.4s
     wrong   pred='The limit holds and is equal to \\( e^...' tokens=1984 visible=495 reason=- cost=- latency=45.2s
     correct pred='Yes.' tokens=1096 visible=307 reason=- cost=- latency=42.9s
     wrong   pred='Yes, it is always possible.' tokens=1728 visible=342 reason=- cost=- latency=42.2s
     wrong   pred='Yes, there exists a constant \\( C \\) ...' tokens=1530 visible=577 reason=- cost=- latency=51.6s
     wrong   pred='Yes, there exists a constant \\( C \\) ...' tokens=1949 visible=483 reason=- cost=- latency=59.6s
     correct pred='\\(-\\pi\\).' tokens=1306 visible=441 reason=- cost=- latency=57.5s
     correct pred='\\(-\\pi\\)' tokens=1789 visible=379 reason=- cost=- latency=53.9s
     wrong   pred='\\(x = \\frac{W(1)}{2}\\)' tokens=746 visible=182 reason=- cost=- latency=52.6s
     wrong   pred='\\(x = W\\left(\\frac{1}{2}\\right)\\)' tokens=988 visible=144 reason=- cost=- latency=49.5s
     wrong   pred="\\( f'(5) = 6 \\)." tokens=991 visible=374 reason=- cost=- latency=43.6s
     correct pred='6' tokens=1185 visible=203 reason=- cost=- latency=36.4s
     wrong   pred='Yes, there exist uncountable subrings...' tokens=945 visible=381 reason=- cost=- latency=33.4s
     correct pred='Yes.' tokens=1353 visible=355 reason=- cost=- latency=31.5s
     correct pred='\\frac{400}{3}' tokens=1279 visible=471 reason=- cost=- latency=38.5s
     correct pred='\\(\\frac{400}{3}\\)' tokens=1637 visible=430 reason=- cost=- latency=46.5s
     wrong   pred='$\\sqrt{3}$' tokens=914 visible=285 reason=- cost=- latency=45.3s
     correct pred='$\\sqrt{2}$' tokens=1419 visible=340 reason=- cost=- latency=48.7s
     correct pred='\\(\\frac{5}{\\mu}\\)' tokens=600 visible=145 reason=- cost=- latency=45.1s
     correct pred='\\( \\frac{5}{\\mu} \\)' tokens=943 visible=159 reason=- cost=- latency=42.0s
     wrong   pred='Yes, \\(u\\) is necessarily a constant ...' tokens=945 visible=406 reason=- cost=- latency=36.1s
     wrong   pred='Yes, \\( u \\) is necessarily a constan...' tokens=1429 visible=429 reason=- cost=- latency=30.9s
     correct pred='Yes.' tokens=945 visible=292 reason=- cost=- latency=30.5s
     wrong   pred='Yes, the characteristic function \\(\\m...' tokens=1198 visible=141 reason=- cost=- latency=25.3s
     wrong   pred='The statement is true.' tokens=1105 visible=476 reason=- cost=- latency=30.9s
     wrong   pred='It is true that \\(\\operatorname{Ann}_...' tokens=1558 visible=442 reason=- cost=- latency=36.6s
     wrong   pred='The value of the contour integral is ...' tokens=1370 visible=406 reason=- cost=- latency=40.5s
     wrong   pred='\\(\\pi i\\)' tokens=2361 visible=567 reason=- cost=- latency=49.6s
     correct pred='\\(4i\\)' tokens=978 visible=346 reason=- cost=- latency=50.9s
     wrong   pred='0' tokens=1158 visible=172 reason=- cost=- latency=52.1s
     correct pred='Yes.' tokens=1149 visible=417 reason=- cost=- latency=51.4s
     correct pred='Yes.' tokens=1622 visible=343 reason=- cost=- latency=49.5s
     wrong   pred='All these segments have different len...' tokens=1071 visible=500 reason=- cost=- latency=47.7s
     wrong   pred='All these segments have different len...' tokens=1553 visible=502 reason=- cost=- latency=41.2s
     wrong   pred='\\frac{\\sigma^2}{\\mu_X^2 + \\mu_Y^2}' tokens=1039 visible=324 reason=- cost=- latency=40.3s
     wrong   pred='\\(\\frac{\\sigma^2}{\\mu_X^2 + \\mu_Y^2}\\).' tokens=1408 visible=185 reason=- cost=- latency=40.3s
     wrong   pred='49' tokens=1774 visible=678 reason=- cost=- latency=50.2s
     wrong   pred='16' tokens=1876 visible=433 reason=- cost=- latency=55.7s
     correct pred='Yes' tokens=1080 visible=385 reason=- cost=- latency=56.4s
     correct pred='Yes.' tokens=1364 visible=318 reason=- cost=- latency=54.8s
     wrong   pred='The identity \\( \\sum_{k=1}^{n} k\\bino...' tokens=1244 visible=409 reason=- cost=- latency=59.7s
     wrong   pred='The proof by induction shows that \\( ...' tokens=1624 visible=375 reason=- cost=- latency=66.9s
     wrong   pred='The sequence of operators \\(A_n x(t) ...' tokens=1388 visible=461 reason=- cost=- latency=60.5s
     wrong   pred='The sequence of operators \\(A_n x(t) ...' tokens=2086 visible=541 reason=- cost=- latency=62.0s
     wrong   pred='000' tokens=1306 visible=437 reason=- cost=- latency=63.4s
     wrong   pred='378' tokens=2202 visible=660 reason=- cost=- latency=71.8s
     wrong   pred='The function \\( f(x, y) = xy \\) with ...' tokens=1058 visible=412 reason=- cost=- latency=68.8s
     wrong   pred='The function \\( f(x, y) = xy \\) with ...' tokens=1513 visible=475 reason=- cost=- latency=66.1s
     wrong   pred='The metric space defined by the $l_2$...' tokens=1379 visible=644 reason=- cost=- latency=68.4s
     wrong   pred='Yes, the metric space defined by the ...' tokens=1221 visible=341 reason=- cost=- latency=60.1s
     wrong   pred='85184' tokens=1174 visible=419 reason=- cost=- latency=61.3s
     wrong   pred='91125' tokens=1252 visible=348 reason=- cost=- latency=53.7s
     wrong   pred='No, the \\( L \\) matrices obtained fro...' tokens=1016 visible=530 reason=- cost=- latency=53.6s
     wrong   pred='The \\( L \\) matrices obtained from \\(...' tokens=1433 visible=558 reason=- cost=- latency=53.5s
     wrong   pred='3' tokens=1537 visible=417 reason=- cost=- latency=52.2s
     wrong   pred='99' tokens=2045 visible=382 reason=- cost=- latency=57.5s
     wrong   pred='\\frac{1}{2}' tokens=1299 visible=437 reason=- cost=- latency=57.3s
     wrong   pred='\\(1\\)' tokens=1779 visible=492 reason=- cost=- latency=60.8s
     wrong   pred='\\( \\frac{8}{5} \\)' tokens=1251 visible=508 reason=- cost=- latency=64.1s
     correct pred='\\(-\\frac{7}{5}\\)' tokens=1670 visible=494 reason=- cost=- latency=67.6s
     wrong   pred='$\\frac{21}{25}$' tokens=1229 visible=417 reason=- cost=- latency=64.6s
     wrong   pred='$\\frac{21}{50}$' tokens=1839 visible=463 reason=- cost=- latency=64.2s
     correct pred='Yes.' tokens=974 visible=370 reason=- cost=- latency=59.8s
     correct pred='Yes' tokens=1493 visible=398 reason=- cost=- latency=56.1s
     correct pred='\\( \\frac{\\pi}{2} \\).' tokens=733 visible=178 reason=- cost=- latency=48.1s
     correct pred='\\( \\frac{\\pi}{2} \\)' tokens=1122 visible=137 reason=- cost=- latency=38.9s
     wrong   pred='\\(0.659375\\)' tokens=2042 visible=695 reason=- cost=- latency=52.1s
     correct pred='$\\frac{3}{22}$' tokens=2071 visible=559 reason=- cost=- latency=58.3s
     wrong   pred='\\frac{3\\sqrt{2}}{2} + 11.5 + \\sqrt{48...' tokens=1421 visible=571 reason=- cost=- latency=65.1s
     wrong   pred='13.' tokens=1647 visible=466 reason=- cost=- latency=67.8s
     wrong   pred='\\( e - 1 - \\frac{1}{2!} - \\frac{1}{3!...' tokens=1324 visible=483 reason=- cost=- latency=76.0s
     wrong   pred='e-1' tokens=1902 visible=503 reason=- cost=- latency=86.8s
     wrong   pred='\\(a > \\ln(2) - 1\\).' tokens=1206 visible=353 reason=- cost=- latency=74.6s
     wrong   pred='\\(a > \\ln(2) - 1\\)' tokens=1608 visible=342 reason=- cost=- latency=67.8s

------------------------------------------------------------------------------
Prelim Eval (3600/4000 calls, elapsed 31457.3s)
------------------------------------------------------------------------------
+---+----------+----------+--------------------+---------+--------------+-------------+----------+------------+------------+-------------+----------+
| k | correct  | accuracy | bar                | mean in | mean visible | mean reason | mean out | mean total | reason sum | limit flags | cost     |
+---+----------+----------+--------------------+---------+--------------+-------------+----------+------------+------------+-------------+----------+
| 1 | 683/1800 | 37.9%    | #######........... | 543.7   | 397.5        | -           | 593.2    | 1136.9     | -          | 7           | 0.000000 |
| 2 | 738/1800 | 41.0%    | #######........... | 995.5   | 377.5        | -           | 571.0    | 1566.5     | -          | 4           | 0.000000 |
+---+----------+----------+--------------------+---------+--------------+-------------+----------+------------+------------+-------------+----------+
------------------------------------------------------------------------------
     wrong   pred='Yes, it is always possible to partiti...' tokens=1188 visible=515 reason=- cost=- latency=62.2s
     wrong   pred='Yes, it is possible to partition thes...' tokens=1504 visible=236 reason=- cost=- latency=55.7s
     wrong   pred="Yes, the derivative \\( f'(x) \\) is ne..." tokens=839 visible=274 reason=- cost=- latency=49.3s
     wrong   pred="Yes, the derivative \\( f'(x) \\) is ne..." tokens=1199 visible=240 reason=- cost=- latency=40.4s
     correct pred='\\([-3, -1)\\)' tokens=1426 visible=593 reason=- cost=- latency=43.3s
     wrong   pred='The interval of convergence for the g...' tokens=1532 visible=516 reason=- cost=- latency=41.6s
     wrong   pred='All real numbers \\( c \\).' tokens=1459 visible=530 reason=- cost=- latency=45.9s
     wrong   pred='\\([0, 2]\\)' tokens=2088 visible=550 reason=- cost=- latency=55.4s
     correct pred='\\( e^2 \\)' tokens=1032 visible=300 reason=- cost=- latency=57.1s
     correct pred='\\( e^2 \\)' tokens=1558 visible=320 reason=- cost=- latency=60.1s
     correct pred='Yes.' tokens=1108 visible=343 reason=- cost=- latency=54.2s
     wrong   pred='No' tokens=1757 visible=434 reason=- cost=- latency=55.2s
     correct pred='0' tokens=1448 visible=528 reason=- cost=- latency=56.8s
     correct pred='0' tokens=1726 visible=341 reason=- cost=- latency=55.3s
     correct pred='250' tokens=1003 visible=253 reason=- cost=- latency=53.5s
     correct pred='250' tokens=1543 visible=197 reason=- cost=- latency=50.4s
     wrong   pred='No such non-empty set \\(X\\) exists.' tokens=1071 visible=430 reason=- cost=- latency=50.9s
     wrong   pred='No such set exists.' tokens=1586 visible=492 reason=- cost=- latency=50.4s
     correct pred='Yes' tokens=1096 visible=464 reason=- cost=- latency=43.8s
     correct pred='Yes' tokens=1571 visible=384 reason=- cost=- latency=38.3s
     correct pred='10' tokens=663 visible=227 reason=- cost=- latency=37.0s
     correct pred='10' tokens=1024 visible=263 reason=- cost=- latency=36.8s
     wrong   pred='\\(0\\)' tokens=1435 visible=564 reason=- cost=- latency=42.6s
     wrong   pred='0' tokens=1803 visible=363 reason=- cost=- latency=46.6s
     wrong   pred='\\{I, -I\\}' tokens=1232 visible=426 reason=- cost=- latency=47.6s
     wrong   pred='The kernel of the adjoint representat...' tokens=1732 visible=414 reason=- cost=- latency=48.2s
     wrong   pred='362' tokens=1506 visible=535 reason=- cost=- latency=59.1s
     wrong   pred='653' tokens=1796 visible=409 reason=- cost=- latency=67.5s
     correct pred='$\\frac{2}{9}$' tokens=797 visible=247 reason=- cost=- latency=59.6s
     wrong   pred='$\\frac{7}{36}$' tokens=1266 visible=352 reason=- cost=- latency=54.4s
     wrong   pred='Yes, \\(X_{(1)}\\) is a sufficient stat...' tokens=1123 visible=390 reason=- cost=- latency=55.1s
     wrong   pred='Yes, \\( X_{(1)} = \\min[X_i] \\) is a s...' tokens=1681 visible=487 reason=- cost=- latency=59.2s
     wrong   pred='7' tokens=1060 visible=421 reason=- cost=- latency=52.8s
     wrong   pred='16' tokens=1491 visible=407 reason=- cost=- latency=48.7s
     wrong   pred='The MLE for \\( \\theta \\) is given by:' tokens=1433 visible=504 reason=- cost=- latency=55.9s
     wrong   pred='1' tokens=1705 visible=375 reason=- cost=- latency=58.1s
     correct pred='\\(0\\)' tokens=1783 visible=746 reason=- cost=- latency=68.2s
     wrong   pred='The identity is verified.' tokens=2627 visible=923 reason=- cost=- latency=82.9s
     correct pred='Yes' tokens=1105 visible=427 reason=- cost=- latency=82.6s
     wrong   pred='There is always a solution to the equ...' tokens=1567 visible=391 reason=- cost=- latency=81.7s
     wrong   pred='\\(\\frac{7056}{3481}\\)' tokens=1550 visible=679 reason=- cost=- latency=83.0s
     wrong   pred='$\\frac{576}{25}$' tokens=1811 visible=533 reason=- cost=- latency=83.8s
     correct pred='13' tokens=871 visible=178 reason=- cost=- latency=69.2s
     correct pred='13' tokens=1479 visible=267 reason=- cost=- latency=49.7s
     wrong   pred='Yes, such sets \\(G\\) and \\(F\\) exist.' tokens=1063 visible=371 reason=- cost=- latency=49.2s
     correct pred='Yes.' tokens=1421 visible=278 reason=- cost=- latency=47.5s
     correct pred='1500' tokens=769 visible=208 reason=- cost=- latency=38.3s
     correct pred='1500' tokens=1056 visible=163 reason=- cost=- latency=31.7s
     wrong   pred='Yes, \\(M\\) is necessarily a 4-dimensi...' tokens=818 visible=312 reason=- cost=- latency=32.1s
     correct pred='Yes.' tokens=1314 visible=407 reason=- cost=- latency=32.0s
     wrong   pred='8798' tokens=1364 visible=392 reason=- cost=- latency=35.3s
     wrong   pred='1064' tokens=1633 visible=188 reason=- cost=- latency=36.4s
     correct pred='\\(\\frac{1}{4e}\\)' tokens=1034 visible=316 reason=- cost=- latency=38.2s
     correct pred='\\frac{1}{4e}' tokens=1639 visible=365 reason=- cost=- latency=42.5s
     wrong   pred='Yes, it is possible for \\( G/N \\) to ...' tokens=894 visible=445 reason=- cost=- latency=44.6s
     wrong   pred='It is possible for \\( G/N \\) to be is...' tokens=1062 visible=253 reason=- cost=- latency=42.9s
     correct pred='\\( \\frac{4}{25} \\)' tokens=1536 visible=626 reason=- cost=- latency=46.4s
     wrong   pred='The curvature is \\( \\frac{4}{25} \\).' tokens=1874 visible=537 reason=- cost=- latency=51.8s
     wrong   pred='The resulting set is still connected.' tokens=750 visible=200 reason=- cost=- latency=48.7s
     wrong   pred='Yes, the resulting set is still conne...' tokens=1185 visible=192 reason=- cost=- latency=44.3s
     wrong   pred='\\( -\\frac{\\pi}{8} (\\ln 2 - \\gamma) \\)' tokens=1383 visible=527 reason=- cost=- latency=48.9s
     wrong   pred='\\(0\\)' tokens=1783 visible=387 reason=- cost=- latency=54.5s
     wrong   pred='No.' tokens=1036 visible=257 reason=- cost=- latency=44.9s
     wrong   pred='No' tokens=1733 visible=306 reason=- cost=- latency=38.2s
     wrong   pred='Yes, such a set exists.' tokens=949 visible=489 reason=- cost=- latency=42.1s
     wrong   pred='Yes, there exists a set \\( A \\subset ...' tokens=1299 visible=444 reason=- cost=- latency=45.6s
     wrong   pred='\\( f^*(x) = 10 - |x - 5| \\) for \\( x ...' tokens=1329 visible=508 reason=- cost=- latency=45.9s
     wrong   pred='\\[ f^*(x) =' tokens=1552 visible=448 reason=- cost=- latency=44.8s
     wrong   pred='The function \\(\\phi : 2^{\\mathbb{N}} ...' tokens=991 visible=360 reason=- cost=- latency=47.8s
     wrong   pred='Yes, the function \\(\\phi : 2^{\\mathbb...' tokens=1470 visible=427 reason=- cost=- latency=51.4s
     correct pred='Yes' tokens=792 visible=228 reason=- cost=- latency=48.1s
     correct pred='Yes' tokens=1206 visible=208 reason=- cost=- latency=44.5s
     correct pred='7' tokens=785 visible=212 reason=- cost=- latency=36.8s
     wrong   pred='5' tokens=1143 visible=78 reason=- cost=- latency=31.2s
     wrong   pred='The problem requires solving a more c...' tokens=1180 visible=540 reason=- cost=- latency=34.5s
     wrong   pred='Yes, it is possible to find the deriv...' tokens=1423 visible=450 reason=- cost=- latency=35.0s
     wrong   pred='\\(\\ln(n)\\).' tokens=1089 visible=397 reason=- cost=- latency=39.2s
     correct pred='\\ln n' tokens=1785 visible=468 reason=- cost=- latency=47.7s
     wrong   pred='Yes, \\(\\max_{z \\in \\gamma^*} |f(z)|\\)...' tokens=739 visible=247 reason=- cost=- latency=47.7s
     correct pred='Yes.' tokens=1149 visible=270 reason=- cost=- latency=49.4s
     wrong   pred='0' tokens=981 visible=304 reason=- cost=- latency=45.4s
     wrong   pred='\\(0\\)' tokens=1466 visible=311 reason=- cost=- latency=43.7s
     wrong   pred='The accumulated value at time 8 of an...' tokens=1528 visible=483 reason=- cost=- latency=48.8s
     wrong   pred='$8267.2' tokens=2128 visible=520 reason=- cost=- latency=51.5s
     correct pred='Yes.' tokens=857 visible=413 reason=- cost=- latency=52.6s
     correct pred='Yes.' tokens=1200 visible=324 reason=- cost=- latency=52.0s
     correct pred='False' tokens=797 visible=246 reason=- cost=- latency=48.7s
     correct pred='False' tokens=1116 visible=95 reason=- cost=- latency=42.2s
     correct pred='True' tokens=1003 visible=269 reason=- cost=- latency=35.1s
     correct pred='True' tokens=1572 visible=340 reason=- cost=- latency=28.0s
     wrong   pred='\\(\\ln(2)\\).' tokens=897 visible=251 reason=- cost=- latency=28.3s
     correct pred='\\(\\ln 2\\)' tokens=1442 visible=308 reason=- cost=- latency=31.3s
     wrong   pred='\\( \\frac{1}{3} \\).' tokens=1536 visible=622 reason=- cost=- latency=43.6s
     correct pred='\\(\\frac{1}{6}\\).' tokens=1538 visible=477 reason=- cost=- latency=53.1s
     correct pred='0' tokens=602 visible=182 reason=- cost=- latency=51.0s
     correct pred='0' tokens=843 visible=210 reason=- cost=- latency=47.7s
     correct pred='$\\frac{1}{2}$' tokens=952 visible=365 reason=- cost=- latency=48.1s
     correct pred='$\\frac{1}{2}$' tokens=1469 visible=420 reason=- cost=- latency=47.7s
     wrong   pred='$\\frac{1}{4}$.' tokens=710 visible=154 reason=- cost=- latency=35.8s
     wrong   pred='$\\frac{1}{4}$' tokens=1081 visible=177 reason=- cost=- latency=29.2s

------------------------------------------------------------------------------
Prelim Eval (3700/4000 calls, elapsed 32251.6s)
------------------------------------------------------------------------------
+---+----------+----------+--------------------+---------+--------------+-------------+----------+------------+------------+-------------+----------+
| k | correct  | accuracy | bar                | mean in | mean visible | mean reason | mean out | mean total | reason sum | limit flags | cost     |
+---+----------+----------+--------------------+---------+--------------+-------------+----------+------------+------------+-------------+----------+
| 1 | 704/1850 | 38.1%    | #######........... | 543.7   | 397.3        | -           | 592.0    | 1135.7     | -          | 7           | 0.000000 |
| 2 | 758/1850 | 41.0%    | #######........... | 995.5   | 377.0        | -           | 569.5    | 1565.0     | -          | 4           | 0.000000 |
+---+----------+----------+--------------------+---------+--------------+-------------+----------+------------+------------+-------------+----------+
------------------------------------------------------------------------------
     correct pred='\\((a+b+c)^2\\)' tokens=1200 visible=432 reason=- cost=- latency=35.7s
     correct pred='\\((a+b+c)^2\\).' tokens=1377 visible=330 reason=- cost=- latency=39.3s
     wrong   pred='There are no such four-digit numbers ...' tokens=1440 visible=550 reason=- cost=- latency=45.3s
     wrong   pred='1234' tokens=2559 visible=683 reason=- cost=- latency=59.0s
     correct pred='\\frac{1}{n}' tokens=963 visible=307 reason=- cost=- latency=62.3s
     correct pred='\\(\\frac{1}{n}\\).' tokens=1247 visible=235 reason=- cost=- latency=63.8s
     wrong   pred='6' tokens=929 visible=233 reason=- cost=- latency=58.3s
     wrong   pred='6' tokens=1344 visible=191 reason=- cost=- latency=54.6s
     correct pred='71' tokens=1387 visible=478 reason=- cost=- latency=55.0s
     correct pred='71' tokens=1698 visible=402 reason=- cost=- latency=44.8s
     correct pred='0' tokens=1105 visible=430 reason=- cost=- latency=46.8s
     correct pred='0' tokens=1071 visible=164 reason=- cost=- latency=44.0s
     wrong   pred='\\( \\frac{\\pi \\sinh(4)}{256} + \\frac{\\...' tokens=1305 visible=520 reason=- cost=- latency=52.2s
     correct pred='\\(0\\).' tokens=961 visible=212 reason=- cost=- latency=52.3s
     wrong   pred='Yes, \\(T_e H\\) is a subspace (and mor...' tokens=894 visible=355 reason=- cost=- latency=46.1s
     wrong   pred='Yes, \\(T_e H\\) is a subspace of \\(T_e...' tokens=1146 visible=231 reason=- cost=- latency=39.8s
     wrong   pred='The limit equals \\( \\frac{1}{2} \\).' tokens=1191 visible=439 reason=- cost=- latency=41.5s
     wrong   pred='No' tokens=1173 visible=261 reason=- cost=- latency=44.2s
     correct pred='\\( \\frac{\\pi}{2} \\)' tokens=1368 visible=469 reason=- cost=- latency=41.7s
     correct pred='$\\frac{\\pi}{2}$' tokens=1454 visible=128 reason=- cost=- latency=41.7s
     correct pred='\\(\\frac{\\pi}{e}\\).' tokens=1003 visible=339 reason=- cost=- latency=43.7s
     correct pred='\\(\\frac{\\pi}{e}\\).' tokens=1233 visible=290 reason=- cost=- latency=45.8s
     wrong   pred='\\(0\\)' tokens=922 visible=239 reason=- cost=- latency=40.5s
     correct pred='\\(-\\frac{7}{6}\\)' tokens=1532 visible=364 reason=- cost=- latency=42.8s
     wrong   pred='14' tokens=1213 visible=420 reason=- cost=- latency=40.9s
     wrong   pred='5' tokens=1530 visible=278 reason=- cost=- latency=42.7s
     wrong   pred='The coefficient of \\(x^{18}\\) is 15.' tokens=1416 visible=523 reason=- cost=- latency=47.3s
     wrong   pred='31' tokens=1771 visible=468 reason=- cost=- latency=52.4s
     wrong   pred='The points on the elliptic curve \\( y...' tokens=1336 visible=496 reason=- cost=- latency=57.6s
     wrong   pred='The only point such that \\( 2P = 0 \\)...' tokens=1535 visible=286 reason=- cost=- latency=55.8s
     correct pred='\\(\\frac{1}{3}\\).' tokens=858 visible=254 reason=- cost=- latency=53.2s
     correct pred='\\(\\frac{1}{3}\\).' tokens=1213 visible=282 reason=- cost=- latency=53.8s
     wrong   pred='\\(O(1/n)\\).' tokens=937 visible=378 reason=- cost=- latency=47.5s
     correct pred='\\(\\frac{1}{n}\\).' tokens=1375 visible=379 reason=- cost=- latency=42.7s
     wrong   pred='In $\\mathbf{Grp}$ and $\\mathbf{Vect}_...' tokens=1093 visible=556 reason=- cost=- latency=40.4s
     wrong   pred='In $\\mathbf{Grp}$ and $\\mathbf{Vect}_...' tokens=1341 visible=344 reason=- cost=- latency=40.2s
     wrong   pred='\\(6\\)' tokens=758 visible=192 reason=- cost=- latency=38.7s
     wrong   pred='6' tokens=1062 visible=172 reason=- cost=- latency=36.6s
     correct pred='\\( \\frac{n}{12} \\).' tokens=992 visible=305 reason=- cost=- latency=38.0s
     correct pred='\\( \\frac{n}{12} \\).' tokens=1348 visible=304 reason=- cost=- latency=39.1s
     wrong   pred='\\frac{1}{2}' tokens=1226 visible=521 reason=- cost=- latency=41.0s
     wrong   pred='2' tokens=1718 visible=525 reason=- cost=- latency=46.3s
     wrong   pred='12' tokens=1312 visible=592 reason=- cost=- latency=52.9s
     wrong   pred='15' tokens=1783 visible=601 reason=- cost=- latency=60.2s
     correct pred='\\( b - a \\).' tokens=1272 visible=526 reason=- cost=- latency=62.3s
     wrong   pred='0.5(b-a)' tokens=1718 visible=410 reason=- cost=- latency=63.5s
     correct pred='50' tokens=1051 visible=521 reason=- cost=- latency=60.2s
     wrong   pred='32' tokens=1698 visible=657 reason=- cost=- latency=58.3s
     correct pred='\\(\\frac{a^n}{n!}\\).' tokens=1474 visible=560 reason=- cost=- latency=59.9s
     correct pred='\\(\\frac{a^n}{n!}\\).' tokens=1467 visible=271 reason=- cost=- latency=54.2s
     correct pred='Yes.' tokens=930 visible=375 reason=- cost=- latency=50.8s
     wrong   pred='Yes, every open set in \\(\\mathbb{R}\\)...' tokens=1262 visible=318 reason=- cost=- latency=47.6s
     wrong   pred='Yes, such a charge \\( c \\) does exist.' tokens=998 visible=339 reason=- cost=- latency=46.0s
     wrong   pred='Yes, such a charge \\( c \\) exists.' tokens=1781 visible=513 reason=- cost=- latency=45.9s
     wrong   pred='There exists a holomorphic function \\...' tokens=1211 visible=508 reason=- cost=- latency=43.3s
     wrong   pred='No, there does not exist a holomorphi...' tokens=1695 visible=593 reason=- cost=- latency=48.9s
     wrong   pred='\\( a = 1 \\).' tokens=1327 visible=511 reason=- cost=- latency=53.8s
     wrong   pred='\\( a = 1 \\)' tokens=1641 visible=488 reason=- cost=- latency=57.9s
     wrong   pred='Yes, a one-to-one mapping can be esta...' tokens=1023 visible=411 reason=- cost=- latency=59.4s
     wrong   pred='Yes, a one-to-one mapping can be esta...' tokens=1364 visible=345 reason=- cost=- latency=55.6s
     wrong   pred='\\( z \\approx -5.76 \\).' tokens=1573 visible=705 reason=- cost=- latency=60.7s
     wrong   pred='-3.29' tokens=1706 visible=484 reason=- cost=- latency=60.2s
     wrong   pred='6' tokens=1246 visible=441 reason=- cost=- latency=59.7s
     wrong   pred='9' tokens=1952 visible=603 reason=- cost=- latency=65.5s
     correct pred='\\frac{1}{3}' tokens=1363 visible=538 reason=- cost=- latency=70.5s
     wrong   pred='\\alpha \\geq \\frac{1}{3}' tokens=1339 visible=256 reason=- cost=- latency=70.2s
     correct pred='\\(\\frac{1}{2}\\)' tokens=958 visible=325 reason=- cost=- latency=61.1s
     correct pred='$\\frac{1}{2}$' tokens=1122 visible=131 reason=- cost=- latency=52.4s
     wrong   pred='\\( n = 7 \\).' tokens=1185 visible=514 reason=- cost=- latency=51.7s
     wrong   pred='\\( n = 7 \\)' tokens=1616 visible=518 reason=- cost=- latency=47.2s
     wrong   pred='Yes, the set \\( E_r \\) is always open...' tokens=978 visible=283 reason=- cost=- latency=40.5s
     wrong   pred='Yes, the set \\( E_r \\) is always open.' tokens=1433 visible=226 reason=- cost=- latency=39.9s
     wrong   pred='25' tokens=877 visible=254 reason=- cost=- latency=38.9s
     wrong   pred='25' tokens=1290 visible=242 reason=- cost=- latency=41.5s
     correct pred='$\\frac{1}{48}$' tokens=1185 visible=358 reason=- cost=- latency=40.5s
     wrong   pred='$\\frac{5}{48}$' tokens=1895 visible=452 reason=- cost=- latency=42.2s
     correct pred='\\frac{\\pi}{4}' tokens=1112 visible=332 reason=- cost=- latency=45.1s
     correct pred='\\( \\frac{\\pi}{4} \\)' tokens=1488 visible=296 reason=- cost=- latency=47.9s
     correct pred='864' tokens=933 visible=330 reason=- cost=- latency=49.3s
     correct pred='864' tokens=1215 visible=237 reason=- cost=- latency=49.6s
     wrong   pred='The order of \\( g^r \\) is \\( \\frac{o(...' tokens=688 visible=127 reason=- cost=- latency=43.3s
     correct pred='\\(\\frac{o(g)}{r}\\)' tokens=1046 visible=90 reason=- cost=- latency=32.8s
     wrong   pred='The probability that \\(\\sum_{i \\in S}...' tokens=846 visible=312 reason=- cost=- latency=30.2s
     wrong   pred='0.5' tokens=1227 visible=294 reason=- cost=- latency=28.8s
     wrong   pred='\\(\\sum_{k=3}^{\\infty} \\frac{1}{k!}\\).' tokens=1134 visible=372 reason=- cost=- latency=31.8s
     wrong   pred='The coefficient of \\( z \\) in the Lau...' tokens=1362 visible=340 reason=- cost=- latency=34.1s
     correct pred='\\( \\frac{27}{e^2} \\).' tokens=1329 visible=475 reason=- cost=- latency=42.8s
     correct pred='$\\frac{27}{e^2}$' tokens=1859 visible=470 reason=- cost=- latency=53.4s
     correct pred='\\(\\dim X < \\infty\\).' tokens=1327 visible=579 reason=- cost=- latency=58.6s
     correct pred='\\(\\dim X < \\infty\\).' tokens=1685 visible=495 reason=- cost=- latency=61.6s
     wrong   pred='The expression \\( 1492^n - 1770^n - 1...' tokens=1438 visible=541 reason=- cost=- latency=66.0s
     wrong   pred='The expression \\(1492^n - 1770^n - 18...' tokens=1984 visible=662 reason=- cost=- latency=74.8s
     correct pred='Yes' tokens=1054 visible=325 reason=- cost=- latency=70.6s
     correct pred='Yes' tokens=1584 visible=349 reason=- cost=- latency=66.2s
     wrong   pred='\\( n = 32 \\).' tokens=1227 visible=477 reason=- cost=- latency=65.1s
     correct pred='41' tokens=1469 visible=347 reason=- cost=- latency=62.7s
     correct pred='\\( \\frac{9}{2} \\)' tokens=1009 visible=330 reason=- cost=- latency=55.4s
     correct pred='\\(\\frac{9}{2}\\)' tokens=1387 visible=284 reason=- cost=- latency=44.6s
     correct pred='\\(2\\pi i \\sin(2)\\).' tokens=1027 visible=392 reason=- cost=- latency=44.5s
     correct pred='\\( 2\\pi i \\sin(2) \\)' tokens=1482 visible=311 reason=- cost=- latency=43.5s

------------------------------------------------------------------------------
Prelim Eval (3800/4000 calls, elapsed 33086.7s)
------------------------------------------------------------------------------
+---+----------+----------+--------------------+---------+--------------+-------------+----------+------------+------------+-------------+----------+
| k | correct  | accuracy | bar                | mean in | mean visible | mean reason | mean out | mean total | reason sum | limit flags | cost     |
+---+----------+----------+--------------------+---------+--------------+-------------+----------+------------+------------+-------------+----------+
| 1 | 726/1900 | 38.2%    | #######........... | 543.3   | 397.8        | -           | 592.3    | 1135.6     | -          | 7           | 0.000000 |
| 2 | 780/1900 | 41.1%    | #######........... | 994.7   | 376.5        | -           | 568.2    | 1562.9     | -          | 4           | 0.000000 |
+---+----------+----------+--------------------+---------+--------------+-------------+----------+------------+------------+-------------+----------+
------------------------------------------------------------------------------
     wrong   pred='There are no periodic points of perio...' tokens=866 visible=296 reason=- cost=- latency=38.6s
     wrong   pred='There are no periodic points of perio...' tokens=1242 visible=234 reason=- cost=- latency=36.0s
     wrong   pred='\\( 2^{50} e^\\pi \\).' tokens=1045 visible=280 reason=- cost=- latency=36.8s
     wrong   pred='\\( 2^{50} e^\\pi \\)' tokens=1501 visible=312 reason=- cost=- latency=39.0s
     correct pred='\\( e^{-2} \\).' tokens=1106 visible=321 reason=- cost=- latency=39.5s
     correct pred='\\( e^{-2} \\)' tokens=1941 visible=523 reason=- cost=- latency=45.2s
     wrong   pred='\\( x = 50\\sqrt{2} \\).' tokens=1241 visible=467 reason=- cost=- latency=51.5s
     correct pred='50' tokens=1768 visible=521 reason=- cost=- latency=60.9s
     wrong   pred='The function \\( f(k) = k^n \\) is inve...' tokens=782 visible=299 reason=- cost=- latency=58.1s
     wrong   pred='The function \\( f(k) = k^n \\) is inve...' tokens=1183 visible=303 reason=- cost=- latency=55.6s
     wrong   pred='$0$' tokens=1635 visible=651 reason=- cost=- latency=64.1s
     wrong   pred='The value of $\\frac{d^2y}{dx^2}$ at $...' tokens=1819 visible=519 reason=- cost=- latency=64.2s
     correct pred='$\\frac{1}{120}$' tokens=1090 visible=298 reason=- cost=- latency=61.2s
     correct pred='\\frac{1}{120}' tokens=1625 visible=358 reason=- cost=- latency=57.5s
     wrong   pred='Yes, a countably infinite set \\( X \\)...' tokens=977 visible=488 reason=- cost=- latency=60.4s
     correct pred='Yes' tokens=1109 visible=259 reason=- cost=- latency=59.4s
     correct pred='Yes' tokens=1099 visible=461 reason=- cost=- latency=51.7s
     correct pred='Yes.' tokens=1601 visible=534 reason=- cost=- latency=48.7s
     correct pred='$\\frac{1}{3}$' tokens=1048 visible=301 reason=- cost=- latency=48.0s
     correct pred='\\(\\frac{1}{3}\\)' tokens=1426 visible=261 reason=- cost=- latency=44.8s
     correct pred='\\(2\\sqrt[3]{15}\\)' tokens=1044 visible=377 reason=- cost=- latency=45.9s
     correct pred='\\(2\\sqrt[3]{15}\\)' tokens=1450 visible=413 reason=- cost=- latency=51.1s
     correct pred='\\ln 2' tokens=700 visible=133 reason=- cost=- latency=45.6s
     correct pred='\\(\\ln 2\\)' tokens=1123 visible=139 reason=- cost=- latency=39.1s
     wrong   pred='\\(1\\)' tokens=1485 visible=483 reason=- cost=- latency=43.6s
     wrong   pred='\\( 1 \\)' tokens=2497 visible=809 reason=- cost=- latency=55.3s
     wrong   pred='The coordinates of the fourth point o...' tokens=1443 visible=580 reason=- cost=- latency=58.2s
     correct pred='\\((2, -8)\\).' tokens=2021 visible=464 reason=- cost=- latency=60.6s
     wrong   pred='The series converges for \\( p > 1 \\).' tokens=1197 visible=347 reason=- cost=- latency=65.9s
     correct pred='\\( p > 1 \\).' tokens=1696 visible=342 reason=- cost=- latency=70.4s
     wrong   pred='Yes, the inequality \\(d_P(\\mathcal{N}...' tokens=1521 visible=586 reason=- cost=- latency=70.4s
     correct pred='Yes' tokens=1713 visible=311 reason=- cost=- latency=57.6s
     correct pred='\\(\\frac{3}{64}\\)' tokens=1019 visible=358 reason=- cost=- latency=52.6s
     correct pred='\\(\\frac{3}{64}\\)' tokens=1406 visible=237 reason=- cost=- latency=45.8s
     wrong   pred='The extreme value of the function is ...' tokens=842 visible=338 reason=- cost=- latency=44.0s
     correct pred='\\( c^4 \\)' tokens=1044 visible=262 reason=- cost=- latency=41.2s
     wrong   pred='$\\frac{3}{2}$.' tokens=1219 visible=403 reason=- cost=- latency=39.7s
     correct pred='$\\frac{2}{3}$.' tokens=1454 visible=312 reason=- cost=- latency=42.3s
     correct pred='\\frac{3}{2}' tokens=1159 visible=402 reason=- cost=- latency=46.3s
     wrong   pred='$-\\frac{1}{2}$' tokens=1438 visible=395 reason=- cost=- latency=50.9s
     wrong   pred='455' tokens=1009 visible=463 reason=- cost=- latency=51.7s
     wrong   pred='210' tokens=1514 visible=497 reason=- cost=- latency=55.3s
     wrong   pred='58' tokens=981 visible=285 reason=- cost=- latency=51.3s
     wrong   pred='106' tokens=1683 visible=365 reason=- cost=- latency=53.1s
     wrong   pred='\\( a < \\frac{4}{3} \\)' tokens=1413 visible=533 reason=- cost=- latency=55.0s
     wrong   pred='\\left(-\\infty, \\frac{4}{3}\\right)' tokens=2072 visible=605 reason=- cost=- latency=60.4s
     correct pred='Yes.' tokens=1028 visible=511 reason=- cost=- latency=62.0s
     wrong   pred='Yes, there exists a basis of \\( V \\) ...' tokens=1252 visible=418 reason=- cost=- latency=60.8s
     wrong   pred='$1$' tokens=1363 visible=443 reason=- cost=- latency=65.3s
     wrong   pred='$\\frac{9}{e^2}$' tokens=2122 visible=540 reason=- cost=- latency=69.7s
     correct pred='Yes' tokens=747 visible=343 reason=- cost=- latency=63.0s
     correct pred='Yes' tokens=1106 visible=385 reason=- cost=- latency=55.1s
     correct pred='\\(\\frac{12}{7}\\).' tokens=1130 visible=427 reason=- cost=- latency=57.2s
     correct pred='\\frac{12}{7}' tokens=1091 visible=283 reason=- cost=- latency=56.4s
     correct pred='\\(\\frac{\\pi}{4}\\).' tokens=1034 visible=357 reason=- cost=- latency=53.1s
     correct pred='\\(\\frac{\\pi}{4}\\)' tokens=1488 visible=362 reason=- cost=- latency=46.7s
     correct pred='1092' tokens=675 visible=148 reason=- cost=- latency=45.2s
     correct pred='1092' tokens=962 visible=152 reason=- cost=- latency=42.6s
     wrong   pred='\\( (x, y) = (3, 2) \\)' tokens=799 visible=255 reason=- cost=- latency=36.8s
     correct pred='(3, 2)' tokens=1247 visible=282 reason=- cost=- latency=37.1s
     wrong   pred='\\(+\\infty\\)' tokens=1235 visible=468 reason=- cost=- latency=40.0s
     correct pred='\\(\\frac{1}{2}\\)' tokens=1500 visible=373 reason=- cost=- latency=40.5s
     wrong   pred="\\(\\delta'\\)" tokens=752 visible=265 reason=- cost=- latency=40.4s
     wrong   pred='The distributional derivative of \\( \\...' tokens=1150 visible=306 reason=- cost=- latency=40.4s
     wrong   pred='Yes, \\( f \\) is measurable.' tokens=899 visible=310 reason=- cost=- latency=40.0s
     wrong   pred='Yes, $f$ is measurable.' tokens=1224 visible=147 reason=- cost=- latency=35.7s
     correct pred='\\( (100!)^3 \\).' tokens=1026 visible=266 reason=- cost=- latency=32.0s
     wrong   pred='\\((101!)^3\\)' tokens=1716 visible=473 reason=- cost=- latency=33.7s
     wrong   pred='\\( 2\\pi i \\)' tokens=1049 visible=348 reason=- cost=- latency=37.0s
     correct pred='\\( 2\\pi \\)' tokens=1487 visible=272 reason=- cost=- latency=39.6s
     correct pred='32' tokens=768 visible=161 reason=- cost=- latency=37.8s
     correct pred='32' tokens=1211 visible=139 reason=- cost=- latency=38.0s
     wrong   pred='(191, 46)' tokens=1435 visible=461 reason=- cost=- latency=43.0s
     wrong   pred='\\]' tokens=2227 visible=590 reason=- cost=- latency=48.4s
     wrong   pred='Yes, \\(\\prod_{k=1}^n (1 + x_{n,k}) \\t...' tokens=1078 visible=307 reason=- cost=- latency=48.0s
     wrong   pred='Yes, it follows that \\(\\prod_{k=1}^n ...' tokens=1633 visible=316 reason=- cost=- latency=48.5s
     correct pred='3.85' tokens=1151 visible=332 reason=- cost=- latency=53.2s
     correct pred='\\(3.85\\)' tokens=1674 visible=340 reason=- cost=- latency=58.4s
     correct pred='\\(1000(e - 1)\\).' tokens=908 visible=240 reason=- cost=- latency=52.4s
     correct pred='\\(1000(e - 1)\\)' tokens=1383 visible=276 reason=- cost=- latency=43.6s
     correct pred='90' tokens=851 visible=206 reason=- cost=- latency=40.5s
     correct pred='90' tokens=1357 visible=234 reason=- cost=- latency=37.1s
     correct pred='7' tokens=514 visible=84 reason=- cost=- latency=30.5s
     correct pred='7' tokens=838 visible=70 reason=- cost=- latency=23.7s
     correct pred='True' tokens=674 visible=153 reason=- cost=- latency=20.0s
     correct pred='True' tokens=1176 visible=184 reason=- cost=- latency=16.5s
     correct pred='\\(\\frac{\\pi}{4}\\).' tokens=840 visible=231 reason=- cost=- latency=18.3s
     correct pred='\\frac{\\pi}{4}' tokens=1223 visible=260 reason=- cost=- latency=20.1s
     wrong   pred='Yes, a proper subfield of the real nu...' tokens=1020 visible=488 reason=- cost=- latency=26.2s
     wrong   pred='A proper subfield of the real numbers...' tokens=1263 visible=288 reason=- cost=- latency=29.9s
     correct pred='\\(m + 2\\)' tokens=517 visible=141 reason=- cost=- latency=30.5s
     correct pred='\\(m + 2\\)' tokens=720 visible=118 reason=- cost=- latency=29.6s
     correct pred='False' tokens=1214 visible=425 reason=- cost=- latency=33.7s
     correct pred='False' tokens=1633 visible=412 reason=- cost=- latency=37.1s
     correct pred='Yes' tokens=1206 visible=490 reason=- cost=- latency=39.3s
     correct pred='Yes.' tokens=1679 visible=583 reason=- cost=- latency=44.4s
     wrong   pred='\\( b = 0 \\).' tokens=678 visible=205 reason=- cost=- latency=46.8s
     wrong   pred='\\( b = 0 \\).' tokens=778 visible=173 reason=- cost=- latency=47.6s
     correct pred='\\(-8\\pi i\\)' tokens=1030 visible=329 reason=- cost=- latency=45.8s
     correct pred='\\(-8\\pi i\\)' tokens=1305 visible=282 reason=- cost=- latency=42.8s

------------------------------------------------------------------------------
Prelim Eval (3900/4000 calls, elapsed 33858.4s)
------------------------------------------------------------------------------
+---+----------+----------+--------------------+---------+--------------+-------------+----------+------------+------------+-------------+----------+
| k | correct  | accuracy | bar                | mean in | mean visible | mean reason | mean out | mean total | reason sum | limit flags | cost     |
+---+----------+----------+--------------------+---------+--------------+-------------+----------+------------+------------+-------------+----------+
| 1 | 751/1950 | 38.5%    | #######........... | 542.6   | 396.6        | -           | 590.4    | 1132.9     | -          | 7           | 0.000000 |
| 2 | 812/1950 | 41.6%    | #######........... | 993.1   | 375.7        | -           | 567.0    | 1560.1     | -          | 4           | 0.000000 |
+---+----------+----------+--------------------+---------+--------------+-------------+----------+------------+------------+-------------+----------+
------------------------------------------------------------------------------
     correct pred='Yes.' tokens=1045 visible=497 reason=- cost=- latency=41.4s
     correct pred='Yes' tokens=1501 visible=474 reason=- cost=- latency=40.6s
     wrong   pred='Yes, it is possible for the sum of th...' tokens=872 visible=504 reason=- cost=- latency=42.1s
     wrong   pred='Yes, it is possible for the sum of th...' tokens=1176 visible=506 reason=- cost=- latency=45.0s
     correct pred='True' tokens=1065 visible=326 reason=- cost=- latency=43.3s
     wrong   pred='False' tokens=1730 visible=450 reason=- cost=- latency=44.8s
     wrong   pred='$B^TA^T$' tokens=879 visible=299 reason=- cost=- latency=41.9s
     wrong   pred='$B^T A$' tokens=1211 visible=224 reason=- cost=- latency=36.6s
     correct pred='\\(348\\)' tokens=1674 visible=687 reason=- cost=- latency=46.9s
     wrong   pred='\\(3168\\).' tokens=1724 visible=520 reason=- cost=- latency=52.6s
     correct pred='\\( e^2 \\)' tokens=1187 visible=389 reason=- cost=- latency=55.1s
     correct pred='\\( e^2 \\).' tokens=1656 visible=367 reason=- cost=- latency=55.5s
     wrong   pred='\\(-\\frac{1}{2}\\)' tokens=902 visible=216 reason=- cost=- latency=56.0s
     wrong   pred='\\(-\\dfrac{1}{2}\\)' tokens=1266 visible=196 reason=- cost=- latency=57.3s
     correct pred='10' tokens=978 visible=236 reason=- cost=- latency=44.9s
     correct pred='10' tokens=1684 visible=279 reason=- cost=- latency=39.4s
     correct pred='\\( x^2 - y^2 = Cx \\).' tokens=1026 visible=321 reason=- cost=- latency=38.4s
     wrong   pred='\\( y^2 = x^2 - \\frac{x}{C} \\)' tokens=1570 visible=390 reason=- cost=- latency=40.2s
     correct pred='Yes.' tokens=936 visible=256 reason=- cost=- latency=40.1s
     wrong   pred='Yes, there exist real numbers \\(a\\), ...' tokens=1776 visible=526 reason=- cost=- latency=46.4s
     wrong   pred='Yes, the set \\(\\{x \\in [a,b] : D^+ f(...' tokens=1098 visible=454 reason=- cost=- latency=50.2s
     wrong   pred='The set \\(\\{x \\in [a,b] : D^+ f(x) < ...' tokens=1490 visible=385 reason=- cost=- latency=51.5s
     correct pred='\\( 9\\pi \\)' tokens=1026 visible=320 reason=- cost=- latency=50.9s
     correct pred='\\( 9\\pi \\)' tokens=1397 visible=253 reason=- cost=- latency=46.9s
     wrong   pred='\\( \\ln(2) \\).' tokens=1035 visible=317 reason=- cost=- latency=48.1s
     wrong   pred='\\( \\ln(2) \\).' tokens=1602 visible=352 reason=- cost=- latency=45.1s
     correct pred='\\( 50(1 + x)^{49} \\).' tokens=1126 visible=308 reason=- cost=- latency=45.4s
     correct pred='\\( 50(1+x)^{49} \\).' tokens=1379 visible=215 reason=- cost=- latency=43.5s
     correct pred='\\(\\frac{100}{3}\\).' tokens=1157 visible=382 reason=- cost=- latency=45.0s
     correct pred='\\(\\frac{100}{3}\\)' tokens=1733 visible=458 reason=- cost=- latency=49.0s
     wrong   pred='\\( 1 \\)' tokens=1417 visible=478 reason=- cost=- latency=53.6s
     wrong   pred='\\( e^{-\\frac{1}{4}} \\)' tokens=1687 visible=367 reason=- cost=- latency=53.1s
     correct pred='125' tokens=1159 visible=454 reason=- cost=- latency=55.3s
     correct pred='125' tokens=1397 visible=445 reason=- cost=- latency=59.2s
     wrong   pred='The point that corresponds to a local...' tokens=1734 visible=635 reason=- cost=- latency=67.2s
     wrong   pred='The point \\( x = \\frac{\\pi}{3} \\) cor...' tokens=2758 visible=975 reason=- cost=- latency=81.2s
     wrong   pred='\\frac{\\sqrt{23}}{2}' tokens=2244 visible=943 reason=- cost=- latency=93.6s
     wrong   pred='5' tokens=2708 visible=842 reason=- cost=- latency=109.1s
     wrong   pred='1667' tokens=1661 visible=630 reason=- cost=- latency=114.3s
     wrong   pred='715' tokens=2156 visible=622 reason=- cost=- latency=121.1s
     correct pred='\\( 3\\sqrt{3} \\)' tokens=1871 visible=689 reason=- cost=- latency=123.4s
     correct pred='\\(3\\sqrt{3}\\)' tokens=1617 visible=390 reason=- cost=- latency=107.5s
     wrong   pred='\\(\\pi\\).' tokens=1062 visible=305 reason=- cost=- latency=90.5s
     wrong   pred='\\(\\frac{1}{\\pi}\\).' tokens=1467 visible=243 reason=- cost=- latency=72.8s
     wrong   pred='Yes, there exists another Brownian mo...' tokens=1072 visible=415 reason=- cost=- latency=65.3s
     wrong   pred='Yes, there exists another Brownian mo...' tokens=1420 visible=342 reason=- cost=- latency=56.6s
     correct pred='Yes.' tokens=930 visible=428 reason=- cost=- latency=44.3s
     correct pred='Yes.' tokens=1228 visible=356 reason=- cost=- latency=41.2s
     wrong   pred='20%' tokens=862 visible=207 reason=- cost=- latency=38.6s
     wrong   pred='20%' tokens=1244 visible=132 reason=- cost=- latency=36.2s
     correct pred='\\(2\\pi\\)' tokens=785 visible=231 reason=- cost=- latency=32.9s
     wrong   pred='The volume of the set \\(E\\) is \\(2\\pi\\).' tokens=1243 visible=311 reason=- cost=- latency=32.2s
     correct pred='87' tokens=808 visible=151 reason=- cost=- latency=28.5s
     correct pred='87' tokens=1296 visible=132 reason=- cost=- latency=25.9s
     correct pred='1409' tokens=1115 visible=316 reason=- cost=- latency=30.1s
     correct pred='1409' tokens=1457 visible=274 reason=- cost=- latency=34.6s
     correct pred='$\\sqrt{10}$' tokens=1582 visible=605 reason=- cost=- latency=44.8s
     wrong   pred='\\(\\sqrt{\\frac{102}{11}}\\).' tokens=1905 visible=523 reason=- cost=- latency=51.7s
     wrong   pred='\\( y = e^x + \\sin x - x \\)' tokens=988 visible=360 reason=- cost=- latency=55.5s
     wrong   pred='The equation of the curve passing thr...' tokens=1700 visible=531 reason=- cost=- latency=63.7s
     correct pred='6' tokens=1164 visible=307 reason=- cost=- latency=64.1s
     correct pred='6' tokens=1619 visible=300 reason=- cost=- latency=65.6s
     wrong   pred='\\(4c^2\\).' tokens=1279 visible=597 reason=- cost=- latency=61.8s
     wrong   pred='\\(4c^2 (1 + h^2 + k^2)\\)' tokens=1470 visible=429 reason=- cost=- latency=56.5s
     wrong   pred='\\( \\frac{\\pi (4 + \\sqrt{3})}{36} \\)' tokens=1256 visible=462 reason=- cost=- latency=61.2s
     correct pred='\\(\\frac{\\pi}{3}\\)' tokens=1545 visible=414 reason=- cost=- latency=60.5s
     wrong   pred='2012' tokens=1280 visible=491 reason=- cost=- latency=61.3s
     wrong   pred='669' tokens=1827 visible=445 reason=- cost=- latency=62.4s
     wrong   pred='24' tokens=1103 visible=310 reason=- cost=- latency=58.3s
     correct pred='\\(104\\)' tokens=1531 visible=240 reason=- cost=- latency=56.4s
     correct pred='21' tokens=1064 visible=281 reason=- cost=- latency=51.9s
     correct pred='21' tokens=1571 visible=293 reason=- cost=- latency=48.8s
     wrong   pred='\\(\\frac{4}{5}\\)' tokens=661 visible=226 reason=- cost=- latency=42.8s
     correct pred='\\(\\frac{9}{10}\\)' tokens=974 visible=260 reason=- cost=- latency=36.7s
     wrong   pred='Yes, we can conclude that \\( X \\subse...' tokens=1038 visible=345 reason=- cost=- latency=35.2s
     wrong   pred='Yes, we can conclude that \\( X \\subse...' tokens=1613 visible=359 reason=- cost=- latency=35.2s
     wrong   pred='Yes, \\( f \\) must be identically zero.' tokens=1022 visible=350 reason=- cost=- latency=34.8s
     wrong   pred='\\( f \\) must be identically zero.' tokens=1509 visible=389 reason=- cost=- latency=34.4s
     wrong   pred='2' tokens=1087 visible=431 reason=- cost=- latency=38.4s
     wrong   pred='2' tokens=1461 visible=332 reason=- cost=- latency=40.9s
     wrong   pred='Yes, \\( f \\) is necessarily analytic.' tokens=888 visible=241 reason=- cost=- latency=38.7s
     correct pred='Yes.' tokens=1353 visible=170 reason=- cost=- latency=35.0s
     wrong   pred='16' tokens=1364 visible=498 reason=- cost=- latency=40.7s
     correct pred='46' tokens=1880 visible=525 reason=- cost=- latency=47.5s
     wrong   pred='\\begin{pmatrix}\\frac{20}{41}\\\\-\\frac{...' tokens=1777 visible=679 reason=- cost=- latency=55.4s
     correct pred='\\begin{pmatrix} -\\frac{40}{29} \\\\ \\fr...' tokens=1869 visible=363 reason=- cost=- latency=57.2s
     wrong   pred='The method is stable for \\(-1 \\leq p ...' tokens=1174 visible=374 reason=- cost=- latency=61.5s
     wrong   pred='The scheme is stable for \\( -1 \\leq p...' tokens=1685 visible=324 reason=- cost=- latency=66.6s
     wrong   pred='Yes, there exist injective group homo...' tokens=1330 visible=546 reason=- cost=- latency=64.8s
     correct pred='Yes.' tokens=1628 visible=339 reason=- cost=- latency=58.4s
     correct pred='16' tokens=1039 visible=401 reason=- cost=- latency=49.4s
     correct pred='16' tokens=1575 visible=369 reason=- cost=- latency=48.4s
     correct pred='(1, 3, 3)' tokens=726 visible=189 reason=- cost=- latency=44.3s
     wrong   pred='The coordinates of \\(S\\) are \\((1, 3,...' tokens=1085 visible=184 reason=- cost=- latency=40.2s
     wrong   pred='\\( 4022 \\)' tokens=1374 visible=524 reason=- cost=- latency=42.2s
     wrong   pred='\\(-2011\\).' tokens=1557 visible=344 reason=- cost=- latency=44.1s
     wrong   pred='6' tokens=1642 visible=578 reason=- cost=- latency=53.8s
     wrong   pred='30' tokens=1674 visible=476 reason=- cost=- latency=57.7s
     wrong   pred='The only solutions are of the form \\(...' tokens=1274 visible=503 reason=- cost=- latency=63.8s
     wrong   pred='No other solutions exist besides the ...' tokens=1656 visible=405 reason=- cost=- latency=68.5s

==============================================================================
Result Overview
==============================================================================
output      : results/20260617_220034_trs-deepmath_oracle_ollama_qwen2.5:7b_k1-2
items       : 2000
total cost  : 0.000000
elapsed     : 34755.0s

+---+----------+----------+--------------------+---------+--------------+-------------+----------+------------+------------+-------------+----------+
| k | correct  | accuracy | bar                | mean in | mean visible | mean reason | mean out | mean total | reason sum | limit flags | cost     |
+---+----------+----------+--------------------+---------+--------------+-------------+----------+------------+------------+-------------+----------+
| 1 | 772/2000 | 38.6%    | #######........... | 542.7   | 397.0        | -           | 591.3    | 1134.0     | -          | 7           | 0.000000 |
| 2 | 833/2000 | 41.6%    | #######........... | 993.4   | 375.8        | -           | 567.3    | 1560.8     | -          | 4           | 0.000000 |
+---+----------+----------+--------------------+---------+--------------+-------------+----------+------------+------------+-------------+----------+

+------------------------+-------+
| transition             | items |
+------------------------+-------+
| improved by repetition | 259   |
| hurt by repetition     | 198   |
| stable correct         | 574   |
| stable wrong           | 969   |
+------------------------+-------+

+--------+------------+-------------------+------------------+
| delta  | acc change | mean token change | mean cost change |
+--------+------------+-------------------+------------------+
| 1_to_2 | 3.0%       | 426.7             | -                |
+--------+------------+-------------------+------------------+
==============================================================================
results/20260617_220034_trs-deepmath_oracle_ollama_qwen2.5:7b_k1-2
